tag,step,value
jax/core/compile/jaxpr_trace_duration,0,1780923136.0
jax/core/compile/jaxpr_trace_duration,0,1780923136.0
jax/core/compile/jaxpr_trace_duration,0,1780923136.0
jax/core/compile/jaxpr_trace_duration,0,1780923136.0
jax/core/compile/jaxpr_trace_duration,0,1780923136.0
jax/core/compile/jaxpr_trace_duration,0,1780923136.0
jax/core/compile/jaxpr_trace_duration,0,1780923136.0
jax/core/compile/jaxpr_trace_duration,0,1780923136.0
jax/core/compile/jaxpr_trace_duration,0,1780923136.0
jax/core/compile/jaxpr_trace_duration,0,1780923136.0
jax/core/compile/jaxpr_trace_duration,0,1780923136.0
jax/core/compile/jaxpr_trace_duration,0,1780923136.0
jax/core/compile/jaxpr_trace_duration,0,1780923136.0
jax/core/compile/jaxpr_trace_duration,0,1780923136.0
jax/core/compile/jaxpr_trace_duration,0,1780923136.0
jax/core/compile/jaxpr_trace_duration,0,1780923136.0
jax/core/compile/jaxpr_trace_duration,0,1780923136.0
jax/core/compile/jaxpr_trace_duration,0,1780923136.0
jax/core/compile/jaxpr_trace_duration,0,1780923136.0
jax/core/compile/jaxpr_trace_duration,0,1780923136.0
jax/core/compile/jaxpr_trace_duration,0,1780923136.0
jax/core/compile/jaxpr_trace_duration,0,1780923136.0
jax/core/compile/jaxpr_trace_duration,0,1780923136.0
jax/core/compile/jaxpr_trace_duration,0,1780923136.0
jax/core/compile/jaxpr_trace_duration,0,1780923136.0
jax/core/compile/jaxpr_trace_duration,0,1780923136.0
jax/core/compile/jaxpr_trace_duration,0,1780923136.0
jax/core/compile/jaxpr_trace_duration,0,1780923136.0
jax/core/compile/jaxpr_trace_duration,0,1780923136.0
jax/core/compile/jaxpr_trace_duration,0,1780923136.0
jax/core/compile/jaxpr_trace_duration,0,1780923136.0
jax/core/compile/jaxpr_trace_duration,0,1780923136.0
jax/core/compile/jaxpr_trace_duration,0,1780923136.0
jax/core/compile/jaxpr_trace_duration,0,1780923136.0
jax/core/compile/jaxpr_trace_duration,0,1780923136.0
jax/core/compile/jaxpr_trace_duration,0,1780923136.0
jax/core/compile/jaxpr_trace_duration,0,1780923136.0
jax/core/compile/jaxpr_trace_duration,0,1780923136.0
jax/core/compile/jaxpr_trace_duration,0,1780923136.0
jax/core/compile/jaxpr_trace_duration,0,1780923136.0
jax/core/compile/jaxpr_trace_duration,0,1780923136.0
jax/core/compile/jaxpr_trace_duration,0,1780923136.0
jax/core/compile/jaxpr_trace_duration,0,1780923136.0
jax/core/compile/jaxpr_trace_duration,0,1780923136.0
jax/core/compile/jaxpr_trace_duration,0,1780923264.0
jax/core/compile/jaxpr_trace_duration,0,1780923264.0
jax/core/compile/jaxpr_trace_duration,0,1780923264.0
jax/core/compile/jaxpr_trace_duration,0,1780923264.0
jax/core/compile/jaxpr_trace_duration,0,1780923264.0
jax/core/compile/jaxpr_trace_duration,0,1780923264.0
jax/core/compile/jaxpr_trace_duration,0,1780923264.0
jax/core/compile/jaxpr_trace_duration,0,1780923264.0
jax/core/compile/jaxpr_trace_duration,0,1780923264.0
jax/core/compile/jaxpr_trace_duration,0,1780923264.0
jax/core/compile/jaxpr_trace_duration,0,1780923264.0
jax/core/compile/jaxpr_trace_duration,0,1780923264.0
jax/core/compile/jaxpr_trace_duration,0,1780923264.0
jax/core/compile/jaxpr_trace_duration,0,1780923264.0
jax/core/compile/jaxpr_trace_duration,0,1780923264.0
jax/core/compile/jaxpr_trace_duration,0,1780923264.0
jax/core/compile/jaxpr_trace_duration,0,1780923264.0
jax/core/compile/jaxpr_trace_duration,0,1780923264.0
jax/core/compile/jaxpr_trace_duration,0,1780923264.0
jax/core/compile/jaxpr_trace_duration,0,1780923520.0
jax/core/compile/jaxpr_trace_duration,0,1780923520.0
jax/core/compile/jaxpr_trace_duration,0,1780923520.0
jax/core/compile/jaxpr_trace_duration,0,1780923520.0
jax/core/compile/jaxpr_trace_duration,0,1780923520.0
jax/core/compile/jaxpr_trace_duration,0,1780923520.0
jax/core/compile/jaxpr_trace_duration,0,1780923520.0
jax/core/compile/jaxpr_trace_duration,0,1780923520.0
jax/core/compile/jaxpr_trace_duration,0,1780923520.0
jax/core/compile/jaxpr_trace_duration,0,1780923520.0
jax/core/compile/jaxpr_trace_duration,0,1780923520.0
jax/core/compile/jaxpr_trace_duration,0,1780923520.0
jax/core/compile/jaxpr_trace_duration,0,1780923520.0
jax/core/compile/jaxpr_trace_duration,0,1780923520.0
jax/core/compile/jaxpr_trace_duration,0,1780923520.0
jax/core/compile/jaxpr_trace_duration,0,1780923520.0
jax/core/compile/jaxpr_trace_duration,0,1780923520.0
jax/core/compile/jaxpr_trace_duration,0,1780923520.0
jax/core/compile/jaxpr_trace_duration,0,1780923520.0
jax/core/compile/jaxpr_to_mlir_module_duration,0,1780923136.0
jax/core/compile/jaxpr_to_mlir_module_duration,0,1780923136.0
jax/core/compile/jaxpr_to_mlir_module_duration,0,1780923136.0
jax/core/compile/jaxpr_to_mlir_module_duration,0,1780923136.0
jax/core/compile/jaxpr_to_mlir_module_duration,0,1780923136.0
jax/core/compile/jaxpr_to_mlir_module_duration,0,1780923136.0
jax/core/compile/jaxpr_to_mlir_module_duration,0,1780923136.0
jax/core/compile/jaxpr_to_mlir_module_duration,0,1780923136.0
jax/core/compile/jaxpr_to_mlir_module_duration,0,1780923136.0
jax/core/compile/jaxpr_to_mlir_module_duration,0,1780923136.0
jax/core/compile/jaxpr_to_mlir_module_duration,0,1780923136.0
jax/core/compile/jaxpr_to_mlir_module_duration,0,1780923136.0
jax/core/compile/jaxpr_to_mlir_module_duration,0,1780923136.0
jax/core/compile/jaxpr_to_mlir_module_duration,0,1780923136.0
jax/core/compile/jaxpr_to_mlir_module_duration,0,1780923136.0
jax/core/compile/jaxpr_to_mlir_module_duration,0,1780923136.0
jax/core/compile/jaxpr_to_mlir_module_duration,0,1780923136.0
jax/core/compile/jaxpr_to_mlir_module_duration,0,1780923136.0
jax/core/compile/jaxpr_to_mlir_module_duration,0,1780923136.0
jax/core/compile/jaxpr_to_mlir_module_duration,0,1780923136.0
jax/core/compile/jaxpr_to_mlir_module_duration,0,1780923136.0
jax/core/compile/jaxpr_to_mlir_module_duration,0,1780923136.0
jax/core/compile/jaxpr_to_mlir_module_duration,0,1780923136.0
jax/core/compile/jaxpr_to_mlir_module_duration,0,1780923136.0
jax/core/compile/jaxpr_to_mlir_module_duration,0,1780923136.0
jax/core/compile/jaxpr_to_mlir_module_duration,0,1780923136.0
jax/core/compile/jaxpr_to_mlir_module_duration,0,1780923136.0
jax/core/compile/jaxpr_to_mlir_module_duration,0,1780923136.0
jax/core/compile/jaxpr_to_mlir_module_duration,0,1780923136.0
jax/core/compile/jaxpr_to_mlir_module_duration,0,1780923136.0
jax/core/compile/jaxpr_to_mlir_module_duration,0,1780923136.0
jax/core/compile/jaxpr_to_mlir_module_duration,0,1780923136.0
jax/core/compile/jaxpr_to_mlir_module_duration,0,1780923136.0
jax/core/compile/jaxpr_to_mlir_module_duration,0,1780923136.0
jax/core/compile/jaxpr_to_mlir_module_duration,0,1780923136.0
jax/core/compile/jaxpr_to_mlir_module_duration,0,1780923136.0
jax/core/compile/jaxpr_to_mlir_module_duration,0,1780923136.0
jax/core/compile/jaxpr_to_mlir_module_duration,0,1780923136.0
jax/core/compile/jaxpr_to_mlir_module_duration,0,1780923136.0
jax/core/compile/jaxpr_to_mlir_module_duration,0,1780923136.0
jax/core/compile/jaxpr_to_mlir_module_duration,0,1780923136.0
jax/core/compile/jaxpr_to_mlir_module_duration,0,1780923136.0
jax/core/compile/jaxpr_to_mlir_module_duration,0,1780923136.0
jax/core/compile/jaxpr_to_mlir_module_duration,0,1780923136.0
jax/core/compile/jaxpr_to_mlir_module_duration,0,1780923264.0
jax/core/compile/jaxpr_to_mlir_module_duration,0,1780923264.0
jax/core/compile/jaxpr_to_mlir_module_duration,0,1780923264.0
jax/core/compile/jaxpr_to_mlir_module_duration,0,1780923264.0
jax/core/compile/jaxpr_to_mlir_module_duration,0,1780923264.0
jax/core/compile/jaxpr_to_mlir_module_duration,0,1780923264.0
jax/core/compile/jaxpr_to_mlir_module_duration,0,1780923264.0
jax/core/compile/jaxpr_to_mlir_module_duration,0,1780923264.0
jax/core/compile/jaxpr_to_mlir_module_duration,0,1780923264.0
jax/core/compile/jaxpr_to_mlir_module_duration,0,1780923264.0
jax/core/compile/jaxpr_to_mlir_module_duration,0,1780923264.0
jax/core/compile/jaxpr_to_mlir_module_duration,0,1780923264.0
jax/core/compile/jaxpr_to_mlir_module_duration,0,1780923264.0
jax/core/compile/jaxpr_to_mlir_module_duration,0,1780923264.0
jax/core/compile/jaxpr_to_mlir_module_duration,0,1780923264.0
jax/core/compile/jaxpr_to_mlir_module_duration,0,1780923264.0
jax/core/compile/jaxpr_to_mlir_module_duration,0,1780923264.0
jax/core/compile/jaxpr_to_mlir_module_duration,0,1780923264.0
jax/core/compile/jaxpr_to_mlir_module_duration,0,1780923264.0
jax/core/compile/jaxpr_to_mlir_module_duration,0,1780923520.0
jax/core/compile/jaxpr_to_mlir_module_duration,0,1780923520.0
jax/core/compile/jaxpr_to_mlir_module_duration,0,1780923520.0
jax/core/compile/jaxpr_to_mlir_module_duration,0,1780923520.0
jax/core/compile/jaxpr_to_mlir_module_duration,0,1780923520.0
jax/core/compile/jaxpr_to_mlir_module_duration,0,1780923520.0
jax/core/compile/jaxpr_to_mlir_module_duration,0,1780923520.0
jax/core/compile/jaxpr_to_mlir_module_duration,0,1780923520.0
jax/core/compile/jaxpr_to_mlir_module_duration,0,1780923520.0
jax/core/compile/jaxpr_to_mlir_module_duration,0,1780923520.0
jax/core/compile/jaxpr_to_mlir_module_duration,0,1780923520.0
jax/core/compile/jaxpr_to_mlir_module_duration,0,1780923520.0
jax/core/compile/jaxpr_to_mlir_module_duration,0,1780923520.0
jax/core/compile/jaxpr_to_mlir_module_duration,0,1780923520.0
jax/core/compile/jaxpr_to_mlir_module_duration,0,1780923520.0
jax/core/compile/jaxpr_to_mlir_module_duration,0,1780923520.0
jax/core/compile/jaxpr_to_mlir_module_duration,0,1780923520.0
jax/core/compile/jaxpr_to_mlir_module_duration,0,1780923520.0
jax/core/compile/jaxpr_to_mlir_module_duration,0,1780923520.0
jax/core/compile/backend_compile_duration,0,1780923136.0
jax/core/compile/backend_compile_duration,0,1780923136.0
jax/core/compile/backend_compile_duration,0,1780923136.0
jax/core/compile/backend_compile_duration,0,1780923136.0
jax/core/compile/backend_compile_duration,0,1780923136.0
jax/core/compile/backend_compile_duration,0,1780923136.0
jax/core/compile/backend_compile_duration,0,1780923136.0
jax/core/compile/backend_compile_duration,0,1780923136.0
jax/core/compile/backend_compile_duration,0,1780923136.0
jax/core/compile/backend_compile_duration,0,1780923136.0
jax/core/compile/backend_compile_duration,0,1780923136.0
jax/core/compile/backend_compile_duration,0,1780923136.0
jax/core/compile/backend_compile_duration,0,1780923136.0
jax/core/compile/backend_compile_duration,0,1780923136.0
jax/core/compile/backend_compile_duration,0,1780923136.0
jax/core/compile/backend_compile_duration,0,1780923136.0
jax/core/compile/backend_compile_duration,0,1780923136.0
jax/core/compile/backend_compile_duration,0,1780923136.0
jax/core/compile/backend_compile_duration,0,1780923136.0
jax/core/compile/backend_compile_duration,0,1780923136.0
jax/core/compile/backend_compile_duration,0,1780923136.0
jax/core/compile/backend_compile_duration,0,1780923136.0
jax/core/compile/backend_compile_duration,0,1780923136.0
jax/core/compile/backend_compile_duration,0,1780923136.0
jax/core/compile/backend_compile_duration,0,1780923136.0
jax/core/compile/backend_compile_duration,0,1780923136.0
jax/core/compile/backend_compile_duration,0,1780923136.0
jax/core/compile/backend_compile_duration,0,1780923136.0
jax/core/compile/backend_compile_duration,0,1780923136.0
jax/core/compile/backend_compile_duration,0,1780923136.0
jax/core/compile/backend_compile_duration,0,1780923136.0
jax/core/compile/backend_compile_duration,0,1780923136.0
jax/core/compile/backend_compile_duration,0,1780923136.0
jax/core/compile/backend_compile_duration,0,1780923136.0
jax/core/compile/backend_compile_duration,0,1780923136.0
jax/core/compile/backend_compile_duration,0,1780923136.0
jax/core/compile/backend_compile_duration,0,1780923136.0
jax/core/compile/backend_compile_duration,0,1780923136.0
jax/core/compile/backend_compile_duration,0,1780923136.0
jax/core/compile/backend_compile_duration,0,1780923136.0
jax/core/compile/backend_compile_duration,0,1780923136.0
jax/core/compile/backend_compile_duration,0,1780923136.0
jax/core/compile/backend_compile_duration,0,1780923136.0
jax/core/compile/backend_compile_duration,0,1780923136.0
jax/core/compile/backend_compile_duration,0,1780923264.0
jax/core/compile/backend_compile_duration,0,1780923264.0
jax/core/compile/backend_compile_duration,0,1780923264.0
jax/core/compile/backend_compile_duration,0,1780923264.0
jax/core/compile/backend_compile_duration,0,1780923264.0
jax/core/compile/backend_compile_duration,0,1780923264.0
jax/core/compile/backend_compile_duration,0,1780923264.0
jax/core/compile/backend_compile_duration,0,1780923264.0
jax/core/compile/backend_compile_duration,0,1780923264.0
jax/core/compile/backend_compile_duration,0,1780923264.0
jax/core/compile/backend_compile_duration,0,1780923264.0
jax/core/compile/backend_compile_duration,0,1780923264.0
jax/core/compile/backend_compile_duration,0,1780923264.0
jax/core/compile/backend_compile_duration,0,1780923264.0
jax/core/compile/backend_compile_duration,0,1780923264.0
jax/core/compile/backend_compile_duration,0,1780923264.0
jax/core/compile/backend_compile_duration,0,1780923264.0
jax/core/compile/backend_compile_duration,0,1780923264.0
jax/core/compile/backend_compile_duration,0,1780923264.0
jax/core/compile/backend_compile_duration,0,1780923520.0
jax/core/compile/backend_compile_duration,0,1780923520.0
jax/core/compile/backend_compile_duration,0,1780923520.0
jax/core/compile/backend_compile_duration,0,1780923520.0
jax/core/compile/backend_compile_duration,0,1780923520.0
jax/core/compile/backend_compile_duration,0,1780923520.0
jax/core/compile/backend_compile_duration,0,1780923520.0
jax/core/compile/backend_compile_duration,0,1780923520.0
jax/core/compile/backend_compile_duration,0,1780923520.0
jax/core/compile/backend_compile_duration,0,1780923520.0
jax/core/compile/backend_compile_duration,0,1780923520.0
jax/core/compile/backend_compile_duration,0,1780923520.0
jax/core/compile/backend_compile_duration,0,1780923520.0
jax/core/compile/backend_compile_duration,0,1780923520.0
jax/core/compile/backend_compile_duration,0,1780923520.0
jax/core/compile/backend_compile_duration,0,1780923520.0
jax/core/compile/backend_compile_duration,0,1780923520.0
jax/core/compile/backend_compile_duration,0,1780923520.0
jax/core/compile/backend_compile_duration,0,1780923520.0
actor/eval/loss,0,0.0003225577238481492
actor/eval/loss,64,0.0002768378471955657
actor/eval/loss,128,0.0007747387862764299
actor/eval/loss,192,0.0033001808915287256
actor/eval/loss,256,0.008819200098514557
actor/eval/perplexity,0,1.0003225803375244
actor/eval/perplexity,64,1.0002769231796265
actor/eval/perplexity,128,1.0007749795913696
actor/eval/perplexity,192,1.0033056735992432
actor/eval/perplexity,256,1.0088582038879395
actor/eval/kl,0,0.004011583514511585
actor/eval/kl,64,0.003482863074168563
actor/eval/kl,128,0.0097073744982481
actor/eval/kl,192,0.04186651110649109
actor/eval/kl,256,0.1102614551782608
actor/eval/pg_clipfrac,0,0.0
actor/eval/pg_clipfrac,64,0.0
actor/eval/pg_clipfrac,128,0.0
actor/eval/pg_clipfrac,192,0.0
actor/eval/pg_clipfrac,256,0.0
jax/orbax/write/sharded_array_gb,0,0.0001220703125
jax/orbax/write/sharded_array_gb,0,0.0001373291015625
jax/orbax/write/sharded_array_gb,0,0.0001373291015625
jax/orbax/write/sharded_array_gb,0,6.103515625e-05
jax/orbax/write/sharded_array_gb,0,0.0001373291015625
jax/orbax/write/sharded_array_gb,0,0.0001220703125
jax/orbax/write/sharded_array_gb,0,0.000823974609375
jax/orbax/write/sharded_array_gb,0,0.0001373291015625
jax/orbax/write/sharded_array_gb,0,0.0001373291015625
jax/orbax/write/sharded_array_gb,0,0.000823974609375
jax/orbax/write/sharded_array_gb,0,0.0001373291015625
jax/orbax/write/sharded_array_gb,0,0.000823974609375
jax/orbax/write/sharded_array_gb,0,0.0001220703125
jax/orbax/write/sharded_array_gb,0,0.0001373291015625
jax/orbax/write/sharded_array_gb,0,0.0001373291015625
jax/orbax/write/sharded_array_gb,0,6.103515625e-05
jax/orbax/write/sharded_array_gb,0,0.0001373291015625
jax/orbax/write/sharded_array_gb,0,0.0001220703125
jax/orbax/write/sharded_array_gb,0,0.000823974609375
jax/orbax/write/sharded_array_gb,0,0.0001373291015625
jax/orbax/write/sharded_array_gb,0,0.0001373291015625
jax/orbax/write/sharded_array_gb,0,0.000823974609375
jax/orbax/write/sharded_array_gb,0,0.0001373291015625
jax/orbax/write/sharded_array_gb,0,0.000823974609375
jax/orbax/write/sharded_array_gb,0,0.0001220703125
jax/orbax/write/sharded_array_gb,0,0.0001373291015625
jax/orbax/write/sharded_array_gb,0,0.0001373291015625
jax/orbax/write/sharded_array_gb,0,6.103515625e-05
jax/orbax/write/sharded_array_gb,0,0.0001373291015625
jax/orbax/write/sharded_array_gb,0,0.0001220703125
jax/orbax/write/sharded_array_gb,0,0.000823974609375
jax/orbax/write/sharded_array_gb,0,0.0001373291015625
jax/orbax/write/sharded_array_gb,0,0.0001373291015625
jax/orbax/write/sharded_array_gb,0,0.000823974609375
jax/orbax/write/sharded_array_gb,0,0.0001373291015625
jax/orbax/write/sharded_array_gb,0,0.000823974609375
jax/orbax/write/sharded_array_gb,0,0.0001220703125
jax/orbax/write/sharded_array_gb,0,0.0001373291015625
jax/orbax/write/sharded_array_gb,0,0.0001373291015625
jax/orbax/write/sharded_array_gb,0,6.103515625e-05
jax/orbax/write/sharded_array_gb,0,0.0001373291015625
jax/orbax/write/sharded_array_gb,0,0.0001220703125
jax/orbax/write/sharded_array_gb,0,0.000823974609375
jax/orbax/write/sharded_array_gb,0,0.0001373291015625
jax/orbax/write/sharded_array_gb,0,0.0001373291015625
jax/orbax/write/sharded_array_gb,0,0.000823974609375
jax/orbax/write/sharded_array_gb,0,0.0001373291015625
jax/orbax/write/sharded_array_gb,0,0.000823974609375
jax/orbax/write/sharded_array_gb,0,0.0001220703125
jax/orbax/write/sharded_array_gb,0,0.0001373291015625
jax/orbax/write/sharded_array_gb,0,0.0001373291015625
jax/orbax/write/sharded_array_gb,0,6.103515625e-05
jax/orbax/write/sharded_array_gb,0,0.0001373291015625
jax/orbax/write/sharded_array_gb,0,0.0001220703125
jax/orbax/write/sharded_array_gb,0,0.000823974609375
jax/orbax/write/sharded_array_gb,0,0.0001373291015625
jax/orbax/write/sharded_array_gb,0,0.0001373291015625
jax/orbax/write/sharded_array_gb,0,0.000823974609375
jax/orbax/write/sharded_array_gb,0,0.0001373291015625
jax/orbax/write/sharded_array_gb,0,0.000823974609375
jax/orbax/write/sharded_array_gb,0,0.0001220703125
jax/orbax/write/sharded_array_gb,0,0.0001373291015625
jax/orbax/write/sharded_array_gb,0,0.0001373291015625
jax/orbax/write/sharded_array_gb,0,6.103515625e-05
jax/orbax/write/sharded_array_gb,0,0.0001373291015625
jax/orbax/write/sharded_array_gb,0,0.0001220703125
jax/orbax/write/sharded_array_gb,0,0.000823974609375
jax/orbax/write/sharded_array_gb,0,0.0001373291015625
jax/orbax/write/sharded_array_gb,0,0.0001373291015625
jax/orbax/write/sharded_array_gb,0,0.000823974609375
jax/orbax/write/sharded_array_gb,0,0.0001373291015625
jax/orbax/write/sharded_array_gb,0,0.000823974609375
jax/orbax/write/sharded_array_gb,0,0.0001220703125
jax/orbax/write/sharded_array_gb,0,0.0001373291015625
jax/orbax/write/sharded_array_gb,0,0.0001373291015625
jax/orbax/write/sharded_array_gb,0,6.103515625e-05
jax/orbax/write/sharded_array_gb,0,0.0001373291015625
jax/orbax/write/sharded_array_gb,0,0.0001220703125
jax/orbax/write/sharded_array_gb,0,0.000823974609375
jax/orbax/write/sharded_array_gb,0,0.0001373291015625
jax/orbax/write/sharded_array_gb,0,0.0001373291015625
jax/orbax/write/sharded_array_gb,0,0.000823974609375
jax/orbax/write/sharded_array_gb,0,0.0001373291015625
jax/orbax/write/sharded_array_gb,0,0.000823974609375
jax/orbax/write/sharded_array_gb,0,0.0001220703125
jax/orbax/write/sharded_array_gb,0,0.0001373291015625
jax/orbax/write/sharded_array_gb,0,0.0001373291015625
jax/orbax/write/sharded_array_gb,0,6.103515625e-05
jax/orbax/write/sharded_array_gb,0,0.0001373291015625
jax/orbax/write/sharded_array_gb,0,0.0001220703125
jax/orbax/write/sharded_array_gb,0,0.000823974609375
jax/orbax/write/sharded_array_gb,0,0.0001373291015625
jax/orbax/write/sharded_array_gb,0,0.0001373291015625
jax/orbax/write/sharded_array_gb,0,0.000823974609375
jax/orbax/write/sharded_array_gb,0,0.0001373291015625
jax/orbax/write/sharded_array_gb,0,0.000823974609375
jax/orbax/write/sharded_array_gb,0,0.0001220703125
jax/orbax/write/sharded_array_gb,0,0.0001373291015625
jax/orbax/write/sharded_array_gb,0,0.0001373291015625
jax/orbax/write/sharded_array_gb,0,6.103515625e-05
jax/orbax/write/sharded_array_gb,0,0.0001373291015625
jax/orbax/write/sharded_array_gb,0,0.0001220703125
jax/orbax/write/sharded_array_gb,0,0.000823974609375
jax/orbax/write/sharded_array_gb,0,0.0001373291015625
jax/orbax/write/sharded_array_gb,0,0.0001373291015625
jax/orbax/write/sharded_array_gb,0,0.000823974609375
jax/orbax/write/sharded_array_gb,0,0.0001373291015625
jax/orbax/write/sharded_array_gb,0,0.000823974609375
jax/orbax/write/sharded_array_gb,0,0.0001220703125
jax/orbax/write/sharded_array_gb,0,0.0001373291015625
jax/orbax/write/sharded_array_gb,0,0.0001373291015625
jax/orbax/write/sharded_array_gb,0,6.103515625e-05
jax/orbax/write/sharded_array_gb,0,0.0001373291015625
jax/orbax/write/sharded_array_gb,0,0.0001220703125
jax/orbax/write/sharded_array_gb,0,0.000823974609375
jax/orbax/write/sharded_array_gb,0,0.0001373291015625
jax/orbax/write/sharded_array_gb,0,0.0001373291015625
jax/orbax/write/sharded_array_gb,0,0.000823974609375
jax/orbax/write/sharded_array_gb,0,0.0001373291015625
jax/orbax/write/sharded_array_gb,0,0.000823974609375
jax/orbax/write/sharded_array_gb,0,0.0001220703125
jax/orbax/write/sharded_array_gb,0,0.0001373291015625
jax/orbax/write/sharded_array_gb,0,0.0001373291015625
jax/orbax/write/sharded_array_gb,0,6.103515625e-05
jax/orbax/write/sharded_array_gb,0,0.0001373291015625
jax/orbax/write/sharded_array_gb,0,0.0001220703125
jax/orbax/write/sharded_array_gb,0,0.000823974609375
jax/orbax/write/sharded_array_gb,0,0.0001373291015625
jax/orbax/write/sharded_array_gb,0,0.0001373291015625
jax/orbax/write/sharded_array_gb,0,0.000823974609375
jax/orbax/write/sharded_array_gb,0,0.0001373291015625
jax/orbax/write/sharded_array_gb,0,0.000823974609375
jax/orbax/write/sharded_array_gb,0,0.0001220703125
jax/orbax/write/sharded_array_gb,0,0.0001373291015625
jax/orbax/write/sharded_array_gb,0,0.0001373291015625
jax/orbax/write/sharded_array_gb,0,6.103515625e-05
jax/orbax/write/sharded_array_gb,0,0.0001373291015625
jax/orbax/write/sharded_array_gb,0,0.0001220703125
jax/orbax/write/sharded_array_gb,0,0.000823974609375
jax/orbax/write/sharded_array_gb,0,0.0001373291015625
jax/orbax/write/sharded_array_gb,0,0.0001373291015625
jax/orbax/write/sharded_array_gb,0,0.000823974609375
jax/orbax/write/sharded_array_gb,0,0.0001373291015625
jax/orbax/write/sharded_array_gb,0,0.000823974609375
jax/orbax/write/sharded_array_gb,0,0.0001220703125
jax/orbax/write/sharded_array_gb,0,0.0001373291015625
jax/orbax/write/sharded_array_gb,0,0.0001373291015625
jax/orbax/write/sharded_array_gb,0,6.103515625e-05
jax/orbax/write/sharded_array_gb,0,0.0001373291015625
jax/orbax/write/sharded_array_gb,0,0.0001220703125
jax/orbax/write/sharded_array_gb,0,0.000823974609375
jax/orbax/write/sharded_array_gb,0,0.0001373291015625
jax/orbax/write/sharded_array_gb,0,0.0001373291015625
jax/orbax/write/sharded_array_gb,0,0.000823974609375
jax/orbax/write/sharded_array_gb,0,0.0001373291015625
jax/orbax/write/sharded_array_gb,0,0.000823974609375
jax/orbax/write/sharded_array_gb,0,0.0001220703125
jax/orbax/write/sharded_array_gb,0,0.0001373291015625
jax/orbax/write/sharded_array_gb,0,0.0001373291015625
jax/orbax/write/sharded_array_gb,0,6.103515625e-05
jax/orbax/write/sharded_array_gb,0,0.0001373291015625
jax/orbax/write/sharded_array_gb,0,0.0001220703125
jax/orbax/write/sharded_array_gb,0,0.000823974609375
jax/orbax/write/sharded_array_gb,0,0.0001373291015625
jax/orbax/write/sharded_array_gb,0,0.0001373291015625
jax/orbax/write/sharded_array_gb,0,0.000823974609375
jax/orbax/write/sharded_array_gb,0,0.0001373291015625
jax/orbax/write/sharded_array_gb,0,0.000823974609375
jax/orbax/write/sharded_array_gb,0,0.0001220703125
jax/orbax/write/sharded_array_gb,0,0.0001373291015625
jax/orbax/write/sharded_array_gb,0,0.0001373291015625
jax/orbax/write/sharded_array_gb,0,6.103515625e-05
jax/orbax/write/sharded_array_gb,0,0.0001373291015625
jax/orbax/write/sharded_array_gb,0,0.0001220703125
jax/orbax/write/sharded_array_gb,0,0.000823974609375
jax/orbax/write/sharded_array_gb,0,0.0001373291015625
jax/orbax/write/sharded_array_gb,0,0.0001373291015625
jax/orbax/write/sharded_array_gb,0,0.000823974609375
jax/orbax/write/sharded_array_gb,0,0.0001373291015625
jax/orbax/write/sharded_array_gb,0,0.000823974609375
jax/orbax/write/sharded_array_gb,0,0.0001220703125
jax/orbax/write/sharded_array_gb,0,0.0001373291015625
jax/orbax/write/sharded_array_gb,0,0.0001373291015625
jax/orbax/write/sharded_array_gb,0,6.103515625e-05
jax/orbax/write/sharded_array_gb,0,0.0001373291015625
jax/orbax/write/sharded_array_gb,0,0.0001220703125
jax/orbax/write/sharded_array_gb,0,0.000823974609375
jax/orbax/write/sharded_array_gb,0,0.0001373291015625
jax/orbax/write/sharded_array_gb,0,0.0001373291015625
jax/orbax/write/sharded_array_gb,0,0.000823974609375
jax/orbax/write/sharded_array_gb,0,0.0001373291015625
jax/orbax/write/sharded_array_gb,0,0.000823974609375
jax/orbax/write/sharded_array_gb,0,0.0001220703125
jax/orbax/write/sharded_array_gb,0,0.0001373291015625
jax/orbax/write/sharded_array_gb,0,0.0001373291015625
jax/orbax/write/sharded_array_gb,0,6.103515625e-05
jax/orbax/write/sharded_array_gb,0,0.0001373291015625
jax/orbax/write/sharded_array_gb,0,0.0001220703125
jax/orbax/write/sharded_array_gb,0,0.000823974609375
jax/orbax/write/sharded_array_gb,0,0.0001373291015625
jax/orbax/write/sharded_array_gb,0,0.0001373291015625
jax/orbax/write/sharded_array_gb,0,0.000823974609375
jax/orbax/write/sharded_array_gb,0,0.0001373291015625
jax/orbax/write/sharded_array_gb,0,0.000823974609375
jax/orbax/write/sharded_array_gb,0,0.0001220703125
jax/orbax/write/sharded_array_gb,0,0.0001373291015625
jax/orbax/write/sharded_array_gb,0,0.0001373291015625
jax/orbax/write/sharded_array_gb,0,6.103515625e-05
jax/orbax/write/sharded_array_gb,0,0.0001373291015625
jax/orbax/write/sharded_array_gb,0,0.0001220703125
jax/orbax/write/sharded_array_gb,0,0.000823974609375
jax/orbax/write/sharded_array_gb,0,0.0001373291015625
jax/orbax/write/sharded_array_gb,0,0.0001373291015625
jax/orbax/write/sharded_array_gb,0,0.000823974609375
jax/orbax/write/sharded_array_gb,0,0.0001373291015625
jax/orbax/write/sharded_array_gb,0,0.000823974609375
jax/orbax/write/sharded_array_gb,0,0.0001220703125
jax/orbax/write/sharded_array_gb,0,0.0001373291015625
jax/orbax/write/sharded_array_gb,0,0.0001373291015625
jax/orbax/write/sharded_array_gb,0,6.103515625e-05
jax/orbax/write/sharded_array_gb,0,0.0001373291015625
jax/orbax/write/sharded_array_gb,0,0.0001220703125
jax/orbax/write/sharded_array_gb,0,0.000823974609375
jax/orbax/write/sharded_array_gb,0,0.0001373291015625
jax/orbax/write/sharded_array_gb,0,0.0001373291015625
jax/orbax/write/sharded_array_gb,0,0.000823974609375
jax/orbax/write/sharded_array_gb,0,0.0001373291015625
jax/orbax/write/sharded_array_gb,0,0.000823974609375
jax/orbax/write/sharded_array_gb,0,0.0001220703125
jax/orbax/write/sharded_array_gb,0,0.0001373291015625
jax/orbax/write/sharded_array_gb,0,0.0001373291015625
jax/orbax/write/sharded_array_gb,0,6.103515625e-05
jax/orbax/write/sharded_array_gb,0,0.0001373291015625
jax/orbax/write/sharded_array_gb,0,0.0001220703125
jax/orbax/write/sharded_array_gb,0,0.000823974609375
jax/orbax/write/sharded_array_gb,0,0.0001373291015625
jax/orbax/write/sharded_array_gb,0,0.0001373291015625
jax/orbax/write/sharded_array_gb,0,0.000823974609375
jax/orbax/write/sharded_array_gb,0,0.0001373291015625
jax/orbax/write/sharded_array_gb,0,0.000823974609375
jax/orbax/write/sharded_array_gb,0,0.0001220703125
jax/orbax/write/sharded_array_gb,0,0.0001373291015625
jax/orbax/write/sharded_array_gb,0,0.0001373291015625
jax/orbax/write/sharded_array_gb,0,6.103515625e-05
jax/orbax/write/sharded_array_gb,0,0.0001373291015625
jax/orbax/write/sharded_array_gb,0,0.0001220703125
jax/orbax/write/sharded_array_gb,0,0.000823974609375
jax/orbax/write/sharded_array_gb,0,0.0001373291015625
jax/orbax/write/sharded_array_gb,0,0.0001373291015625
jax/orbax/write/sharded_array_gb,0,0.000823974609375
jax/orbax/write/sharded_array_gb,0,0.0001373291015625
jax/orbax/write/sharded_array_gb,0,0.000823974609375
jax/orbax/write/sharded_array_gb,0,0.0001220703125
jax/orbax/write/sharded_array_gb,0,0.0001373291015625
jax/orbax/write/sharded_array_gb,0,0.0001373291015625
jax/orbax/write/sharded_array_gb,0,6.103515625e-05
jax/orbax/write/sharded_array_gb,0,0.0001373291015625
jax/orbax/write/sharded_array_gb,0,0.0001220703125
jax/orbax/write/sharded_array_gb,0,0.000823974609375
jax/orbax/write/sharded_array_gb,0,0.0001373291015625
jax/orbax/write/sharded_array_gb,0,0.0001373291015625
jax/orbax/write/sharded_array_gb,0,0.000823974609375
jax/orbax/write/sharded_array_gb,0,0.0001373291015625
jax/orbax/write/sharded_array_gb,0,0.000823974609375
jax/orbax/write/sharded_array_gb,0,0.0001220703125
jax/orbax/write/sharded_array_gb,0,0.0001373291015625
jax/orbax/write/sharded_array_gb,0,0.0001373291015625
jax/orbax/write/sharded_array_gb,0,6.103515625e-05
jax/orbax/write/sharded_array_gb,0,0.0001373291015625
jax/orbax/write/sharded_array_gb,0,0.0001220703125
jax/orbax/write/sharded_array_gb,0,0.000823974609375
jax/orbax/write/sharded_array_gb,0,0.0001373291015625
jax/orbax/write/sharded_array_gb,0,0.0001373291015625
jax/orbax/write/sharded_array_gb,0,0.000823974609375
jax/orbax/write/sharded_array_gb,0,0.0001373291015625
jax/orbax/write/sharded_array_gb,0,0.000823974609375
jax/orbax/write/sharded_array_gb,0,0.0001220703125
jax/orbax/write/sharded_array_gb,0,0.0001373291015625
jax/orbax/write/sharded_array_gb,0,0.0001373291015625
jax/orbax/write/sharded_array_gb,0,6.103515625e-05
jax/orbax/write/sharded_array_gb,0,0.0001373291015625
jax/orbax/write/sharded_array_gb,0,0.0001220703125
jax/orbax/write/sharded_array_gb,0,0.000823974609375
jax/orbax/write/sharded_array_gb,0,0.0001373291015625
jax/orbax/write/sharded_array_gb,0,0.0001373291015625
jax/orbax/write/sharded_array_gb,0,0.000823974609375
jax/orbax/write/sharded_array_gb,0,0.0001373291015625
jax/orbax/write/sharded_array_gb,0,0.000823974609375
jax/orbax/write/sharded_array_gb,0,0.0001220703125
jax/orbax/write/sharded_array_gb,0,0.0001373291015625
jax/orbax/write/sharded_array_gb,0,0.0001373291015625
jax/orbax/write/sharded_array_gb,0,6.103515625e-05
jax/orbax/write/sharded_array_gb,0,0.0001373291015625
jax/orbax/write/sharded_array_gb,0,0.0001220703125
jax/orbax/write/sharded_array_gb,0,0.000823974609375
jax/orbax/write/sharded_array_gb,0,0.0001373291015625
jax/orbax/write/sharded_array_gb,0,0.0001373291015625
jax/orbax/write/sharded_array_gb,0,0.000823974609375
jax/orbax/write/sharded_array_gb,0,0.0001373291015625
jax/orbax/write/sharded_array_gb,0,0.000823974609375
jax/orbax/write/sharded_array_gb,0,0.0001220703125
jax/orbax/write/sharded_array_gb,0,0.0001373291015625
jax/orbax/write/sharded_array_gb,0,0.0001373291015625
jax/orbax/write/sharded_array_gb,0,6.103515625e-05
jax/orbax/write/sharded_array_gb,0,0.0001373291015625
jax/orbax/write/sharded_array_gb,0,0.0001220703125
jax/orbax/write/sharded_array_gb,0,0.000823974609375
jax/orbax/write/sharded_array_gb,0,0.0001373291015625
jax/orbax/write/sharded_array_gb,0,0.0001373291015625
jax/orbax/write/sharded_array_gb,0,0.000823974609375
jax/orbax/write/sharded_array_gb,0,0.0001373291015625
jax/orbax/write/sharded_array_gb,0,0.000823974609375
jax/orbax/write/sharded_array_gb,0,0.000244140625
jax/orbax/write/sharded_array_gb,0,0.000274658203125
jax/orbax/write/sharded_array_gb,0,0.000274658203125
jax/orbax/write/sharded_array_gb,0,0.0001220703125
jax/orbax/write/sharded_array_gb,0,0.000274658203125
jax/orbax/write/sharded_array_gb,0,0.000244140625
jax/orbax/write/sharded_array_gb,0,0.00164794921875
jax/orbax/write/sharded_array_gb,0,0.000274658203125
jax/orbax/write/sharded_array_gb,0,0.000274658203125
jax/orbax/write/sharded_array_gb,0,0.00164794921875
jax/orbax/write/sharded_array_gb,0,0.000274658203125
jax/orbax/write/sharded_array_gb,0,0.00164794921875
jax/orbax/write/sharded_array_gb,0,0.000244140625
jax/orbax/write/sharded_array_gb,0,0.000274658203125
jax/orbax/write/sharded_array_gb,0,0.000274658203125
jax/orbax/write/sharded_array_gb,0,0.0001220703125
jax/orbax/write/sharded_array_gb,0,0.000274658203125
jax/orbax/write/sharded_array_gb,0,0.000244140625
jax/orbax/write/sharded_array_gb,0,0.00164794921875
jax/orbax/write/sharded_array_gb,0,0.000274658203125
jax/orbax/write/sharded_array_gb,0,0.000274658203125
jax/orbax/write/sharded_array_gb,0,0.00164794921875
jax/orbax/write/sharded_array_gb,0,0.000274658203125
jax/orbax/write/sharded_array_gb,0,0.00164794921875
jax/orbax/write/sharded_array_gb,0,0.000244140625
jax/orbax/write/sharded_array_gb,0,0.000274658203125
jax/orbax/write/sharded_array_gb,0,0.000274658203125
jax/orbax/write/sharded_array_gb,0,0.0001220703125
jax/orbax/write/sharded_array_gb,0,0.000274658203125
jax/orbax/write/sharded_array_gb,0,0.000244140625
jax/orbax/write/sharded_array_gb,0,0.00164794921875
jax/orbax/write/sharded_array_gb,0,0.000274658203125
jax/orbax/write/sharded_array_gb,0,0.000274658203125
jax/orbax/write/sharded_array_gb,0,0.00164794921875
jax/orbax/write/sharded_array_gb,0,0.000274658203125
jax/orbax/write/sharded_array_gb,0,0.00164794921875
jax/orbax/write/sharded_array_gb,0,0.000244140625
jax/orbax/write/sharded_array_gb,0,0.000274658203125
jax/orbax/write/sharded_array_gb,0,0.000274658203125
jax/orbax/write/sharded_array_gb,0,0.0001220703125
jax/orbax/write/sharded_array_gb,0,0.000274658203125
jax/orbax/write/sharded_array_gb,0,0.000244140625
jax/orbax/write/sharded_array_gb,0,0.00164794921875
jax/orbax/write/sharded_array_gb,0,0.000274658203125
jax/orbax/write/sharded_array_gb,0,0.000274658203125
jax/orbax/write/sharded_array_gb,0,0.00164794921875
jax/orbax/write/sharded_array_gb,0,0.000274658203125
jax/orbax/write/sharded_array_gb,0,0.00164794921875
jax/orbax/write/sharded_array_gb,0,0.000244140625
jax/orbax/write/sharded_array_gb,0,0.000274658203125
jax/orbax/write/sharded_array_gb,0,0.000274658203125
jax/orbax/write/sharded_array_gb,0,0.0001220703125
jax/orbax/write/sharded_array_gb,0,0.000274658203125
jax/orbax/write/sharded_array_gb,0,0.000244140625
jax/orbax/write/sharded_array_gb,0,0.00164794921875
jax/orbax/write/sharded_array_gb,0,0.000274658203125
jax/orbax/write/sharded_array_gb,0,0.000274658203125
jax/orbax/write/sharded_array_gb,0,0.00164794921875
jax/orbax/write/sharded_array_gb,0,0.000274658203125
jax/orbax/write/sharded_array_gb,0,0.00164794921875
jax/orbax/write/sharded_array_gb,0,0.000244140625
jax/orbax/write/sharded_array_gb,0,0.000274658203125
jax/orbax/write/sharded_array_gb,0,0.000274658203125
jax/orbax/write/sharded_array_gb,0,0.0001220703125
jax/orbax/write/sharded_array_gb,0,0.000274658203125
jax/orbax/write/sharded_array_gb,0,0.000244140625
jax/orbax/write/sharded_array_gb,0,0.00164794921875
jax/orbax/write/sharded_array_gb,0,0.000274658203125
jax/orbax/write/sharded_array_gb,0,0.000274658203125
jax/orbax/write/sharded_array_gb,0,0.00164794921875
jax/orbax/write/sharded_array_gb,0,0.000274658203125
jax/orbax/write/sharded_array_gb,0,0.00164794921875
jax/orbax/write/sharded_array_gb,0,0.000244140625
jax/orbax/write/sharded_array_gb,0,0.000274658203125
jax/orbax/write/sharded_array_gb,0,0.000274658203125
jax/orbax/write/sharded_array_gb,0,0.0001220703125
jax/orbax/write/sharded_array_gb,0,0.000274658203125
jax/orbax/write/sharded_array_gb,0,0.000244140625
jax/orbax/write/sharded_array_gb,0,0.00164794921875
jax/orbax/write/sharded_array_gb,0,0.000274658203125
jax/orbax/write/sharded_array_gb,0,0.000274658203125
jax/orbax/write/sharded_array_gb,0,0.00164794921875
jax/orbax/write/sharded_array_gb,0,0.000274658203125
jax/orbax/write/sharded_array_gb,0,0.00164794921875
jax/orbax/write/sharded_array_gb,0,0.000244140625
jax/orbax/write/sharded_array_gb,0,0.000274658203125
jax/orbax/write/sharded_array_gb,0,0.000274658203125
jax/orbax/write/sharded_array_gb,0,0.0001220703125
jax/orbax/write/sharded_array_gb,0,0.000274658203125
jax/orbax/write/sharded_array_gb,0,0.000244140625
jax/orbax/write/sharded_array_gb,0,0.00164794921875
jax/orbax/write/sharded_array_gb,0,0.000274658203125
jax/orbax/write/sharded_array_gb,0,0.000274658203125
jax/orbax/write/sharded_array_gb,0,0.00164794921875
jax/orbax/write/sharded_array_gb,0,0.000274658203125
jax/orbax/write/sharded_array_gb,0,0.00164794921875
jax/orbax/write/sharded_array_gb,0,0.000244140625
jax/orbax/write/sharded_array_gb,0,0.000274658203125
jax/orbax/write/sharded_array_gb,0,0.000274658203125
jax/orbax/write/sharded_array_gb,0,0.0001220703125
jax/orbax/write/sharded_array_gb,0,0.000274658203125
jax/orbax/write/sharded_array_gb,0,0.000244140625
jax/orbax/write/sharded_array_gb,0,0.00164794921875
jax/orbax/write/sharded_array_gb,0,0.000274658203125
jax/orbax/write/sharded_array_gb,0,0.000274658203125
jax/orbax/write/sharded_array_gb,0,0.00164794921875
jax/orbax/write/sharded_array_gb,0,0.000274658203125
jax/orbax/write/sharded_array_gb,0,0.00164794921875
jax/orbax/write/sharded_array_gb,0,0.000244140625
jax/orbax/write/sharded_array_gb,0,0.000274658203125
jax/orbax/write/sharded_array_gb,0,0.000274658203125
jax/orbax/write/sharded_array_gb,0,0.0001220703125
jax/orbax/write/sharded_array_gb,0,0.000274658203125
jax/orbax/write/sharded_array_gb,0,0.000244140625
jax/orbax/write/sharded_array_gb,0,0.00164794921875
jax/orbax/write/sharded_array_gb,0,0.000274658203125
jax/orbax/write/sharded_array_gb,0,0.000274658203125
jax/orbax/write/sharded_array_gb,0,0.00164794921875
jax/orbax/write/sharded_array_gb,0,0.000274658203125
jax/orbax/write/sharded_array_gb,0,0.00164794921875
jax/orbax/write/sharded_array_gb,0,0.000244140625
jax/orbax/write/sharded_array_gb,0,0.000274658203125
jax/orbax/write/sharded_array_gb,0,0.000274658203125
jax/orbax/write/sharded_array_gb,0,0.0001220703125
jax/orbax/write/sharded_array_gb,0,0.000274658203125
jax/orbax/write/sharded_array_gb,0,0.000244140625
jax/orbax/write/sharded_array_gb,0,0.00164794921875
jax/orbax/write/sharded_array_gb,0,0.000274658203125
jax/orbax/write/sharded_array_gb,0,0.000274658203125
jax/orbax/write/sharded_array_gb,0,0.00164794921875
jax/orbax/write/sharded_array_gb,0,0.000274658203125
jax/orbax/write/sharded_array_gb,0,0.00164794921875
jax/orbax/write/sharded_array_gb,0,0.000244140625
jax/orbax/write/sharded_array_gb,0,0.000274658203125
jax/orbax/write/sharded_array_gb,0,0.000274658203125
jax/orbax/write/sharded_array_gb,0,0.0001220703125
jax/orbax/write/sharded_array_gb,0,0.000274658203125
jax/orbax/write/sharded_array_gb,0,0.000244140625
jax/orbax/write/sharded_array_gb,0,0.00164794921875
jax/orbax/write/sharded_array_gb,0,0.000274658203125
jax/orbax/write/sharded_array_gb,0,0.000274658203125
jax/orbax/write/sharded_array_gb,0,0.00164794921875
jax/orbax/write/sharded_array_gb,0,0.000274658203125
jax/orbax/write/sharded_array_gb,0,0.00164794921875
jax/orbax/write/sharded_array_gb,0,0.000244140625
jax/orbax/write/sharded_array_gb,0,0.000274658203125
jax/orbax/write/sharded_array_gb,0,0.000274658203125
jax/orbax/write/sharded_array_gb,0,0.0001220703125
jax/orbax/write/sharded_array_gb,0,0.000274658203125
jax/orbax/write/sharded_array_gb,0,0.000244140625
jax/orbax/write/sharded_array_gb,0,0.00164794921875
jax/orbax/write/sharded_array_gb,0,0.000274658203125
jax/orbax/write/sharded_array_gb,0,0.000274658203125
jax/orbax/write/sharded_array_gb,0,0.00164794921875
jax/orbax/write/sharded_array_gb,0,0.000274658203125
jax/orbax/write/sharded_array_gb,0,0.00164794921875
jax/orbax/write/sharded_array_gb,0,0.000244140625
jax/orbax/write/sharded_array_gb,0,0.000274658203125
jax/orbax/write/sharded_array_gb,0,0.000274658203125
jax/orbax/write/sharded_array_gb,0,0.0001220703125
jax/orbax/write/sharded_array_gb,0,0.000274658203125
jax/orbax/write/sharded_array_gb,0,0.000244140625
jax/orbax/write/sharded_array_gb,0,0.00164794921875
jax/orbax/write/sharded_array_gb,0,0.000274658203125
jax/orbax/write/sharded_array_gb,0,0.000274658203125
jax/orbax/write/sharded_array_gb,0,0.00164794921875
jax/orbax/write/sharded_array_gb,0,0.000274658203125
jax/orbax/write/sharded_array_gb,0,0.00164794921875
jax/orbax/write/sharded_array_gb,0,0.000244140625
jax/orbax/write/sharded_array_gb,0,0.000274658203125
jax/orbax/write/sharded_array_gb,0,0.000274658203125
jax/orbax/write/sharded_array_gb,0,0.0001220703125
jax/orbax/write/sharded_array_gb,0,0.000274658203125
jax/orbax/write/sharded_array_gb,0,0.000244140625
jax/orbax/write/sharded_array_gb,0,0.00164794921875
jax/orbax/write/sharded_array_gb,0,0.000274658203125
jax/orbax/write/sharded_array_gb,0,0.000274658203125
jax/orbax/write/sharded_array_gb,0,0.00164794921875
jax/orbax/write/sharded_array_gb,0,0.000274658203125
jax/orbax/write/sharded_array_gb,0,0.00164794921875
jax/orbax/write/sharded_array_gb,0,0.000244140625
jax/orbax/write/sharded_array_gb,0,0.000274658203125
jax/orbax/write/sharded_array_gb,0,0.000274658203125
jax/orbax/write/sharded_array_gb,0,0.0001220703125
jax/orbax/write/sharded_array_gb,0,0.000274658203125
jax/orbax/write/sharded_array_gb,0,0.000244140625
jax/orbax/write/sharded_array_gb,0,0.00164794921875
jax/orbax/write/sharded_array_gb,0,0.000274658203125
jax/orbax/write/sharded_array_gb,0,0.000274658203125
jax/orbax/write/sharded_array_gb,0,0.00164794921875
jax/orbax/write/sharded_array_gb,0,0.000274658203125
jax/orbax/write/sharded_array_gb,0,0.00164794921875
jax/orbax/write/sharded_array_gb,0,0.000244140625
jax/orbax/write/sharded_array_gb,0,0.000274658203125
jax/orbax/write/sharded_array_gb,0,0.000274658203125
jax/orbax/write/sharded_array_gb,0,0.0001220703125
jax/orbax/write/sharded_array_gb,0,0.000274658203125
jax/orbax/write/sharded_array_gb,0,0.000244140625
jax/orbax/write/sharded_array_gb,0,0.00164794921875
jax/orbax/write/sharded_array_gb,0,0.000274658203125
jax/orbax/write/sharded_array_gb,0,0.000274658203125
jax/orbax/write/sharded_array_gb,0,0.00164794921875
jax/orbax/write/sharded_array_gb,0,0.000274658203125
jax/orbax/write/sharded_array_gb,0,0.00164794921875
jax/orbax/write/sharded_array_gb,0,0.000244140625
jax/orbax/write/sharded_array_gb,0,0.000274658203125
jax/orbax/write/sharded_array_gb,0,0.000274658203125
jax/orbax/write/sharded_array_gb,0,0.0001220703125
jax/orbax/write/sharded_array_gb,0,0.000274658203125
jax/orbax/write/sharded_array_gb,0,0.000244140625
jax/orbax/write/sharded_array_gb,0,0.00164794921875
jax/orbax/write/sharded_array_gb,0,0.000274658203125
jax/orbax/write/sharded_array_gb,0,0.000274658203125
jax/orbax/write/sharded_array_gb,0,0.00164794921875
jax/orbax/write/sharded_array_gb,0,0.000274658203125
jax/orbax/write/sharded_array_gb,0,0.00164794921875
jax/orbax/write/sharded_array_gb,0,0.000244140625
jax/orbax/write/sharded_array_gb,0,0.000274658203125
jax/orbax/write/sharded_array_gb,0,0.000274658203125
jax/orbax/write/sharded_array_gb,0,0.0001220703125
jax/orbax/write/sharded_array_gb,0,0.000274658203125
jax/orbax/write/sharded_array_gb,0,0.000244140625
jax/orbax/write/sharded_array_gb,0,0.00164794921875
jax/orbax/write/sharded_array_gb,0,0.000274658203125
jax/orbax/write/sharded_array_gb,0,0.000274658203125
jax/orbax/write/sharded_array_gb,0,0.00164794921875
jax/orbax/write/sharded_array_gb,0,0.000274658203125
jax/orbax/write/sharded_array_gb,0,0.00164794921875
jax/orbax/write/sharded_array_gb,0,0.000244140625
jax/orbax/write/sharded_array_gb,0,0.000274658203125
jax/orbax/write/sharded_array_gb,0,0.000274658203125
jax/orbax/write/sharded_array_gb,0,0.0001220703125
jax/orbax/write/sharded_array_gb,0,0.000274658203125
jax/orbax/write/sharded_array_gb,0,0.000244140625
jax/orbax/write/sharded_array_gb,0,0.00164794921875
jax/orbax/write/sharded_array_gb,0,0.000274658203125
jax/orbax/write/sharded_array_gb,0,0.000274658203125
jax/orbax/write/sharded_array_gb,0,0.00164794921875
jax/orbax/write/sharded_array_gb,0,0.000274658203125
jax/orbax/write/sharded_array_gb,0,0.00164794921875
jax/orbax/write/sharded_array_gb,0,0.000244140625
jax/orbax/write/sharded_array_gb,0,0.000274658203125
jax/orbax/write/sharded_array_gb,0,0.000274658203125
jax/orbax/write/sharded_array_gb,0,0.0001220703125
jax/orbax/write/sharded_array_gb,0,0.000274658203125
jax/orbax/write/sharded_array_gb,0,0.000244140625
jax/orbax/write/sharded_array_gb,0,0.00164794921875
jax/orbax/write/sharded_array_gb,0,0.000274658203125
jax/orbax/write/sharded_array_gb,0,0.000274658203125
jax/orbax/write/sharded_array_gb,0,0.00164794921875
jax/orbax/write/sharded_array_gb,0,0.000274658203125
jax/orbax/write/sharded_array_gb,0,0.00164794921875
jax/orbax/write/sharded_array_gb,0,0.000244140625
jax/orbax/write/sharded_array_gb,0,0.000274658203125
jax/orbax/write/sharded_array_gb,0,0.000274658203125
jax/orbax/write/sharded_array_gb,0,0.0001220703125
jax/orbax/write/sharded_array_gb,0,0.000274658203125
jax/orbax/write/sharded_array_gb,0,0.000244140625
jax/orbax/write/sharded_array_gb,0,0.00164794921875
jax/orbax/write/sharded_array_gb,0,0.000274658203125
jax/orbax/write/sharded_array_gb,0,0.000274658203125
jax/orbax/write/sharded_array_gb,0,0.00164794921875
jax/orbax/write/sharded_array_gb,0,0.000274658203125
jax/orbax/write/sharded_array_gb,0,0.00164794921875
jax/orbax/write/sharded_array_gb,0,0.000244140625
jax/orbax/write/sharded_array_gb,0,0.000274658203125
jax/orbax/write/sharded_array_gb,0,0.000274658203125
jax/orbax/write/sharded_array_gb,0,0.0001220703125
jax/orbax/write/sharded_array_gb,0,0.000274658203125
jax/orbax/write/sharded_array_gb,0,0.000244140625
jax/orbax/write/sharded_array_gb,0,0.00164794921875
jax/orbax/write/sharded_array_gb,0,0.000274658203125
jax/orbax/write/sharded_array_gb,0,0.000274658203125
jax/orbax/write/sharded_array_gb,0,0.00164794921875
jax/orbax/write/sharded_array_gb,0,0.000274658203125
jax/orbax/write/sharded_array_gb,0,0.00164794921875
jax/orbax/write/sharded_array_gb,0,0.000244140625
jax/orbax/write/sharded_array_gb,0,0.000274658203125
jax/orbax/write/sharded_array_gb,0,0.000274658203125
jax/orbax/write/sharded_array_gb,0,0.0001220703125
jax/orbax/write/sharded_array_gb,0,0.000274658203125
jax/orbax/write/sharded_array_gb,0,0.000244140625
jax/orbax/write/sharded_array_gb,0,0.00164794921875
jax/orbax/write/sharded_array_gb,0,0.000274658203125
jax/orbax/write/sharded_array_gb,0,0.000274658203125
jax/orbax/write/sharded_array_gb,0,0.00164794921875
jax/orbax/write/sharded_array_gb,0,0.000274658203125
jax/orbax/write/sharded_array_gb,0,0.00164794921875
jax/orbax/write/sharded_array_gb,0,0.000244140625
jax/orbax/write/sharded_array_gb,0,0.000274658203125
jax/orbax/write/sharded_array_gb,0,0.000274658203125
jax/orbax/write/sharded_array_gb,0,0.0001220703125
jax/orbax/write/sharded_array_gb,0,0.000274658203125
jax/orbax/write/sharded_array_gb,0,0.000244140625
jax/orbax/write/sharded_array_gb,0,0.00164794921875
jax/orbax/write/sharded_array_gb,0,0.000274658203125
jax/orbax/write/sharded_array_gb,0,0.000274658203125
jax/orbax/write/sharded_array_gb,0,0.00164794921875
jax/orbax/write/sharded_array_gb,0,0.000274658203125
jax/orbax/write/sharded_array_gb,0,0.00164794921875
jax/orbax/write/sharded_array_gb,0,0.000244140625
jax/orbax/write/sharded_array_gb,0,0.000274658203125
jax/orbax/write/sharded_array_gb,0,0.000274658203125
jax/orbax/write/sharded_array_gb,0,0.0001220703125
jax/orbax/write/sharded_array_gb,0,0.000274658203125
jax/orbax/write/sharded_array_gb,0,0.000244140625
jax/orbax/write/sharded_array_gb,0,0.00164794921875
jax/orbax/write/sharded_array_gb,0,0.000274658203125
jax/orbax/write/sharded_array_gb,0,0.000274658203125
jax/orbax/write/sharded_array_gb,0,0.00164794921875
jax/orbax/write/sharded_array_gb,0,0.000274658203125
jax/orbax/write/sharded_array_gb,0,0.00164794921875
jax/orbax/write/sharded_array_gb,0,3.725290298461914e-09
jax/orbax/write/sharded_array_gb,0,3.725290298461914e-09
jax/orbax/write/sharded_array_gb,0,0.0001220703125
jax/orbax/write/sharded_array_gb,0,0.0001373291015625
jax/orbax/write/sharded_array_gb,0,0.0001373291015625
jax/orbax/write/sharded_array_gb,0,6.103515625e-05
jax/orbax/write/sharded_array_gb,0,0.0001373291015625
jax/orbax/write/sharded_array_gb,0,0.0001220703125
jax/orbax/write/sharded_array_gb,0,0.000823974609375
jax/orbax/write/sharded_array_gb,0,0.0001373291015625
jax/orbax/write/sharded_array_gb,0,0.0001373291015625
jax/orbax/write/sharded_array_gb,0,0.000823974609375
jax/orbax/write/sharded_array_gb,0,0.0001373291015625
jax/orbax/write/sharded_array_gb,0,0.000823974609375
jax/orbax/write/sharded_array_gb,0,0.0001220703125
jax/orbax/write/sharded_array_gb,0,0.0001373291015625
jax/orbax/write/sharded_array_gb,0,0.0001373291015625
jax/orbax/write/sharded_array_gb,0,6.103515625e-05
jax/orbax/write/sharded_array_gb,0,0.0001373291015625
jax/orbax/write/sharded_array_gb,0,0.0001220703125
jax/orbax/write/sharded_array_gb,0,0.000823974609375
jax/orbax/write/sharded_array_gb,0,0.0001373291015625
jax/orbax/write/sharded_array_gb,0,0.0001373291015625
jax/orbax/write/sharded_array_gb,0,0.000823974609375
jax/orbax/write/sharded_array_gb,0,0.0001373291015625
jax/orbax/write/sharded_array_gb,0,0.000823974609375
jax/orbax/write/sharded_array_gb,0,0.0001220703125
jax/orbax/write/sharded_array_gb,0,0.0001373291015625
jax/orbax/write/sharded_array_gb,0,0.0001373291015625
jax/orbax/write/sharded_array_gb,0,6.103515625e-05
jax/orbax/write/sharded_array_gb,0,0.0001373291015625
jax/orbax/write/sharded_array_gb,0,0.0001220703125
jax/orbax/write/sharded_array_gb,0,0.000823974609375
jax/orbax/write/sharded_array_gb,0,0.0001373291015625
jax/orbax/write/sharded_array_gb,0,0.0001373291015625
jax/orbax/write/sharded_array_gb,0,0.000823974609375
jax/orbax/write/sharded_array_gb,0,0.0001373291015625
jax/orbax/write/sharded_array_gb,0,0.000823974609375
jax/orbax/write/sharded_array_gb,0,0.0001220703125
jax/orbax/write/sharded_array_gb,0,0.0001373291015625
jax/orbax/write/sharded_array_gb,0,0.0001373291015625
jax/orbax/write/sharded_array_gb,0,6.103515625e-05
jax/orbax/write/sharded_array_gb,0,0.0001373291015625
jax/orbax/write/sharded_array_gb,0,0.0001220703125
jax/orbax/write/sharded_array_gb,0,0.000823974609375
jax/orbax/write/sharded_array_gb,0,0.0001373291015625
jax/orbax/write/sharded_array_gb,0,0.0001373291015625
jax/orbax/write/sharded_array_gb,0,0.000823974609375
jax/orbax/write/sharded_array_gb,0,0.0001373291015625
jax/orbax/write/sharded_array_gb,0,0.000823974609375
jax/orbax/write/sharded_array_gb,0,0.0001220703125
jax/orbax/write/sharded_array_gb,0,0.0001373291015625
jax/orbax/write/sharded_array_gb,0,0.0001373291015625
jax/orbax/write/sharded_array_gb,0,6.103515625e-05
jax/orbax/write/sharded_array_gb,0,0.0001373291015625
jax/orbax/write/sharded_array_gb,0,0.0001220703125
jax/orbax/write/sharded_array_gb,0,0.000823974609375
jax/orbax/write/sharded_array_gb,0,0.0001373291015625
jax/orbax/write/sharded_array_gb,0,0.0001373291015625
jax/orbax/write/sharded_array_gb,0,0.000823974609375
jax/orbax/write/sharded_array_gb,0,0.0001373291015625
jax/orbax/write/sharded_array_gb,0,0.000823974609375
jax/orbax/write/sharded_array_gb,0,0.0001220703125
jax/orbax/write/sharded_array_gb,0,0.0001373291015625
jax/orbax/write/sharded_array_gb,0,0.0001373291015625
jax/orbax/write/sharded_array_gb,0,6.103515625e-05
jax/orbax/write/sharded_array_gb,0,0.0001373291015625
jax/orbax/write/sharded_array_gb,0,0.0001220703125
jax/orbax/write/sharded_array_gb,0,0.000823974609375
jax/orbax/write/sharded_array_gb,0,0.0001373291015625
jax/orbax/write/sharded_array_gb,0,0.0001373291015625
jax/orbax/write/sharded_array_gb,0,0.000823974609375
jax/orbax/write/sharded_array_gb,0,0.0001373291015625
jax/orbax/write/sharded_array_gb,0,0.000823974609375
jax/orbax/write/sharded_array_gb,0,0.0001220703125
jax/orbax/write/sharded_array_gb,0,0.0001373291015625
jax/orbax/write/sharded_array_gb,0,0.0001373291015625
jax/orbax/write/sharded_array_gb,0,6.103515625e-05
jax/orbax/write/sharded_array_gb,0,0.0001373291015625
jax/orbax/write/sharded_array_gb,0,0.0001220703125
jax/orbax/write/sharded_array_gb,0,0.000823974609375
jax/orbax/write/sharded_array_gb,0,0.0001373291015625
jax/orbax/write/sharded_array_gb,0,0.0001373291015625
jax/orbax/write/sharded_array_gb,0,0.000823974609375
jax/orbax/write/sharded_array_gb,0,0.0001373291015625
jax/orbax/write/sharded_array_gb,0,0.000823974609375
jax/orbax/write/sharded_array_gb,0,0.0001220703125
jax/orbax/write/sharded_array_gb,0,0.0001373291015625
jax/orbax/write/sharded_array_gb,0,0.0001373291015625
jax/orbax/write/sharded_array_gb,0,6.103515625e-05
jax/orbax/write/sharded_array_gb,0,0.0001373291015625
jax/orbax/write/sharded_array_gb,0,0.0001220703125
jax/orbax/write/sharded_array_gb,0,0.000823974609375
jax/orbax/write/sharded_array_gb,0,0.0001373291015625
jax/orbax/write/sharded_array_gb,0,0.0001373291015625
jax/orbax/write/sharded_array_gb,0,0.000823974609375
jax/orbax/write/sharded_array_gb,0,0.0001373291015625
jax/orbax/write/sharded_array_gb,0,0.000823974609375
jax/orbax/write/sharded_array_gb,0,0.0001220703125
jax/orbax/write/sharded_array_gb,0,0.0001373291015625
jax/orbax/write/sharded_array_gb,0,0.0001373291015625
jax/orbax/write/sharded_array_gb,0,6.103515625e-05
jax/orbax/write/sharded_array_gb,0,0.0001373291015625
jax/orbax/write/sharded_array_gb,0,0.0001220703125
jax/orbax/write/sharded_array_gb,0,0.000823974609375
jax/orbax/write/sharded_array_gb,0,0.0001373291015625
jax/orbax/write/sharded_array_gb,0,0.0001373291015625
jax/orbax/write/sharded_array_gb,0,0.000823974609375
jax/orbax/write/sharded_array_gb,0,0.0001373291015625
jax/orbax/write/sharded_array_gb,0,0.000823974609375
jax/orbax/write/sharded_array_gb,0,0.0001220703125
jax/orbax/write/sharded_array_gb,0,0.0001373291015625
jax/orbax/write/sharded_array_gb,0,0.0001373291015625
jax/orbax/write/sharded_array_gb,0,6.103515625e-05
jax/orbax/write/sharded_array_gb,0,0.0001373291015625
jax/orbax/write/sharded_array_gb,0,0.0001220703125
jax/orbax/write/sharded_array_gb,0,0.000823974609375
jax/orbax/write/sharded_array_gb,0,0.0001373291015625
jax/orbax/write/sharded_array_gb,0,0.0001373291015625
jax/orbax/write/sharded_array_gb,0,0.000823974609375
jax/orbax/write/sharded_array_gb,0,0.0001373291015625
jax/orbax/write/sharded_array_gb,0,0.000823974609375
jax/orbax/write/sharded_array_gb,0,0.0001220703125
jax/orbax/write/sharded_array_gb,0,0.0001373291015625
jax/orbax/write/sharded_array_gb,0,0.0001373291015625
jax/orbax/write/sharded_array_gb,0,6.103515625e-05
jax/orbax/write/sharded_array_gb,0,0.0001373291015625
jax/orbax/write/sharded_array_gb,0,0.0001220703125
jax/orbax/write/sharded_array_gb,0,0.000823974609375
jax/orbax/write/sharded_array_gb,0,0.0001373291015625
jax/orbax/write/sharded_array_gb,0,0.0001373291015625
jax/orbax/write/sharded_array_gb,0,0.000823974609375
jax/orbax/write/sharded_array_gb,0,0.0001373291015625
jax/orbax/write/sharded_array_gb,0,0.000823974609375
jax/orbax/write/sharded_array_gb,0,0.0001220703125
jax/orbax/write/sharded_array_gb,0,0.0001373291015625
jax/orbax/write/sharded_array_gb,0,0.0001373291015625
jax/orbax/write/sharded_array_gb,0,6.103515625e-05
jax/orbax/write/sharded_array_gb,0,0.0001373291015625
jax/orbax/write/sharded_array_gb,0,0.0001220703125
jax/orbax/write/sharded_array_gb,0,0.000823974609375
jax/orbax/write/sharded_array_gb,0,0.0001373291015625
jax/orbax/write/sharded_array_gb,0,0.0001373291015625
jax/orbax/write/sharded_array_gb,0,0.000823974609375
jax/orbax/write/sharded_array_gb,0,0.0001373291015625
jax/orbax/write/sharded_array_gb,0,0.000823974609375
jax/orbax/write/sharded_array_gb,0,0.0001220703125
jax/orbax/write/sharded_array_gb,0,0.0001373291015625
jax/orbax/write/sharded_array_gb,0,0.0001373291015625
jax/orbax/write/sharded_array_gb,0,6.103515625e-05
jax/orbax/write/sharded_array_gb,0,0.0001373291015625
jax/orbax/write/sharded_array_gb,0,0.0001220703125
jax/orbax/write/sharded_array_gb,0,0.000823974609375
jax/orbax/write/sharded_array_gb,0,0.0001373291015625
jax/orbax/write/sharded_array_gb,0,0.0001373291015625
jax/orbax/write/sharded_array_gb,0,0.000823974609375
jax/orbax/write/sharded_array_gb,0,0.0001373291015625
jax/orbax/write/sharded_array_gb,0,0.000823974609375
jax/orbax/write/sharded_array_gb,0,0.0001220703125
jax/orbax/write/sharded_array_gb,0,0.0001373291015625
jax/orbax/write/sharded_array_gb,0,0.0001373291015625
jax/orbax/write/sharded_array_gb,0,6.103515625e-05
jax/orbax/write/sharded_array_gb,0,0.0001373291015625
jax/orbax/write/sharded_array_gb,0,0.0001220703125
jax/orbax/write/sharded_array_gb,0,0.000823974609375
jax/orbax/write/sharded_array_gb,0,0.0001373291015625
jax/orbax/write/sharded_array_gb,0,0.0001373291015625
jax/orbax/write/sharded_array_gb,0,0.000823974609375
jax/orbax/write/sharded_array_gb,0,0.0001373291015625
jax/orbax/write/sharded_array_gb,0,0.000823974609375
jax/orbax/write/sharded_array_gb,0,0.0001220703125
jax/orbax/write/sharded_array_gb,0,0.0001373291015625
jax/orbax/write/sharded_array_gb,0,0.0001373291015625
jax/orbax/write/sharded_array_gb,0,6.103515625e-05
jax/orbax/write/sharded_array_gb,0,0.0001373291015625
jax/orbax/write/sharded_array_gb,0,0.0001220703125
jax/orbax/write/sharded_array_gb,0,0.000823974609375
jax/orbax/write/sharded_array_gb,0,0.0001373291015625
jax/orbax/write/sharded_array_gb,0,0.0001373291015625
jax/orbax/write/sharded_array_gb,0,0.000823974609375
jax/orbax/write/sharded_array_gb,0,0.0001373291015625
jax/orbax/write/sharded_array_gb,0,0.000823974609375
jax/orbax/write/sharded_array_gb,0,0.0001220703125
jax/orbax/write/sharded_array_gb,0,0.0001373291015625
jax/orbax/write/sharded_array_gb,0,0.0001373291015625
jax/orbax/write/sharded_array_gb,0,6.103515625e-05
jax/orbax/write/sharded_array_gb,0,0.0001373291015625
jax/orbax/write/sharded_array_gb,0,0.0001220703125
jax/orbax/write/sharded_array_gb,0,0.000823974609375
jax/orbax/write/sharded_array_gb,0,0.0001373291015625
jax/orbax/write/sharded_array_gb,0,0.0001373291015625
jax/orbax/write/sharded_array_gb,0,0.000823974609375
jax/orbax/write/sharded_array_gb,0,0.0001373291015625
jax/orbax/write/sharded_array_gb,0,0.000823974609375
jax/orbax/write/sharded_array_gb,0,0.0001220703125
jax/orbax/write/sharded_array_gb,0,0.0001373291015625
jax/orbax/write/sharded_array_gb,0,0.0001373291015625
jax/orbax/write/sharded_array_gb,0,6.103515625e-05
jax/orbax/write/sharded_array_gb,0,0.0001373291015625
jax/orbax/write/sharded_array_gb,0,0.0001220703125
jax/orbax/write/sharded_array_gb,0,0.000823974609375
jax/orbax/write/sharded_array_gb,0,0.0001373291015625
jax/orbax/write/sharded_array_gb,0,0.0001373291015625
jax/orbax/write/sharded_array_gb,0,0.000823974609375
jax/orbax/write/sharded_array_gb,0,0.0001373291015625
jax/orbax/write/sharded_array_gb,0,0.000823974609375
jax/orbax/write/sharded_array_gb,0,0.0001220703125
jax/orbax/write/sharded_array_gb,0,0.0001373291015625
jax/orbax/write/sharded_array_gb,0,0.0001373291015625
jax/orbax/write/sharded_array_gb,0,6.103515625e-05
jax/orbax/write/sharded_array_gb,0,0.0001373291015625
jax/orbax/write/sharded_array_gb,0,0.0001220703125
jax/orbax/write/sharded_array_gb,0,0.000823974609375
jax/orbax/write/sharded_array_gb,0,0.0001373291015625
jax/orbax/write/sharded_array_gb,0,0.0001373291015625
jax/orbax/write/sharded_array_gb,0,0.000823974609375
jax/orbax/write/sharded_array_gb,0,0.0001373291015625
jax/orbax/write/sharded_array_gb,0,0.000823974609375
jax/orbax/write/sharded_array_gb,0,0.0001220703125
jax/orbax/write/sharded_array_gb,0,0.0001373291015625
jax/orbax/write/sharded_array_gb,0,0.0001373291015625
jax/orbax/write/sharded_array_gb,0,6.103515625e-05
jax/orbax/write/sharded_array_gb,0,0.0001373291015625
jax/orbax/write/sharded_array_gb,0,0.0001220703125
jax/orbax/write/sharded_array_gb,0,0.000823974609375
jax/orbax/write/sharded_array_gb,0,0.0001373291015625
jax/orbax/write/sharded_array_gb,0,0.0001373291015625
jax/orbax/write/sharded_array_gb,0,0.000823974609375
jax/orbax/write/sharded_array_gb,0,0.0001373291015625
jax/orbax/write/sharded_array_gb,0,0.000823974609375
jax/orbax/write/sharded_array_gb,0,0.0001220703125
jax/orbax/write/sharded_array_gb,0,0.0001373291015625
jax/orbax/write/sharded_array_gb,0,0.0001373291015625
jax/orbax/write/sharded_array_gb,0,6.103515625e-05
jax/orbax/write/sharded_array_gb,0,0.0001373291015625
jax/orbax/write/sharded_array_gb,0,0.0001220703125
jax/orbax/write/sharded_array_gb,0,0.000823974609375
jax/orbax/write/sharded_array_gb,0,0.0001373291015625
jax/orbax/write/sharded_array_gb,0,0.0001373291015625
jax/orbax/write/sharded_array_gb,0,0.000823974609375
jax/orbax/write/sharded_array_gb,0,0.0001373291015625
jax/orbax/write/sharded_array_gb,0,0.000823974609375
jax/orbax/write/sharded_array_gb,0,0.0001220703125
jax/orbax/write/sharded_array_gb,0,0.0001373291015625
jax/orbax/write/sharded_array_gb,0,0.0001373291015625
jax/orbax/write/sharded_array_gb,0,6.103515625e-05
jax/orbax/write/sharded_array_gb,0,0.0001373291015625
jax/orbax/write/sharded_array_gb,0,0.0001220703125
jax/orbax/write/sharded_array_gb,0,0.000823974609375
jax/orbax/write/sharded_array_gb,0,0.0001373291015625
jax/orbax/write/sharded_array_gb,0,0.0001373291015625
jax/orbax/write/sharded_array_gb,0,0.000823974609375
jax/orbax/write/sharded_array_gb,0,0.0001373291015625
jax/orbax/write/sharded_array_gb,0,0.000823974609375
jax/orbax/write/sharded_array_gb,0,0.0001220703125
jax/orbax/write/sharded_array_gb,0,0.0001373291015625
jax/orbax/write/sharded_array_gb,0,0.0001373291015625
jax/orbax/write/sharded_array_gb,0,6.103515625e-05
jax/orbax/write/sharded_array_gb,0,0.0001373291015625
jax/orbax/write/sharded_array_gb,0,0.0001220703125
jax/orbax/write/sharded_array_gb,0,0.000823974609375
jax/orbax/write/sharded_array_gb,0,0.0001373291015625
jax/orbax/write/sharded_array_gb,0,0.0001373291015625
jax/orbax/write/sharded_array_gb,0,0.000823974609375
jax/orbax/write/sharded_array_gb,0,0.0001373291015625
jax/orbax/write/sharded_array_gb,0,0.000823974609375
jax/orbax/write/sharded_array_gb,0,0.0001220703125
jax/orbax/write/sharded_array_gb,0,0.0001373291015625
jax/orbax/write/sharded_array_gb,0,0.0001373291015625
jax/orbax/write/sharded_array_gb,0,6.103515625e-05
jax/orbax/write/sharded_array_gb,0,0.0001373291015625
jax/orbax/write/sharded_array_gb,0,0.0001220703125
jax/orbax/write/sharded_array_gb,0,0.000823974609375
jax/orbax/write/sharded_array_gb,0,0.0001373291015625
jax/orbax/write/sharded_array_gb,0,0.0001373291015625
jax/orbax/write/sharded_array_gb,0,0.000823974609375
jax/orbax/write/sharded_array_gb,0,0.0001373291015625
jax/orbax/write/sharded_array_gb,0,0.000823974609375
jax/orbax/write/sharded_array_gb,0,0.0001220703125
jax/orbax/write/sharded_array_gb,0,0.0001373291015625
jax/orbax/write/sharded_array_gb,0,0.0001373291015625
jax/orbax/write/sharded_array_gb,0,6.103515625e-05
jax/orbax/write/sharded_array_gb,0,0.0001373291015625
jax/orbax/write/sharded_array_gb,0,0.0001220703125
jax/orbax/write/sharded_array_gb,0,0.000823974609375
jax/orbax/write/sharded_array_gb,0,0.0001373291015625
jax/orbax/write/sharded_array_gb,0,0.0001373291015625
jax/orbax/write/sharded_array_gb,0,0.000823974609375
jax/orbax/write/sharded_array_gb,0,0.0001373291015625
jax/orbax/write/sharded_array_gb,0,0.000823974609375
jax/orbax/write/sharded_array_gb,0,0.0001220703125
jax/orbax/write/sharded_array_gb,0,0.0001373291015625
jax/orbax/write/sharded_array_gb,0,0.0001373291015625
jax/orbax/write/sharded_array_gb,0,6.103515625e-05
jax/orbax/write/sharded_array_gb,0,0.0001373291015625
jax/orbax/write/sharded_array_gb,0,0.0001220703125
jax/orbax/write/sharded_array_gb,0,0.000823974609375
jax/orbax/write/sharded_array_gb,0,0.0001373291015625
jax/orbax/write/sharded_array_gb,0,0.0001373291015625
jax/orbax/write/sharded_array_gb,0,0.000823974609375
jax/orbax/write/sharded_array_gb,0,0.0001373291015625
jax/orbax/write/sharded_array_gb,0,0.000823974609375
jax/orbax/write/sharded_array_gb,0,0.0001220703125
jax/orbax/write/sharded_array_gb,0,0.0001373291015625
jax/orbax/write/sharded_array_gb,0,0.0001373291015625
jax/orbax/write/sharded_array_gb,0,6.103515625e-05
jax/orbax/write/sharded_array_gb,0,0.0001373291015625
jax/orbax/write/sharded_array_gb,0,0.0001220703125
jax/orbax/write/sharded_array_gb,0,0.000823974609375
jax/orbax/write/sharded_array_gb,0,0.0001373291015625
jax/orbax/write/sharded_array_gb,0,0.0001373291015625
jax/orbax/write/sharded_array_gb,0,0.000823974609375
jax/orbax/write/sharded_array_gb,0,0.0001373291015625
jax/orbax/write/sharded_array_gb,0,0.000823974609375
jax/orbax/write/sharded_array_gb,0,0.0001220703125
jax/orbax/write/sharded_array_gb,0,0.0001373291015625
jax/orbax/write/sharded_array_gb,0,0.0001373291015625
jax/orbax/write/sharded_array_gb,0,6.103515625e-05
jax/orbax/write/sharded_array_gb,0,0.0001373291015625
jax/orbax/write/sharded_array_gb,0,0.0001220703125
jax/orbax/write/sharded_array_gb,0,0.000823974609375
jax/orbax/write/sharded_array_gb,0,0.0001373291015625
jax/orbax/write/sharded_array_gb,0,0.0001373291015625
jax/orbax/write/sharded_array_gb,0,0.000823974609375
jax/orbax/write/sharded_array_gb,0,0.0001373291015625
jax/orbax/write/sharded_array_gb,0,0.000823974609375
jax/orbax/write/sharded_array_gb,0,0.0001220703125
jax/orbax/write/sharded_array_gb,0,0.0001373291015625
jax/orbax/write/sharded_array_gb,0,0.0001373291015625
jax/orbax/write/sharded_array_gb,0,6.103515625e-05
jax/orbax/write/sharded_array_gb,0,0.0001373291015625
jax/orbax/write/sharded_array_gb,0,0.0001220703125
jax/orbax/write/sharded_array_gb,0,0.000823974609375
jax/orbax/write/sharded_array_gb,0,0.0001373291015625
jax/orbax/write/sharded_array_gb,0,0.0001373291015625
jax/orbax/write/sharded_array_gb,0,0.000823974609375
jax/orbax/write/sharded_array_gb,0,0.0001373291015625
jax/orbax/write/sharded_array_gb,0,0.000823974609375
jax/orbax/write/sharded_array_gb,0,0.0001220703125
jax/orbax/write/sharded_array_gb,0,0.0001373291015625
jax/orbax/write/sharded_array_gb,0,0.0001373291015625
jax/orbax/write/sharded_array_gb,0,6.103515625e-05
jax/orbax/write/sharded_array_gb,0,0.0001373291015625
jax/orbax/write/sharded_array_gb,0,0.0001220703125
jax/orbax/write/sharded_array_gb,0,0.000823974609375
jax/orbax/write/sharded_array_gb,0,0.0001373291015625
jax/orbax/write/sharded_array_gb,0,0.0001373291015625
jax/orbax/write/sharded_array_gb,0,0.000823974609375
jax/orbax/write/sharded_array_gb,0,0.0001373291015625
jax/orbax/write/sharded_array_gb,0,0.000823974609375
jax/orbax/write/sharded_array_gb,0,0.0001220703125
jax/orbax/write/sharded_array_gb,0,0.0001373291015625
jax/orbax/write/sharded_array_gb,0,0.0001373291015625
jax/orbax/write/sharded_array_gb,0,6.103515625e-05
jax/orbax/write/sharded_array_gb,0,0.0001373291015625
jax/orbax/write/sharded_array_gb,0,0.0001220703125
jax/orbax/write/sharded_array_gb,0,0.000823974609375
jax/orbax/write/sharded_array_gb,0,0.0001373291015625
jax/orbax/write/sharded_array_gb,0,0.0001373291015625
jax/orbax/write/sharded_array_gb,0,0.000823974609375
jax/orbax/write/sharded_array_gb,0,0.0001373291015625
jax/orbax/write/sharded_array_gb,0,0.000823974609375
jax/orbax/write/sharded_array_gb,0,0.0001220703125
jax/orbax/write/sharded_array_gb,0,0.0001373291015625
jax/orbax/write/sharded_array_gb,0,0.0001373291015625
jax/orbax/write/sharded_array_gb,0,6.103515625e-05
jax/orbax/write/sharded_array_gb,0,0.0001373291015625
jax/orbax/write/sharded_array_gb,0,0.0001220703125
jax/orbax/write/sharded_array_gb,0,0.000823974609375
jax/orbax/write/sharded_array_gb,0,0.0001373291015625
jax/orbax/write/sharded_array_gb,0,0.0001373291015625
jax/orbax/write/sharded_array_gb,0,0.000823974609375
jax/orbax/write/sharded_array_gb,0,0.0001373291015625
jax/orbax/write/sharded_array_gb,0,0.000823974609375
jax/orbax/write/sharded_array_gb,0,0.0001220703125
jax/orbax/write/sharded_array_gb,0,0.0001373291015625
jax/orbax/write/sharded_array_gb,0,0.0001373291015625
jax/orbax/write/sharded_array_gb,0,6.103515625e-05
jax/orbax/write/sharded_array_gb,0,0.0001373291015625
jax/orbax/write/sharded_array_gb,0,0.0001220703125
jax/orbax/write/sharded_array_gb,0,0.000823974609375
jax/orbax/write/sharded_array_gb,0,0.0001373291015625
jax/orbax/write/sharded_array_gb,0,0.0001373291015625
jax/orbax/write/sharded_array_gb,0,0.000823974609375
jax/orbax/write/sharded_array_gb,0,0.0001373291015625
jax/orbax/write/sharded_array_gb,0,0.000823974609375
jax/orbax/write/sharded_array_gb,0,0.0001220703125
jax/orbax/write/sharded_array_gb,0,0.0001373291015625
jax/orbax/write/sharded_array_gb,0,0.0001373291015625
jax/orbax/write/sharded_array_gb,0,6.103515625e-05
jax/orbax/write/sharded_array_gb,0,0.0001373291015625
jax/orbax/write/sharded_array_gb,0,0.0001220703125
jax/orbax/write/sharded_array_gb,0,0.000823974609375
jax/orbax/write/sharded_array_gb,0,0.0001373291015625
jax/orbax/write/sharded_array_gb,0,0.0001373291015625
jax/orbax/write/sharded_array_gb,0,0.000823974609375
jax/orbax/write/sharded_array_gb,0,0.0001373291015625
jax/orbax/write/sharded_array_gb,0,0.000823974609375
jax/orbax/write/sharded_array_gb,0,0.0001220703125
jax/orbax/write/sharded_array_gb,0,0.0001373291015625
jax/orbax/write/sharded_array_gb,0,0.0001373291015625
jax/orbax/write/sharded_array_gb,0,6.103515625e-05
jax/orbax/write/sharded_array_gb,0,0.0001373291015625
jax/orbax/write/sharded_array_gb,0,0.0001220703125
jax/orbax/write/sharded_array_gb,0,0.000823974609375
jax/orbax/write/sharded_array_gb,0,0.0001373291015625
jax/orbax/write/sharded_array_gb,0,0.0001373291015625
jax/orbax/write/sharded_array_gb,0,0.000823974609375
jax/orbax/write/sharded_array_gb,0,0.0001373291015625
jax/orbax/write/sharded_array_gb,0,0.000823974609375
jax/orbax/write/sharded_array_gb,0,0.0001220703125
jax/orbax/write/sharded_array_gb,0,0.0001373291015625
jax/orbax/write/sharded_array_gb,0,0.0001373291015625
jax/orbax/write/sharded_array_gb,0,6.103515625e-05
jax/orbax/write/sharded_array_gb,0,0.0001373291015625
jax/orbax/write/sharded_array_gb,0,0.0001220703125
jax/orbax/write/sharded_array_gb,0,0.000823974609375
jax/orbax/write/sharded_array_gb,0,0.0001373291015625
jax/orbax/write/sharded_array_gb,0,0.0001373291015625
jax/orbax/write/sharded_array_gb,0,0.000823974609375
jax/orbax/write/sharded_array_gb,0,0.0001373291015625
jax/orbax/write/sharded_array_gb,0,0.000823974609375
jax/orbax/write/sharded_array_gb,0,0.0001220703125
jax/orbax/write/sharded_array_gb,0,0.0001373291015625
jax/orbax/write/sharded_array_gb,0,0.0001373291015625
jax/orbax/write/sharded_array_gb,0,6.103515625e-05
jax/orbax/write/sharded_array_gb,0,0.0001373291015625
jax/orbax/write/sharded_array_gb,0,0.0001220703125
jax/orbax/write/sharded_array_gb,0,0.000823974609375
jax/orbax/write/sharded_array_gb,0,0.0001373291015625
jax/orbax/write/sharded_array_gb,0,0.0001373291015625
jax/orbax/write/sharded_array_gb,0,0.000823974609375
jax/orbax/write/sharded_array_gb,0,0.0001373291015625
jax/orbax/write/sharded_array_gb,0,0.000823974609375
jax/orbax/write/sharded_array_gb,0,0.0001220703125
jax/orbax/write/sharded_array_gb,0,0.0001373291015625
jax/orbax/write/sharded_array_gb,0,0.0001373291015625
jax/orbax/write/sharded_array_gb,0,6.103515625e-05
jax/orbax/write/sharded_array_gb,0,0.0001373291015625
jax/orbax/write/sharded_array_gb,0,0.0001220703125
jax/orbax/write/sharded_array_gb,0,0.000823974609375
jax/orbax/write/sharded_array_gb,0,0.0001373291015625
jax/orbax/write/sharded_array_gb,0,0.0001373291015625
jax/orbax/write/sharded_array_gb,0,0.000823974609375
jax/orbax/write/sharded_array_gb,0,0.0001373291015625
jax/orbax/write/sharded_array_gb,0,0.000823974609375
jax/orbax/write/sharded_array_gb,0,0.0001220703125
jax/orbax/write/sharded_array_gb,0,0.0001373291015625
jax/orbax/write/sharded_array_gb,0,0.0001373291015625
jax/orbax/write/sharded_array_gb,0,6.103515625e-05
jax/orbax/write/sharded_array_gb,0,0.0001373291015625
jax/orbax/write/sharded_array_gb,0,0.0001220703125
jax/orbax/write/sharded_array_gb,0,0.000823974609375
jax/orbax/write/sharded_array_gb,0,0.0001373291015625
jax/orbax/write/sharded_array_gb,0,0.0001373291015625
jax/orbax/write/sharded_array_gb,0,0.000823974609375
jax/orbax/write/sharded_array_gb,0,0.0001373291015625
jax/orbax/write/sharded_array_gb,0,0.000823974609375
jax/orbax/write/sharded_array_gb,0,0.0001220703125
jax/orbax/write/sharded_array_gb,0,0.0001373291015625
jax/orbax/write/sharded_array_gb,0,0.0001373291015625
jax/orbax/write/sharded_array_gb,0,6.103515625e-05
jax/orbax/write/sharded_array_gb,0,0.0001373291015625
jax/orbax/write/sharded_array_gb,0,0.0001220703125
jax/orbax/write/sharded_array_gb,0,0.000823974609375
jax/orbax/write/sharded_array_gb,0,0.0001373291015625
jax/orbax/write/sharded_array_gb,0,0.0001373291015625
jax/orbax/write/sharded_array_gb,0,0.000823974609375
jax/orbax/write/sharded_array_gb,0,0.0001373291015625
jax/orbax/write/sharded_array_gb,0,0.000823974609375
jax/orbax/write/sharded_array_gb,0,0.0001220703125
jax/orbax/write/sharded_array_gb,0,0.0001373291015625
jax/orbax/write/sharded_array_gb,0,0.0001373291015625
jax/orbax/write/sharded_array_gb,0,6.103515625e-05
jax/orbax/write/sharded_array_gb,0,0.0001373291015625
jax/orbax/write/sharded_array_gb,0,0.0001220703125
jax/orbax/write/sharded_array_gb,0,0.000823974609375
jax/orbax/write/sharded_array_gb,0,0.0001373291015625
jax/orbax/write/sharded_array_gb,0,0.0001373291015625
jax/orbax/write/sharded_array_gb,0,0.000823974609375
jax/orbax/write/sharded_array_gb,0,0.0001373291015625
jax/orbax/write/sharded_array_gb,0,0.000823974609375
jax/orbax/write/sharded_array_gb,0,0.0001220703125
jax/orbax/write/sharded_array_gb,0,0.0001373291015625
jax/orbax/write/sharded_array_gb,0,0.0001373291015625
jax/orbax/write/sharded_array_gb,0,6.103515625e-05
jax/orbax/write/sharded_array_gb,0,0.0001373291015625
jax/orbax/write/sharded_array_gb,0,0.0001220703125
jax/orbax/write/sharded_array_gb,0,0.000823974609375
jax/orbax/write/sharded_array_gb,0,0.0001373291015625
jax/orbax/write/sharded_array_gb,0,0.0001373291015625
jax/orbax/write/sharded_array_gb,0,0.000823974609375
jax/orbax/write/sharded_array_gb,0,0.0001373291015625
jax/orbax/write/sharded_array_gb,0,0.000823974609375
jax/orbax/write/sharded_array_gb,0,0.0001220703125
jax/orbax/write/sharded_array_gb,0,0.0001373291015625
jax/orbax/write/sharded_array_gb,0,0.0001373291015625
jax/orbax/write/sharded_array_gb,0,6.103515625e-05
jax/orbax/write/sharded_array_gb,0,0.0001373291015625
jax/orbax/write/sharded_array_gb,0,0.0001220703125
jax/orbax/write/sharded_array_gb,0,0.000823974609375
jax/orbax/write/sharded_array_gb,0,0.0001373291015625
jax/orbax/write/sharded_array_gb,0,0.0001373291015625
jax/orbax/write/sharded_array_gb,0,0.000823974609375
jax/orbax/write/sharded_array_gb,0,0.0001373291015625
jax/orbax/write/sharded_array_gb,0,0.000823974609375
jax/orbax/write/sharded_array_gb,0,0.0001220703125
jax/orbax/write/sharded_array_gb,0,0.0001373291015625
jax/orbax/write/sharded_array_gb,0,0.0001373291015625
jax/orbax/write/sharded_array_gb,0,6.103515625e-05
jax/orbax/write/sharded_array_gb,0,0.0001373291015625
jax/orbax/write/sharded_array_gb,0,0.0001220703125
jax/orbax/write/sharded_array_gb,0,0.000823974609375
jax/orbax/write/sharded_array_gb,0,0.0001373291015625
jax/orbax/write/sharded_array_gb,0,0.0001373291015625
jax/orbax/write/sharded_array_gb,0,0.000823974609375
jax/orbax/write/sharded_array_gb,0,0.0001373291015625
jax/orbax/write/sharded_array_gb,0,0.000823974609375
jax/orbax/write/sharded_array_gb,0,0.0001220703125
jax/orbax/write/sharded_array_gb,0,0.0001373291015625
jax/orbax/write/sharded_array_gb,0,0.0001373291015625
jax/orbax/write/sharded_array_gb,0,6.103515625e-05
jax/orbax/write/sharded_array_gb,0,0.0001373291015625
jax/orbax/write/sharded_array_gb,0,0.0001220703125
jax/orbax/write/sharded_array_gb,0,0.000823974609375
jax/orbax/write/sharded_array_gb,0,0.0001373291015625
jax/orbax/write/sharded_array_gb,0,0.0001373291015625
jax/orbax/write/sharded_array_gb,0,0.000823974609375
jax/orbax/write/sharded_array_gb,0,0.0001373291015625
jax/orbax/write/sharded_array_gb,0,0.000823974609375
jax/orbax/write/sharded_array_gb,0,0.0001220703125
jax/orbax/write/sharded_array_gb,0,0.0001373291015625
jax/orbax/write/sharded_array_gb,0,0.0001373291015625
jax/orbax/write/sharded_array_gb,0,6.103515625e-05
jax/orbax/write/sharded_array_gb,0,0.0001373291015625
jax/orbax/write/sharded_array_gb,0,0.0001220703125
jax/orbax/write/sharded_array_gb,0,0.000823974609375
jax/orbax/write/sharded_array_gb,0,0.0001373291015625
jax/orbax/write/sharded_array_gb,0,0.0001373291015625
jax/orbax/write/sharded_array_gb,0,0.000823974609375
jax/orbax/write/sharded_array_gb,0,0.0001373291015625
jax/orbax/write/sharded_array_gb,0,0.000823974609375
jax/orbax/write/sharded_array_gb,0,0.0001220703125
jax/orbax/write/sharded_array_gb,0,0.0001373291015625
jax/orbax/write/sharded_array_gb,0,0.0001373291015625
jax/orbax/write/sharded_array_gb,0,6.103515625e-05
jax/orbax/write/sharded_array_gb,0,0.0001373291015625
jax/orbax/write/sharded_array_gb,0,0.0001220703125
jax/orbax/write/sharded_array_gb,0,0.000823974609375
jax/orbax/write/sharded_array_gb,0,0.0001373291015625
jax/orbax/write/sharded_array_gb,0,0.0001373291015625
jax/orbax/write/sharded_array_gb,0,0.000823974609375
jax/orbax/write/sharded_array_gb,0,0.0001373291015625
jax/orbax/write/sharded_array_gb,0,0.000823974609375
jax/orbax/write/sharded_array_gb,0,0.0001220703125
jax/orbax/write/sharded_array_gb,0,0.0001373291015625
jax/orbax/write/sharded_array_gb,0,0.0001373291015625
jax/orbax/write/sharded_array_gb,0,6.103515625e-05
jax/orbax/write/sharded_array_gb,0,0.0001373291015625
jax/orbax/write/sharded_array_gb,0,0.0001220703125
jax/orbax/write/sharded_array_gb,0,0.000823974609375
jax/orbax/write/sharded_array_gb,0,0.0001373291015625
jax/orbax/write/sharded_array_gb,0,0.0001373291015625
jax/orbax/write/sharded_array_gb,0,0.000823974609375
jax/orbax/write/sharded_array_gb,0,0.0001373291015625
jax/orbax/write/sharded_array_gb,0,0.000823974609375
jax/orbax/write/sharded_array_gb,0,0.0001220703125
jax/orbax/write/sharded_array_gb,0,0.0001373291015625
jax/orbax/write/sharded_array_gb,0,0.0001373291015625
jax/orbax/write/sharded_array_gb,0,6.103515625e-05
jax/orbax/write/sharded_array_gb,0,0.0001373291015625
jax/orbax/write/sharded_array_gb,0,0.0001220703125
jax/orbax/write/sharded_array_gb,0,0.000823974609375
jax/orbax/write/sharded_array_gb,0,0.0001373291015625
jax/orbax/write/sharded_array_gb,0,0.0001373291015625
jax/orbax/write/sharded_array_gb,0,0.000823974609375
jax/orbax/write/sharded_array_gb,0,0.0001373291015625
jax/orbax/write/sharded_array_gb,0,0.000823974609375
jax/orbax/write/sharded_array_gb,0,0.0001220703125
jax/orbax/write/sharded_array_gb,0,0.0001373291015625
jax/orbax/write/sharded_array_gb,0,0.0001373291015625
jax/orbax/write/sharded_array_gb,0,6.103515625e-05
jax/orbax/write/sharded_array_gb,0,0.0001373291015625
jax/orbax/write/sharded_array_gb,0,0.0001220703125
jax/orbax/write/sharded_array_gb,0,0.000823974609375
jax/orbax/write/sharded_array_gb,0,0.0001373291015625
jax/orbax/write/sharded_array_gb,0,0.0001373291015625
jax/orbax/write/sharded_array_gb,0,0.000823974609375
jax/orbax/write/sharded_array_gb,0,0.0001373291015625
jax/orbax/write/sharded_array_gb,0,0.000823974609375
jax/orbax/write/sharded_array_gb,0,0.0001220703125
jax/orbax/write/sharded_array_gb,0,0.0001373291015625
jax/orbax/write/sharded_array_gb,0,0.0001373291015625
jax/orbax/write/sharded_array_gb,0,6.103515625e-05
jax/orbax/write/sharded_array_gb,0,0.0001373291015625
jax/orbax/write/sharded_array_gb,0,0.0001220703125
jax/orbax/write/sharded_array_gb,0,0.000823974609375
jax/orbax/write/sharded_array_gb,0,0.0001373291015625
jax/orbax/write/sharded_array_gb,0,0.0001373291015625
jax/orbax/write/sharded_array_gb,0,0.000823974609375
jax/orbax/write/sharded_array_gb,0,0.0001373291015625
jax/orbax/write/sharded_array_gb,0,0.000823974609375
jax/orbax/write/sharded_array_gb,0,0.0001220703125
jax/orbax/write/sharded_array_gb,0,0.0001373291015625
jax/orbax/write/sharded_array_gb,0,0.0001373291015625
jax/orbax/write/sharded_array_gb,0,6.103515625e-05
jax/orbax/write/sharded_array_gb,0,0.0001373291015625
jax/orbax/write/sharded_array_gb,0,0.0001220703125
jax/orbax/write/sharded_array_gb,0,0.000823974609375
jax/orbax/write/sharded_array_gb,0,0.0001373291015625
jax/orbax/write/sharded_array_gb,0,0.0001373291015625
jax/orbax/write/sharded_array_gb,0,0.000823974609375
jax/orbax/write/sharded_array_gb,0,0.0001373291015625
jax/orbax/write/sharded_array_gb,0,0.000823974609375
jax/orbax/write/sharded_array_gb,0,0.0001220703125
jax/orbax/write/sharded_array_gb,0,0.0001373291015625
jax/orbax/write/sharded_array_gb,0,0.0001373291015625
jax/orbax/write/sharded_array_gb,0,6.103515625e-05
jax/orbax/write/sharded_array_gb,0,0.0001373291015625
jax/orbax/write/sharded_array_gb,0,0.0001220703125
jax/orbax/write/sharded_array_gb,0,0.000823974609375
jax/orbax/write/sharded_array_gb,0,0.0001373291015625
jax/orbax/write/sharded_array_gb,0,0.0001373291015625
jax/orbax/write/sharded_array_gb,0,0.000823974609375
jax/orbax/write/sharded_array_gb,0,0.0001373291015625
jax/orbax/write/sharded_array_gb,0,0.000823974609375
jax/orbax/write/sharded_array_gb,0,3.725290298461914e-09
jax/orbax/write/sharded_array_gb,0,3.725290298461914e-09
jax/orbax/write/sharded_array_gb,0,3.725290298461914e-09
jax/orbax/write/sharded_array_gb,0,0.0001220703125
jax/orbax/write/sharded_array_gb,0,0.0001373291015625
jax/orbax/write/sharded_array_gb,0,0.0001373291015625
jax/orbax/write/sharded_array_gb,0,6.103515625e-05
jax/orbax/write/sharded_array_gb,0,0.0001373291015625
jax/orbax/write/sharded_array_gb,0,0.0001220703125
jax/orbax/write/sharded_array_gb,0,0.000823974609375
jax/orbax/write/sharded_array_gb,0,0.0001373291015625
jax/orbax/write/sharded_array_gb,0,0.0001373291015625
jax/orbax/write/sharded_array_gb,0,0.000823974609375
jax/orbax/write/sharded_array_gb,0,0.0001373291015625
jax/orbax/write/sharded_array_gb,0,0.000823974609375
jax/orbax/write/sharded_array_gb,0,0.0001220703125
jax/orbax/write/sharded_array_gb,0,0.0001373291015625
jax/orbax/write/sharded_array_gb,0,0.0001373291015625
jax/orbax/write/sharded_array_gb,0,6.103515625e-05
jax/orbax/write/sharded_array_gb,0,0.0001373291015625
jax/orbax/write/sharded_array_gb,0,0.0001220703125
jax/orbax/write/sharded_array_gb,0,0.000823974609375
jax/orbax/write/sharded_array_gb,0,0.0001373291015625
jax/orbax/write/sharded_array_gb,0,0.0001373291015625
jax/orbax/write/sharded_array_gb,0,0.000823974609375
jax/orbax/write/sharded_array_gb,0,0.0001373291015625
jax/orbax/write/sharded_array_gb,0,0.000823974609375
jax/orbax/write/sharded_array_gb,0,0.0001220703125
jax/orbax/write/sharded_array_gb,0,0.0001373291015625
jax/orbax/write/sharded_array_gb,0,0.0001373291015625
jax/orbax/write/sharded_array_gb,0,6.103515625e-05
jax/orbax/write/sharded_array_gb,0,0.0001373291015625
jax/orbax/write/sharded_array_gb,0,0.0001220703125
jax/orbax/write/sharded_array_gb,0,0.000823974609375
jax/orbax/write/sharded_array_gb,0,0.0001373291015625
jax/orbax/write/sharded_array_gb,0,0.0001373291015625
jax/orbax/write/sharded_array_gb,0,0.000823974609375
jax/orbax/write/sharded_array_gb,0,0.0001373291015625
jax/orbax/write/sharded_array_gb,0,0.000823974609375
jax/orbax/write/sharded_array_gb,0,0.0001220703125
jax/orbax/write/sharded_array_gb,0,0.0001373291015625
jax/orbax/write/sharded_array_gb,0,0.0001373291015625
jax/orbax/write/sharded_array_gb,0,6.103515625e-05
jax/orbax/write/sharded_array_gb,0,0.0001373291015625
jax/orbax/write/sharded_array_gb,0,0.0001220703125
jax/orbax/write/sharded_array_gb,0,0.000823974609375
jax/orbax/write/sharded_array_gb,0,0.0001373291015625
jax/orbax/write/sharded_array_gb,0,0.0001373291015625
jax/orbax/write/sharded_array_gb,0,0.000823974609375
jax/orbax/write/sharded_array_gb,0,0.0001373291015625
jax/orbax/write/sharded_array_gb,0,0.000823974609375
jax/orbax/write/sharded_array_gb,0,0.0001220703125
jax/orbax/write/sharded_array_gb,0,0.0001373291015625
jax/orbax/write/sharded_array_gb,0,0.0001373291015625
jax/orbax/write/sharded_array_gb,0,6.103515625e-05
jax/orbax/write/sharded_array_gb,0,0.0001373291015625
jax/orbax/write/sharded_array_gb,0,0.0001220703125
jax/orbax/write/sharded_array_gb,0,0.000823974609375
jax/orbax/write/sharded_array_gb,0,0.0001373291015625
jax/orbax/write/sharded_array_gb,0,0.0001373291015625
jax/orbax/write/sharded_array_gb,0,0.000823974609375
jax/orbax/write/sharded_array_gb,0,0.0001373291015625
jax/orbax/write/sharded_array_gb,0,0.000823974609375
jax/orbax/write/sharded_array_gb,0,0.0001220703125
jax/orbax/write/sharded_array_gb,0,0.0001373291015625
jax/orbax/write/sharded_array_gb,0,0.0001373291015625
jax/orbax/write/sharded_array_gb,0,6.103515625e-05
jax/orbax/write/sharded_array_gb,0,0.0001373291015625
jax/orbax/write/sharded_array_gb,0,0.0001220703125
jax/orbax/write/sharded_array_gb,0,0.000823974609375
jax/orbax/write/sharded_array_gb,0,0.0001373291015625
jax/orbax/write/sharded_array_gb,0,0.0001373291015625
jax/orbax/write/sharded_array_gb,0,0.000823974609375
jax/orbax/write/sharded_array_gb,0,0.0001373291015625
jax/orbax/write/sharded_array_gb,0,0.000823974609375
jax/orbax/write/sharded_array_gb,0,0.0001220703125
jax/orbax/write/sharded_array_gb,0,0.0001373291015625
jax/orbax/write/sharded_array_gb,0,0.0001373291015625
jax/orbax/write/sharded_array_gb,0,6.103515625e-05
jax/orbax/write/sharded_array_gb,0,0.0001373291015625
jax/orbax/write/sharded_array_gb,0,0.0001220703125
jax/orbax/write/sharded_array_gb,0,0.000823974609375
jax/orbax/write/sharded_array_gb,0,0.0001373291015625
jax/orbax/write/sharded_array_gb,0,0.0001373291015625
jax/orbax/write/sharded_array_gb,0,0.000823974609375
jax/orbax/write/sharded_array_gb,0,0.0001373291015625
jax/orbax/write/sharded_array_gb,0,0.000823974609375
jax/orbax/write/sharded_array_gb,0,0.0001220703125
jax/orbax/write/sharded_array_gb,0,0.0001373291015625
jax/orbax/write/sharded_array_gb,0,0.0001373291015625
jax/orbax/write/sharded_array_gb,0,6.103515625e-05
jax/orbax/write/sharded_array_gb,0,0.0001373291015625
jax/orbax/write/sharded_array_gb,0,0.0001220703125
jax/orbax/write/sharded_array_gb,0,0.000823974609375
jax/orbax/write/sharded_array_gb,0,0.0001373291015625
jax/orbax/write/sharded_array_gb,0,0.0001373291015625
jax/orbax/write/sharded_array_gb,0,0.000823974609375
jax/orbax/write/sharded_array_gb,0,0.0001373291015625
jax/orbax/write/sharded_array_gb,0,0.000823974609375
jax/orbax/write/sharded_array_gb,0,0.0001220703125
jax/orbax/write/sharded_array_gb,0,0.0001373291015625
jax/orbax/write/sharded_array_gb,0,0.0001373291015625
jax/orbax/write/sharded_array_gb,0,6.103515625e-05
jax/orbax/write/sharded_array_gb,0,0.0001373291015625
jax/orbax/write/sharded_array_gb,0,0.0001220703125
jax/orbax/write/sharded_array_gb,0,0.000823974609375
jax/orbax/write/sharded_array_gb,0,0.0001373291015625
jax/orbax/write/sharded_array_gb,0,0.0001373291015625
jax/orbax/write/sharded_array_gb,0,0.000823974609375
jax/orbax/write/sharded_array_gb,0,0.0001373291015625
jax/orbax/write/sharded_array_gb,0,0.000823974609375
jax/orbax/write/sharded_array_gb,0,0.0001220703125
jax/orbax/write/sharded_array_gb,0,0.0001373291015625
jax/orbax/write/sharded_array_gb,0,0.0001373291015625
jax/orbax/write/sharded_array_gb,0,6.103515625e-05
jax/orbax/write/sharded_array_gb,0,0.0001373291015625
jax/orbax/write/sharded_array_gb,0,0.0001220703125
jax/orbax/write/sharded_array_gb,0,0.000823974609375
jax/orbax/write/sharded_array_gb,0,0.0001373291015625
jax/orbax/write/sharded_array_gb,0,0.0001373291015625
jax/orbax/write/sharded_array_gb,0,0.000823974609375
jax/orbax/write/sharded_array_gb,0,0.0001373291015625
jax/orbax/write/sharded_array_gb,0,0.000823974609375
jax/orbax/write/sharded_array_gb,0,0.0001220703125
jax/orbax/write/sharded_array_gb,0,0.0001373291015625
jax/orbax/write/sharded_array_gb,0,0.0001373291015625
jax/orbax/write/sharded_array_gb,0,6.103515625e-05
jax/orbax/write/sharded_array_gb,0,0.0001373291015625
jax/orbax/write/sharded_array_gb,0,0.0001220703125
jax/orbax/write/sharded_array_gb,0,0.000823974609375
jax/orbax/write/sharded_array_gb,0,0.0001373291015625
jax/orbax/write/sharded_array_gb,0,0.0001373291015625
jax/orbax/write/sharded_array_gb,0,0.000823974609375
jax/orbax/write/sharded_array_gb,0,0.0001373291015625
jax/orbax/write/sharded_array_gb,0,0.000823974609375
jax/orbax/write/sharded_array_gb,0,0.0001220703125
jax/orbax/write/sharded_array_gb,0,0.0001373291015625
jax/orbax/write/sharded_array_gb,0,0.0001373291015625
jax/orbax/write/sharded_array_gb,0,6.103515625e-05
jax/orbax/write/sharded_array_gb,0,0.0001373291015625
jax/orbax/write/sharded_array_gb,0,0.0001220703125
jax/orbax/write/sharded_array_gb,0,0.000823974609375
jax/orbax/write/sharded_array_gb,0,0.0001373291015625
jax/orbax/write/sharded_array_gb,0,0.0001373291015625
jax/orbax/write/sharded_array_gb,0,0.000823974609375
jax/orbax/write/sharded_array_gb,0,0.0001373291015625
jax/orbax/write/sharded_array_gb,0,0.000823974609375
jax/orbax/write/sharded_array_gb,0,0.0001220703125
jax/orbax/write/sharded_array_gb,0,0.0001373291015625
jax/orbax/write/sharded_array_gb,0,0.0001373291015625
jax/orbax/write/sharded_array_gb,0,6.103515625e-05
jax/orbax/write/sharded_array_gb,0,0.0001373291015625
jax/orbax/write/sharded_array_gb,0,0.0001220703125
jax/orbax/write/sharded_array_gb,0,0.000823974609375
jax/orbax/write/sharded_array_gb,0,0.0001373291015625
jax/orbax/write/sharded_array_gb,0,0.0001373291015625
jax/orbax/write/sharded_array_gb,0,0.000823974609375
jax/orbax/write/sharded_array_gb,0,0.0001373291015625
jax/orbax/write/sharded_array_gb,0,0.000823974609375
jax/orbax/write/sharded_array_gb,0,0.0001220703125
jax/orbax/write/sharded_array_gb,0,0.0001373291015625
jax/orbax/write/sharded_array_gb,0,0.0001373291015625
jax/orbax/write/sharded_array_gb,0,6.103515625e-05
jax/orbax/write/sharded_array_gb,0,0.0001373291015625
jax/orbax/write/sharded_array_gb,0,0.0001220703125
jax/orbax/write/sharded_array_gb,0,0.000823974609375
jax/orbax/write/sharded_array_gb,0,0.0001373291015625
jax/orbax/write/sharded_array_gb,0,0.0001373291015625
jax/orbax/write/sharded_array_gb,0,0.000823974609375
jax/orbax/write/sharded_array_gb,0,0.0001373291015625
jax/orbax/write/sharded_array_gb,0,0.000823974609375
jax/orbax/write/sharded_array_gb,0,0.0001220703125
jax/orbax/write/sharded_array_gb,0,0.0001373291015625
jax/orbax/write/sharded_array_gb,0,0.0001373291015625
jax/orbax/write/sharded_array_gb,0,6.103515625e-05
jax/orbax/write/sharded_array_gb,0,0.0001373291015625
jax/orbax/write/sharded_array_gb,0,0.0001220703125
jax/orbax/write/sharded_array_gb,0,0.000823974609375
jax/orbax/write/sharded_array_gb,0,0.0001373291015625
jax/orbax/write/sharded_array_gb,0,0.0001373291015625
jax/orbax/write/sharded_array_gb,0,0.000823974609375
jax/orbax/write/sharded_array_gb,0,0.0001373291015625
jax/orbax/write/sharded_array_gb,0,0.000823974609375
jax/orbax/write/sharded_array_gb,0,0.0001220703125
jax/orbax/write/sharded_array_gb,0,0.0001373291015625
jax/orbax/write/sharded_array_gb,0,0.0001373291015625
jax/orbax/write/sharded_array_gb,0,6.103515625e-05
jax/orbax/write/sharded_array_gb,0,0.0001373291015625
jax/orbax/write/sharded_array_gb,0,0.0001220703125
jax/orbax/write/sharded_array_gb,0,0.000823974609375
jax/orbax/write/sharded_array_gb,0,0.0001373291015625
jax/orbax/write/sharded_array_gb,0,0.0001373291015625
jax/orbax/write/sharded_array_gb,0,0.000823974609375
jax/orbax/write/sharded_array_gb,0,0.0001373291015625
jax/orbax/write/sharded_array_gb,0,0.000823974609375
jax/orbax/write/sharded_array_gb,0,0.0001220703125
jax/orbax/write/sharded_array_gb,0,0.0001373291015625
jax/orbax/write/sharded_array_gb,0,0.0001373291015625
jax/orbax/write/sharded_array_gb,0,6.103515625e-05
jax/orbax/write/sharded_array_gb,0,0.0001373291015625
jax/orbax/write/sharded_array_gb,0,0.0001220703125
jax/orbax/write/sharded_array_gb,0,0.000823974609375
jax/orbax/write/sharded_array_gb,0,0.0001373291015625
jax/orbax/write/sharded_array_gb,0,0.0001373291015625
jax/orbax/write/sharded_array_gb,0,0.000823974609375
jax/orbax/write/sharded_array_gb,0,0.0001373291015625
jax/orbax/write/sharded_array_gb,0,0.000823974609375
jax/orbax/write/sharded_array_gb,0,0.0001220703125
jax/orbax/write/sharded_array_gb,0,0.0001373291015625
jax/orbax/write/sharded_array_gb,0,0.0001373291015625
jax/orbax/write/sharded_array_gb,0,6.103515625e-05
jax/orbax/write/sharded_array_gb,0,0.0001373291015625
jax/orbax/write/sharded_array_gb,0,0.0001220703125
jax/orbax/write/sharded_array_gb,0,0.000823974609375
jax/orbax/write/sharded_array_gb,0,0.0001373291015625
jax/orbax/write/sharded_array_gb,0,0.0001373291015625
jax/orbax/write/sharded_array_gb,0,0.000823974609375
jax/orbax/write/sharded_array_gb,0,0.0001373291015625
jax/orbax/write/sharded_array_gb,0,0.000823974609375
jax/orbax/write/sharded_array_gb,0,0.0001220703125
jax/orbax/write/sharded_array_gb,0,0.0001373291015625
jax/orbax/write/sharded_array_gb,0,0.0001373291015625
jax/orbax/write/sharded_array_gb,0,6.103515625e-05
jax/orbax/write/sharded_array_gb,0,0.0001373291015625
jax/orbax/write/sharded_array_gb,0,0.0001220703125
jax/orbax/write/sharded_array_gb,0,0.000823974609375
jax/orbax/write/sharded_array_gb,0,0.0001373291015625
jax/orbax/write/sharded_array_gb,0,0.0001373291015625
jax/orbax/write/sharded_array_gb,0,0.000823974609375
jax/orbax/write/sharded_array_gb,0,0.0001373291015625
jax/orbax/write/sharded_array_gb,0,0.000823974609375
jax/orbax/write/sharded_array_gb,0,0.0001220703125
jax/orbax/write/sharded_array_gb,0,0.0001373291015625
jax/orbax/write/sharded_array_gb,0,0.0001373291015625
jax/orbax/write/sharded_array_gb,0,6.103515625e-05
jax/orbax/write/sharded_array_gb,0,0.0001373291015625
jax/orbax/write/sharded_array_gb,0,0.0001220703125
jax/orbax/write/sharded_array_gb,0,0.000823974609375
jax/orbax/write/sharded_array_gb,0,0.0001373291015625
jax/orbax/write/sharded_array_gb,0,0.0001373291015625
jax/orbax/write/sharded_array_gb,0,0.000823974609375
jax/orbax/write/sharded_array_gb,0,0.0001373291015625
jax/orbax/write/sharded_array_gb,0,0.000823974609375
jax/orbax/write/sharded_array_gb,0,0.0001220703125
jax/orbax/write/sharded_array_gb,0,0.0001373291015625
jax/orbax/write/sharded_array_gb,0,0.0001373291015625
jax/orbax/write/sharded_array_gb,0,6.103515625e-05
jax/orbax/write/sharded_array_gb,0,0.0001373291015625
jax/orbax/write/sharded_array_gb,0,0.0001220703125
jax/orbax/write/sharded_array_gb,0,0.000823974609375
jax/orbax/write/sharded_array_gb,0,0.0001373291015625
jax/orbax/write/sharded_array_gb,0,0.0001373291015625
jax/orbax/write/sharded_array_gb,0,0.000823974609375
jax/orbax/write/sharded_array_gb,0,0.0001373291015625
jax/orbax/write/sharded_array_gb,0,0.000823974609375
jax/orbax/write/sharded_array_gb,0,0.0001220703125
jax/orbax/write/sharded_array_gb,0,0.0001373291015625
jax/orbax/write/sharded_array_gb,0,0.0001373291015625
jax/orbax/write/sharded_array_gb,0,6.103515625e-05
jax/orbax/write/sharded_array_gb,0,0.0001373291015625
jax/orbax/write/sharded_array_gb,0,0.0001220703125
jax/orbax/write/sharded_array_gb,0,0.000823974609375
jax/orbax/write/sharded_array_gb,0,0.0001373291015625
jax/orbax/write/sharded_array_gb,0,0.0001373291015625
jax/orbax/write/sharded_array_gb,0,0.000823974609375
jax/orbax/write/sharded_array_gb,0,0.0001373291015625
jax/orbax/write/sharded_array_gb,0,0.000823974609375
jax/orbax/write/sharded_array_gb,0,0.0001220703125
jax/orbax/write/sharded_array_gb,0,0.0001373291015625
jax/orbax/write/sharded_array_gb,0,0.0001373291015625
jax/orbax/write/sharded_array_gb,0,6.103515625e-05
jax/orbax/write/sharded_array_gb,0,0.0001373291015625
jax/orbax/write/sharded_array_gb,0,0.0001220703125
jax/orbax/write/sharded_array_gb,0,0.000823974609375
jax/orbax/write/sharded_array_gb,0,0.0001373291015625
jax/orbax/write/sharded_array_gb,0,0.0001373291015625
jax/orbax/write/sharded_array_gb,0,0.000823974609375
jax/orbax/write/sharded_array_gb,0,0.0001373291015625
jax/orbax/write/sharded_array_gb,0,0.000823974609375
jax/orbax/write/sharded_array_gb,0,0.0001220703125
jax/orbax/write/sharded_array_gb,0,0.0001373291015625
jax/orbax/write/sharded_array_gb,0,0.0001373291015625
jax/orbax/write/sharded_array_gb,0,6.103515625e-05
jax/orbax/write/sharded_array_gb,0,0.0001373291015625
jax/orbax/write/sharded_array_gb,0,0.0001220703125
jax/orbax/write/sharded_array_gb,0,0.000823974609375
jax/orbax/write/sharded_array_gb,0,0.0001373291015625
jax/orbax/write/sharded_array_gb,0,0.0001373291015625
jax/orbax/write/sharded_array_gb,0,0.000823974609375
jax/orbax/write/sharded_array_gb,0,0.0001373291015625
jax/orbax/write/sharded_array_gb,0,0.000823974609375
jax/orbax/write/sharded_array_gb,0,0.0001220703125
jax/orbax/write/sharded_array_gb,0,0.0001373291015625
jax/orbax/write/sharded_array_gb,0,0.0001373291015625
jax/orbax/write/sharded_array_gb,0,6.103515625e-05
jax/orbax/write/sharded_array_gb,0,0.0001373291015625
jax/orbax/write/sharded_array_gb,0,0.0001220703125
jax/orbax/write/sharded_array_gb,0,0.000823974609375
jax/orbax/write/sharded_array_gb,0,0.0001373291015625
jax/orbax/write/sharded_array_gb,0,0.0001373291015625
jax/orbax/write/sharded_array_gb,0,0.000823974609375
jax/orbax/write/sharded_array_gb,0,0.0001373291015625
jax/orbax/write/sharded_array_gb,0,0.000823974609375
jax/orbax/write/sharded_array_gb,0,0.0001220703125
jax/orbax/write/sharded_array_gb,0,0.0001373291015625
jax/orbax/write/sharded_array_gb,0,0.0001373291015625
jax/orbax/write/sharded_array_gb,0,6.103515625e-05
jax/orbax/write/sharded_array_gb,0,0.0001373291015625
jax/orbax/write/sharded_array_gb,0,0.0001220703125
jax/orbax/write/sharded_array_gb,0,0.000823974609375
jax/orbax/write/sharded_array_gb,0,0.0001373291015625
jax/orbax/write/sharded_array_gb,0,0.0001373291015625
jax/orbax/write/sharded_array_gb,0,0.000823974609375
jax/orbax/write/sharded_array_gb,0,0.0001373291015625
jax/orbax/write/sharded_array_gb,0,0.000823974609375
jax/orbax/write/sharded_array_gb,0,0.000244140625
jax/orbax/write/sharded_array_gb,0,0.000274658203125
jax/orbax/write/sharded_array_gb,0,0.000274658203125
jax/orbax/write/sharded_array_gb,0,0.0001220703125
jax/orbax/write/sharded_array_gb,0,0.000274658203125
jax/orbax/write/sharded_array_gb,0,0.000244140625
jax/orbax/write/sharded_array_gb,0,0.00164794921875
jax/orbax/write/sharded_array_gb,0,0.000274658203125
jax/orbax/write/sharded_array_gb,0,0.000274658203125
jax/orbax/write/sharded_array_gb,0,0.00164794921875
jax/orbax/write/sharded_array_gb,0,0.000274658203125
jax/orbax/write/sharded_array_gb,0,0.00164794921875
jax/orbax/write/sharded_array_gb,0,0.000244140625
jax/orbax/write/sharded_array_gb,0,0.000274658203125
jax/orbax/write/sharded_array_gb,0,0.000274658203125
jax/orbax/write/sharded_array_gb,0,0.0001220703125
jax/orbax/write/sharded_array_gb,0,0.000274658203125
jax/orbax/write/sharded_array_gb,0,0.000244140625
jax/orbax/write/sharded_array_gb,0,0.00164794921875
jax/orbax/write/sharded_array_gb,0,0.000274658203125
jax/orbax/write/sharded_array_gb,0,0.000274658203125
jax/orbax/write/sharded_array_gb,0,0.00164794921875
jax/orbax/write/sharded_array_gb,0,0.000274658203125
jax/orbax/write/sharded_array_gb,0,0.00164794921875
jax/orbax/write/sharded_array_gb,0,0.000244140625
jax/orbax/write/sharded_array_gb,0,0.000274658203125
jax/orbax/write/sharded_array_gb,0,0.000274658203125
jax/orbax/write/sharded_array_gb,0,0.0001220703125
jax/orbax/write/sharded_array_gb,0,0.000274658203125
jax/orbax/write/sharded_array_gb,0,0.000244140625
jax/orbax/write/sharded_array_gb,0,0.00164794921875
jax/orbax/write/sharded_array_gb,0,0.000274658203125
jax/orbax/write/sharded_array_gb,0,0.000274658203125
jax/orbax/write/sharded_array_gb,0,0.00164794921875
jax/orbax/write/sharded_array_gb,0,0.000274658203125
jax/orbax/write/sharded_array_gb,0,0.00164794921875
jax/orbax/write/sharded_array_gb,0,0.000244140625
jax/orbax/write/sharded_array_gb,0,0.000274658203125
jax/orbax/write/sharded_array_gb,0,0.000274658203125
jax/orbax/write/sharded_array_gb,0,0.0001220703125
jax/orbax/write/sharded_array_gb,0,0.000274658203125
jax/orbax/write/sharded_array_gb,0,0.000244140625
jax/orbax/write/sharded_array_gb,0,0.00164794921875
jax/orbax/write/sharded_array_gb,0,0.000274658203125
jax/orbax/write/sharded_array_gb,0,0.000274658203125
jax/orbax/write/sharded_array_gb,0,0.00164794921875
jax/orbax/write/sharded_array_gb,0,0.000274658203125
jax/orbax/write/sharded_array_gb,0,0.00164794921875
jax/orbax/write/sharded_array_gb,0,0.000244140625
jax/orbax/write/sharded_array_gb,0,0.000274658203125
jax/orbax/write/sharded_array_gb,0,0.000274658203125
jax/orbax/write/sharded_array_gb,0,0.0001220703125
jax/orbax/write/sharded_array_gb,0,0.000274658203125
jax/orbax/write/sharded_array_gb,0,0.000244140625
jax/orbax/write/sharded_array_gb,0,0.00164794921875
jax/orbax/write/sharded_array_gb,0,0.000274658203125
jax/orbax/write/sharded_array_gb,0,0.000274658203125
jax/orbax/write/sharded_array_gb,0,0.00164794921875
jax/orbax/write/sharded_array_gb,0,0.000274658203125
jax/orbax/write/sharded_array_gb,0,0.00164794921875
jax/orbax/write/sharded_array_gb,0,0.000244140625
jax/orbax/write/sharded_array_gb,0,0.000274658203125
jax/orbax/write/sharded_array_gb,0,0.000274658203125
jax/orbax/write/sharded_array_gb,0,0.0001220703125
jax/orbax/write/sharded_array_gb,0,0.000274658203125
jax/orbax/write/sharded_array_gb,0,0.000244140625
jax/orbax/write/sharded_array_gb,0,0.00164794921875
jax/orbax/write/sharded_array_gb,0,0.000274658203125
jax/orbax/write/sharded_array_gb,0,0.000274658203125
jax/orbax/write/sharded_array_gb,0,0.00164794921875
jax/orbax/write/sharded_array_gb,0,0.000274658203125
jax/orbax/write/sharded_array_gb,0,0.00164794921875
jax/orbax/write/sharded_array_gb,0,0.000244140625
jax/orbax/write/sharded_array_gb,0,0.000274658203125
jax/orbax/write/sharded_array_gb,0,0.000274658203125
jax/orbax/write/sharded_array_gb,0,0.0001220703125
jax/orbax/write/sharded_array_gb,0,0.000274658203125
jax/orbax/write/sharded_array_gb,0,0.000244140625
jax/orbax/write/sharded_array_gb,0,0.00164794921875
jax/orbax/write/sharded_array_gb,0,0.000274658203125
jax/orbax/write/sharded_array_gb,0,0.000274658203125
jax/orbax/write/sharded_array_gb,0,0.00164794921875
jax/orbax/write/sharded_array_gb,0,0.000274658203125
jax/orbax/write/sharded_array_gb,0,0.00164794921875
jax/orbax/write/sharded_array_gb,0,0.000244140625
jax/orbax/write/sharded_array_gb,0,0.000274658203125
jax/orbax/write/sharded_array_gb,0,0.000274658203125
jax/orbax/write/sharded_array_gb,0,0.0001220703125
jax/orbax/write/sharded_array_gb,0,0.000274658203125
jax/orbax/write/sharded_array_gb,0,0.000244140625
jax/orbax/write/sharded_array_gb,0,0.00164794921875
jax/orbax/write/sharded_array_gb,0,0.000274658203125
jax/orbax/write/sharded_array_gb,0,0.000274658203125
jax/orbax/write/sharded_array_gb,0,0.00164794921875
jax/orbax/write/sharded_array_gb,0,0.000274658203125
jax/orbax/write/sharded_array_gb,0,0.00164794921875
jax/orbax/write/sharded_array_gb,0,0.000244140625
jax/orbax/write/sharded_array_gb,0,0.000274658203125
jax/orbax/write/sharded_array_gb,0,0.000274658203125
jax/orbax/write/sharded_array_gb,0,0.0001220703125
jax/orbax/write/sharded_array_gb,0,0.000274658203125
jax/orbax/write/sharded_array_gb,0,0.000244140625
jax/orbax/write/sharded_array_gb,0,0.00164794921875
jax/orbax/write/sharded_array_gb,0,0.000274658203125
jax/orbax/write/sharded_array_gb,0,0.000274658203125
jax/orbax/write/sharded_array_gb,0,0.00164794921875
jax/orbax/write/sharded_array_gb,0,0.000274658203125
jax/orbax/write/sharded_array_gb,0,0.00164794921875
jax/orbax/write/sharded_array_gb,0,0.000244140625
jax/orbax/write/sharded_array_gb,0,0.000274658203125
jax/orbax/write/sharded_array_gb,0,0.000274658203125
jax/orbax/write/sharded_array_gb,0,0.0001220703125
jax/orbax/write/sharded_array_gb,0,0.000274658203125
jax/orbax/write/sharded_array_gb,0,0.000244140625
jax/orbax/write/sharded_array_gb,0,0.00164794921875
jax/orbax/write/sharded_array_gb,0,0.000274658203125
jax/orbax/write/sharded_array_gb,0,0.000274658203125
jax/orbax/write/sharded_array_gb,0,0.00164794921875
jax/orbax/write/sharded_array_gb,0,0.000274658203125
jax/orbax/write/sharded_array_gb,0,0.00164794921875
jax/orbax/write/sharded_array_gb,0,0.000244140625
jax/orbax/write/sharded_array_gb,0,0.000274658203125
jax/orbax/write/sharded_array_gb,0,0.000274658203125
jax/orbax/write/sharded_array_gb,0,0.0001220703125
jax/orbax/write/sharded_array_gb,0,0.000274658203125
jax/orbax/write/sharded_array_gb,0,0.000244140625
jax/orbax/write/sharded_array_gb,0,0.00164794921875
jax/orbax/write/sharded_array_gb,0,0.000274658203125
jax/orbax/write/sharded_array_gb,0,0.000274658203125
jax/orbax/write/sharded_array_gb,0,0.00164794921875
jax/orbax/write/sharded_array_gb,0,0.000274658203125
jax/orbax/write/sharded_array_gb,0,0.00164794921875
jax/orbax/write/sharded_array_gb,0,0.000244140625
jax/orbax/write/sharded_array_gb,0,0.000274658203125
jax/orbax/write/sharded_array_gb,0,0.000274658203125
jax/orbax/write/sharded_array_gb,0,0.0001220703125
jax/orbax/write/sharded_array_gb,0,0.000274658203125
jax/orbax/write/sharded_array_gb,0,0.000244140625
jax/orbax/write/sharded_array_gb,0,0.00164794921875
jax/orbax/write/sharded_array_gb,0,0.000274658203125
jax/orbax/write/sharded_array_gb,0,0.000274658203125
jax/orbax/write/sharded_array_gb,0,0.00164794921875
jax/orbax/write/sharded_array_gb,0,0.000274658203125
jax/orbax/write/sharded_array_gb,0,0.00164794921875
jax/orbax/write/sharded_array_gb,0,0.000244140625
jax/orbax/write/sharded_array_gb,0,0.000274658203125
jax/orbax/write/sharded_array_gb,0,0.000274658203125
jax/orbax/write/sharded_array_gb,0,0.0001220703125
jax/orbax/write/sharded_array_gb,0,0.000274658203125
jax/orbax/write/sharded_array_gb,0,0.000244140625
jax/orbax/write/sharded_array_gb,0,0.00164794921875
jax/orbax/write/sharded_array_gb,0,0.000274658203125
jax/orbax/write/sharded_array_gb,0,0.000274658203125
jax/orbax/write/sharded_array_gb,0,0.00164794921875
jax/orbax/write/sharded_array_gb,0,0.000274658203125
jax/orbax/write/sharded_array_gb,0,0.00164794921875
jax/orbax/write/sharded_array_gb,0,0.000244140625
jax/orbax/write/sharded_array_gb,0,0.000274658203125
jax/orbax/write/sharded_array_gb,0,0.000274658203125
jax/orbax/write/sharded_array_gb,0,0.0001220703125
jax/orbax/write/sharded_array_gb,0,0.000274658203125
jax/orbax/write/sharded_array_gb,0,0.000244140625
jax/orbax/write/sharded_array_gb,0,0.00164794921875
jax/orbax/write/sharded_array_gb,0,0.000274658203125
jax/orbax/write/sharded_array_gb,0,0.000274658203125
jax/orbax/write/sharded_array_gb,0,0.00164794921875
jax/orbax/write/sharded_array_gb,0,0.000274658203125
jax/orbax/write/sharded_array_gb,0,0.00164794921875
jax/orbax/write/sharded_array_gb,0,0.000244140625
jax/orbax/write/sharded_array_gb,0,0.000274658203125
jax/orbax/write/sharded_array_gb,0,0.000274658203125
jax/orbax/write/sharded_array_gb,0,0.0001220703125
jax/orbax/write/sharded_array_gb,0,0.000274658203125
jax/orbax/write/sharded_array_gb,0,0.000244140625
jax/orbax/write/sharded_array_gb,0,0.00164794921875
jax/orbax/write/sharded_array_gb,0,0.000274658203125
jax/orbax/write/sharded_array_gb,0,0.000274658203125
jax/orbax/write/sharded_array_gb,0,0.00164794921875
jax/orbax/write/sharded_array_gb,0,0.000274658203125
jax/orbax/write/sharded_array_gb,0,0.00164794921875
jax/orbax/write/sharded_array_gb,0,0.000244140625
jax/orbax/write/sharded_array_gb,0,0.000274658203125
jax/orbax/write/sharded_array_gb,0,0.000274658203125
jax/orbax/write/sharded_array_gb,0,0.0001220703125
jax/orbax/write/sharded_array_gb,0,0.000274658203125
jax/orbax/write/sharded_array_gb,0,0.000244140625
jax/orbax/write/sharded_array_gb,0,0.00164794921875
jax/orbax/write/sharded_array_gb,0,0.000274658203125
jax/orbax/write/sharded_array_gb,0,0.000274658203125
jax/orbax/write/sharded_array_gb,0,0.00164794921875
jax/orbax/write/sharded_array_gb,0,0.000274658203125
jax/orbax/write/sharded_array_gb,0,0.00164794921875
jax/orbax/write/sharded_array_gb,0,0.000244140625
jax/orbax/write/sharded_array_gb,0,0.000274658203125
jax/orbax/write/sharded_array_gb,0,0.000274658203125
jax/orbax/write/sharded_array_gb,0,0.0001220703125
jax/orbax/write/sharded_array_gb,0,0.000274658203125
jax/orbax/write/sharded_array_gb,0,0.000244140625
jax/orbax/write/sharded_array_gb,0,0.00164794921875
jax/orbax/write/sharded_array_gb,0,0.000274658203125
jax/orbax/write/sharded_array_gb,0,0.000274658203125
jax/orbax/write/sharded_array_gb,0,0.00164794921875
jax/orbax/write/sharded_array_gb,0,0.000274658203125
jax/orbax/write/sharded_array_gb,0,0.00164794921875
jax/orbax/write/sharded_array_gb,0,0.000244140625
jax/orbax/write/sharded_array_gb,0,0.000274658203125
jax/orbax/write/sharded_array_gb,0,0.000274658203125
jax/orbax/write/sharded_array_gb,0,0.0001220703125
jax/orbax/write/sharded_array_gb,0,0.000274658203125
jax/orbax/write/sharded_array_gb,0,0.000244140625
jax/orbax/write/sharded_array_gb,0,0.00164794921875
jax/orbax/write/sharded_array_gb,0,0.000274658203125
jax/orbax/write/sharded_array_gb,0,0.000274658203125
jax/orbax/write/sharded_array_gb,0,0.00164794921875
jax/orbax/write/sharded_array_gb,0,0.000274658203125
jax/orbax/write/sharded_array_gb,0,0.00164794921875
jax/orbax/write/sharded_array_gb,0,0.000244140625
jax/orbax/write/sharded_array_gb,0,0.000274658203125
jax/orbax/write/sharded_array_gb,0,0.000274658203125
jax/orbax/write/sharded_array_gb,0,0.0001220703125
jax/orbax/write/sharded_array_gb,0,0.000274658203125
jax/orbax/write/sharded_array_gb,0,0.000244140625
jax/orbax/write/sharded_array_gb,0,0.00164794921875
jax/orbax/write/sharded_array_gb,0,0.000274658203125
jax/orbax/write/sharded_array_gb,0,0.000274658203125
jax/orbax/write/sharded_array_gb,0,0.00164794921875
jax/orbax/write/sharded_array_gb,0,0.000274658203125
jax/orbax/write/sharded_array_gb,0,0.00164794921875
jax/orbax/write/sharded_array_gb,0,0.000244140625
jax/orbax/write/sharded_array_gb,0,0.000274658203125
jax/orbax/write/sharded_array_gb,0,0.000274658203125
jax/orbax/write/sharded_array_gb,0,0.0001220703125
jax/orbax/write/sharded_array_gb,0,0.000274658203125
jax/orbax/write/sharded_array_gb,0,0.000244140625
jax/orbax/write/sharded_array_gb,0,0.00164794921875
jax/orbax/write/sharded_array_gb,0,0.000274658203125
jax/orbax/write/sharded_array_gb,0,0.000274658203125
jax/orbax/write/sharded_array_gb,0,0.00164794921875
jax/orbax/write/sharded_array_gb,0,0.000274658203125
jax/orbax/write/sharded_array_gb,0,0.00164794921875
jax/orbax/write/sharded_array_gb,0,0.000244140625
jax/orbax/write/sharded_array_gb,0,0.000274658203125
jax/orbax/write/sharded_array_gb,0,0.000274658203125
jax/orbax/write/sharded_array_gb,0,0.0001220703125
jax/orbax/write/sharded_array_gb,0,0.000274658203125
jax/orbax/write/sharded_array_gb,0,0.000244140625
jax/orbax/write/sharded_array_gb,0,0.00164794921875
jax/orbax/write/sharded_array_gb,0,0.000274658203125
jax/orbax/write/sharded_array_gb,0,0.000274658203125
jax/orbax/write/sharded_array_gb,0,0.00164794921875
jax/orbax/write/sharded_array_gb,0,0.000274658203125
jax/orbax/write/sharded_array_gb,0,0.00164794921875
jax/orbax/write/sharded_array_gb,0,0.000244140625
jax/orbax/write/sharded_array_gb,0,0.000274658203125
jax/orbax/write/sharded_array_gb,0,0.000274658203125
jax/orbax/write/sharded_array_gb,0,0.0001220703125
jax/orbax/write/sharded_array_gb,0,0.000274658203125
jax/orbax/write/sharded_array_gb,0,0.000244140625
jax/orbax/write/sharded_array_gb,0,0.00164794921875
jax/orbax/write/sharded_array_gb,0,0.000274658203125
jax/orbax/write/sharded_array_gb,0,0.000274658203125
jax/orbax/write/sharded_array_gb,0,0.00164794921875
jax/orbax/write/sharded_array_gb,0,0.000274658203125
jax/orbax/write/sharded_array_gb,0,0.00164794921875
jax/orbax/write/sharded_array_gb,0,0.000244140625
jax/orbax/write/sharded_array_gb,0,0.000274658203125
jax/orbax/write/sharded_array_gb,0,0.000274658203125
jax/orbax/write/sharded_array_gb,0,0.0001220703125
jax/orbax/write/sharded_array_gb,0,0.000274658203125
jax/orbax/write/sharded_array_gb,0,0.000244140625
jax/orbax/write/sharded_array_gb,0,0.00164794921875
jax/orbax/write/sharded_array_gb,0,0.000274658203125
jax/orbax/write/sharded_array_gb,0,0.000274658203125
jax/orbax/write/sharded_array_gb,0,0.00164794921875
jax/orbax/write/sharded_array_gb,0,0.000274658203125
jax/orbax/write/sharded_array_gb,0,0.00164794921875
jax/orbax/write/sharded_array_gb,0,0.000244140625
jax/orbax/write/sharded_array_gb,0,0.000274658203125
jax/orbax/write/sharded_array_gb,0,0.000274658203125
jax/orbax/write/sharded_array_gb,0,0.0001220703125
jax/orbax/write/sharded_array_gb,0,0.000274658203125
jax/orbax/write/sharded_array_gb,0,0.000244140625
jax/orbax/write/sharded_array_gb,0,0.00164794921875
jax/orbax/write/sharded_array_gb,0,0.000274658203125
jax/orbax/write/sharded_array_gb,0,0.000274658203125
jax/orbax/write/sharded_array_gb,0,0.00164794921875
jax/orbax/write/sharded_array_gb,0,0.000274658203125
jax/orbax/write/sharded_array_gb,0,0.00164794921875
jax/orbax/write/sharded_array_gb,0,0.000244140625
jax/orbax/write/sharded_array_gb,0,0.000274658203125
jax/orbax/write/sharded_array_gb,0,0.000274658203125
jax/orbax/write/sharded_array_gb,0,0.0001220703125
jax/orbax/write/sharded_array_gb,0,0.000274658203125
jax/orbax/write/sharded_array_gb,0,0.000244140625
jax/orbax/write/sharded_array_gb,0,0.00164794921875
jax/orbax/write/sharded_array_gb,0,0.000274658203125
jax/orbax/write/sharded_array_gb,0,0.000274658203125
jax/orbax/write/sharded_array_gb,0,0.00164794921875
jax/orbax/write/sharded_array_gb,0,0.000274658203125
jax/orbax/write/sharded_array_gb,0,0.00164794921875
jax/orbax/write/sharded_array_gb,0,0.000244140625
jax/orbax/write/sharded_array_gb,0,0.000274658203125
jax/orbax/write/sharded_array_gb,0,0.000274658203125
jax/orbax/write/sharded_array_gb,0,0.0001220703125
jax/orbax/write/sharded_array_gb,0,0.000274658203125
jax/orbax/write/sharded_array_gb,0,0.000244140625
jax/orbax/write/sharded_array_gb,0,0.00164794921875
jax/orbax/write/sharded_array_gb,0,0.000274658203125
jax/orbax/write/sharded_array_gb,0,0.000274658203125
jax/orbax/write/sharded_array_gb,0,0.00164794921875
jax/orbax/write/sharded_array_gb,0,0.000274658203125
jax/orbax/write/sharded_array_gb,0,0.00164794921875
jax/orbax/write/sharded_array_gb,0,3.725290298461914e-09
jax/orbax/write/sharded_array_gb,0,3.725290298461914e-09
jax/orbax/write/sharded_array_gb,0,0.0001220703125
jax/orbax/write/sharded_array_gb,0,0.0001373291015625
jax/orbax/write/sharded_array_gb,0,0.0001373291015625
jax/orbax/write/sharded_array_gb,0,6.103515625e-05
jax/orbax/write/sharded_array_gb,0,0.0001373291015625
jax/orbax/write/sharded_array_gb,0,0.0001220703125
jax/orbax/write/sharded_array_gb,0,0.000823974609375
jax/orbax/write/sharded_array_gb,0,0.0001373291015625
jax/orbax/write/sharded_array_gb,0,0.0001373291015625
jax/orbax/write/sharded_array_gb,0,0.000823974609375
jax/orbax/write/sharded_array_gb,0,0.0001373291015625
jax/orbax/write/sharded_array_gb,0,0.000823974609375
jax/orbax/write/sharded_array_gb,0,0.0001220703125
jax/orbax/write/sharded_array_gb,0,0.0001373291015625
jax/orbax/write/sharded_array_gb,0,0.0001373291015625
jax/orbax/write/sharded_array_gb,0,6.103515625e-05
jax/orbax/write/sharded_array_gb,0,0.0001373291015625
jax/orbax/write/sharded_array_gb,0,0.0001220703125
jax/orbax/write/sharded_array_gb,0,0.000823974609375
jax/orbax/write/sharded_array_gb,0,0.0001373291015625
jax/orbax/write/sharded_array_gb,0,0.0001373291015625
jax/orbax/write/sharded_array_gb,0,0.000823974609375
jax/orbax/write/sharded_array_gb,0,0.0001373291015625
jax/orbax/write/sharded_array_gb,0,0.000823974609375
jax/orbax/write/sharded_array_gb,0,0.0001220703125
jax/orbax/write/sharded_array_gb,0,0.0001373291015625
jax/orbax/write/sharded_array_gb,0,0.0001373291015625
jax/orbax/write/sharded_array_gb,0,6.103515625e-05
jax/orbax/write/sharded_array_gb,0,0.0001373291015625
jax/orbax/write/sharded_array_gb,0,0.0001220703125
jax/orbax/write/sharded_array_gb,0,0.000823974609375
jax/orbax/write/sharded_array_gb,0,0.0001373291015625
jax/orbax/write/sharded_array_gb,0,0.0001373291015625
jax/orbax/write/sharded_array_gb,0,0.000823974609375
jax/orbax/write/sharded_array_gb,0,0.0001373291015625
jax/orbax/write/sharded_array_gb,0,0.000823974609375
jax/orbax/write/sharded_array_gb,0,0.0001220703125
jax/orbax/write/sharded_array_gb,0,0.0001373291015625
jax/orbax/write/sharded_array_gb,0,0.0001373291015625
jax/orbax/write/sharded_array_gb,0,6.103515625e-05
jax/orbax/write/sharded_array_gb,0,0.0001373291015625
jax/orbax/write/sharded_array_gb,0,0.0001220703125
jax/orbax/write/sharded_array_gb,0,0.000823974609375
jax/orbax/write/sharded_array_gb,0,0.0001373291015625
jax/orbax/write/sharded_array_gb,0,0.0001373291015625
jax/orbax/write/sharded_array_gb,0,0.000823974609375
jax/orbax/write/sharded_array_gb,0,0.0001373291015625
jax/orbax/write/sharded_array_gb,0,0.000823974609375
jax/orbax/write/sharded_array_gb,0,0.0001220703125
jax/orbax/write/sharded_array_gb,0,0.0001373291015625
jax/orbax/write/sharded_array_gb,0,0.0001373291015625
jax/orbax/write/sharded_array_gb,0,6.103515625e-05
jax/orbax/write/sharded_array_gb,0,0.0001373291015625
jax/orbax/write/sharded_array_gb,0,0.0001220703125
jax/orbax/write/sharded_array_gb,0,0.000823974609375
jax/orbax/write/sharded_array_gb,0,0.0001373291015625
jax/orbax/write/sharded_array_gb,0,0.0001373291015625
jax/orbax/write/sharded_array_gb,0,0.000823974609375
jax/orbax/write/sharded_array_gb,0,0.0001373291015625
jax/orbax/write/sharded_array_gb,0,0.000823974609375
jax/orbax/write/sharded_array_gb,0,0.0001220703125
jax/orbax/write/sharded_array_gb,0,0.0001373291015625
jax/orbax/write/sharded_array_gb,0,0.0001373291015625
jax/orbax/write/sharded_array_gb,0,6.103515625e-05
jax/orbax/write/sharded_array_gb,0,0.0001373291015625
jax/orbax/write/sharded_array_gb,0,0.0001220703125
jax/orbax/write/sharded_array_gb,0,0.000823974609375
jax/orbax/write/sharded_array_gb,0,0.0001373291015625
jax/orbax/write/sharded_array_gb,0,0.0001373291015625
jax/orbax/write/sharded_array_gb,0,0.000823974609375
jax/orbax/write/sharded_array_gb,0,0.0001373291015625
jax/orbax/write/sharded_array_gb,0,0.000823974609375
jax/orbax/write/sharded_array_gb,0,0.0001220703125
jax/orbax/write/sharded_array_gb,0,0.0001373291015625
jax/orbax/write/sharded_array_gb,0,0.0001373291015625
jax/orbax/write/sharded_array_gb,0,6.103515625e-05
jax/orbax/write/sharded_array_gb,0,0.0001373291015625
jax/orbax/write/sharded_array_gb,0,0.0001220703125
jax/orbax/write/sharded_array_gb,0,0.000823974609375
jax/orbax/write/sharded_array_gb,0,0.0001373291015625
jax/orbax/write/sharded_array_gb,0,0.0001373291015625
jax/orbax/write/sharded_array_gb,0,0.000823974609375
jax/orbax/write/sharded_array_gb,0,0.0001373291015625
jax/orbax/write/sharded_array_gb,0,0.000823974609375
jax/orbax/write/sharded_array_gb,0,0.0001220703125
jax/orbax/write/sharded_array_gb,0,0.0001373291015625
jax/orbax/write/sharded_array_gb,0,0.0001373291015625
jax/orbax/write/sharded_array_gb,0,6.103515625e-05
jax/orbax/write/sharded_array_gb,0,0.0001373291015625
jax/orbax/write/sharded_array_gb,0,0.0001220703125
jax/orbax/write/sharded_array_gb,0,0.000823974609375
jax/orbax/write/sharded_array_gb,0,0.0001373291015625
jax/orbax/write/sharded_array_gb,0,0.0001373291015625
jax/orbax/write/sharded_array_gb,0,0.000823974609375
jax/orbax/write/sharded_array_gb,0,0.0001373291015625
jax/orbax/write/sharded_array_gb,0,0.000823974609375
jax/orbax/write/sharded_array_gb,0,0.0001220703125
jax/orbax/write/sharded_array_gb,0,0.0001373291015625
jax/orbax/write/sharded_array_gb,0,0.0001373291015625
jax/orbax/write/sharded_array_gb,0,6.103515625e-05
jax/orbax/write/sharded_array_gb,0,0.0001373291015625
jax/orbax/write/sharded_array_gb,0,0.0001220703125
jax/orbax/write/sharded_array_gb,0,0.000823974609375
jax/orbax/write/sharded_array_gb,0,0.0001373291015625
jax/orbax/write/sharded_array_gb,0,0.0001373291015625
jax/orbax/write/sharded_array_gb,0,0.000823974609375
jax/orbax/write/sharded_array_gb,0,0.0001373291015625
jax/orbax/write/sharded_array_gb,0,0.000823974609375
jax/orbax/write/sharded_array_gb,0,0.0001220703125
jax/orbax/write/sharded_array_gb,0,0.0001373291015625
jax/orbax/write/sharded_array_gb,0,0.0001373291015625
jax/orbax/write/sharded_array_gb,0,6.103515625e-05
jax/orbax/write/sharded_array_gb,0,0.0001373291015625
jax/orbax/write/sharded_array_gb,0,0.0001220703125
jax/orbax/write/sharded_array_gb,0,0.000823974609375
jax/orbax/write/sharded_array_gb,0,0.0001373291015625
jax/orbax/write/sharded_array_gb,0,0.0001373291015625
jax/orbax/write/sharded_array_gb,0,0.000823974609375
jax/orbax/write/sharded_array_gb,0,0.0001373291015625
jax/orbax/write/sharded_array_gb,0,0.000823974609375
jax/orbax/write/sharded_array_gb,0,0.0001220703125
jax/orbax/write/sharded_array_gb,0,0.0001373291015625
jax/orbax/write/sharded_array_gb,0,0.0001373291015625
jax/orbax/write/sharded_array_gb,0,6.103515625e-05
jax/orbax/write/sharded_array_gb,0,0.0001373291015625
jax/orbax/write/sharded_array_gb,0,0.0001220703125
jax/orbax/write/sharded_array_gb,0,0.000823974609375
jax/orbax/write/sharded_array_gb,0,0.0001373291015625
jax/orbax/write/sharded_array_gb,0,0.0001373291015625
jax/orbax/write/sharded_array_gb,0,0.000823974609375
jax/orbax/write/sharded_array_gb,0,0.0001373291015625
jax/orbax/write/sharded_array_gb,0,0.000823974609375
jax/orbax/write/sharded_array_gb,0,0.0001220703125
jax/orbax/write/sharded_array_gb,0,0.0001373291015625
jax/orbax/write/sharded_array_gb,0,0.0001373291015625
jax/orbax/write/sharded_array_gb,0,6.103515625e-05
jax/orbax/write/sharded_array_gb,0,0.0001373291015625
jax/orbax/write/sharded_array_gb,0,0.0001220703125
jax/orbax/write/sharded_array_gb,0,0.000823974609375
jax/orbax/write/sharded_array_gb,0,0.0001373291015625
jax/orbax/write/sharded_array_gb,0,0.0001373291015625
jax/orbax/write/sharded_array_gb,0,0.000823974609375
jax/orbax/write/sharded_array_gb,0,0.0001373291015625
jax/orbax/write/sharded_array_gb,0,0.000823974609375
jax/orbax/write/sharded_array_gb,0,0.0001220703125
jax/orbax/write/sharded_array_gb,0,0.0001373291015625
jax/orbax/write/sharded_array_gb,0,0.0001373291015625
jax/orbax/write/sharded_array_gb,0,6.103515625e-05
jax/orbax/write/sharded_array_gb,0,0.0001373291015625
jax/orbax/write/sharded_array_gb,0,0.0001220703125
jax/orbax/write/sharded_array_gb,0,0.000823974609375
jax/orbax/write/sharded_array_gb,0,0.0001373291015625
jax/orbax/write/sharded_array_gb,0,0.0001373291015625
jax/orbax/write/sharded_array_gb,0,0.000823974609375
jax/orbax/write/sharded_array_gb,0,0.0001373291015625
jax/orbax/write/sharded_array_gb,0,0.000823974609375
jax/orbax/write/sharded_array_gb,0,0.0001220703125
jax/orbax/write/sharded_array_gb,0,0.0001373291015625
jax/orbax/write/sharded_array_gb,0,0.0001373291015625
jax/orbax/write/sharded_array_gb,0,6.103515625e-05
jax/orbax/write/sharded_array_gb,0,0.0001373291015625
jax/orbax/write/sharded_array_gb,0,0.0001220703125
jax/orbax/write/sharded_array_gb,0,0.000823974609375
jax/orbax/write/sharded_array_gb,0,0.0001373291015625
jax/orbax/write/sharded_array_gb,0,0.0001373291015625
jax/orbax/write/sharded_array_gb,0,0.000823974609375
jax/orbax/write/sharded_array_gb,0,0.0001373291015625
jax/orbax/write/sharded_array_gb,0,0.000823974609375
jax/orbax/write/sharded_array_gb,0,0.0001220703125
jax/orbax/write/sharded_array_gb,0,0.0001373291015625
jax/orbax/write/sharded_array_gb,0,0.0001373291015625
jax/orbax/write/sharded_array_gb,0,6.103515625e-05
jax/orbax/write/sharded_array_gb,0,0.0001373291015625
jax/orbax/write/sharded_array_gb,0,0.0001220703125
jax/orbax/write/sharded_array_gb,0,0.000823974609375
jax/orbax/write/sharded_array_gb,0,0.0001373291015625
jax/orbax/write/sharded_array_gb,0,0.0001373291015625
jax/orbax/write/sharded_array_gb,0,0.000823974609375
jax/orbax/write/sharded_array_gb,0,0.0001373291015625
jax/orbax/write/sharded_array_gb,0,0.000823974609375
jax/orbax/write/sharded_array_gb,0,0.0001220703125
jax/orbax/write/sharded_array_gb,0,0.0001373291015625
jax/orbax/write/sharded_array_gb,0,0.0001373291015625
jax/orbax/write/sharded_array_gb,0,6.103515625e-05
jax/orbax/write/sharded_array_gb,0,0.0001373291015625
jax/orbax/write/sharded_array_gb,0,0.0001220703125
jax/orbax/write/sharded_array_gb,0,0.000823974609375
jax/orbax/write/sharded_array_gb,0,0.0001373291015625
jax/orbax/write/sharded_array_gb,0,0.0001373291015625
jax/orbax/write/sharded_array_gb,0,0.000823974609375
jax/orbax/write/sharded_array_gb,0,0.0001373291015625
jax/orbax/write/sharded_array_gb,0,0.000823974609375
jax/orbax/write/sharded_array_gb,0,0.0001220703125
jax/orbax/write/sharded_array_gb,0,0.0001373291015625
jax/orbax/write/sharded_array_gb,0,0.0001373291015625
jax/orbax/write/sharded_array_gb,0,6.103515625e-05
jax/orbax/write/sharded_array_gb,0,0.0001373291015625
jax/orbax/write/sharded_array_gb,0,0.0001220703125
jax/orbax/write/sharded_array_gb,0,0.000823974609375
jax/orbax/write/sharded_array_gb,0,0.0001373291015625
jax/orbax/write/sharded_array_gb,0,0.0001373291015625
jax/orbax/write/sharded_array_gb,0,0.000823974609375
jax/orbax/write/sharded_array_gb,0,0.0001373291015625
jax/orbax/write/sharded_array_gb,0,0.000823974609375
jax/orbax/write/sharded_array_gb,0,0.0001220703125
jax/orbax/write/sharded_array_gb,0,0.0001373291015625
jax/orbax/write/sharded_array_gb,0,0.0001373291015625
jax/orbax/write/sharded_array_gb,0,6.103515625e-05
jax/orbax/write/sharded_array_gb,0,0.0001373291015625
jax/orbax/write/sharded_array_gb,0,0.0001220703125
jax/orbax/write/sharded_array_gb,0,0.000823974609375
jax/orbax/write/sharded_array_gb,0,0.0001373291015625
jax/orbax/write/sharded_array_gb,0,0.0001373291015625
jax/orbax/write/sharded_array_gb,0,0.000823974609375
jax/orbax/write/sharded_array_gb,0,0.0001373291015625
jax/orbax/write/sharded_array_gb,0,0.000823974609375
jax/orbax/write/sharded_array_gb,0,0.0001220703125
jax/orbax/write/sharded_array_gb,0,0.0001373291015625
jax/orbax/write/sharded_array_gb,0,0.0001373291015625
jax/orbax/write/sharded_array_gb,0,6.103515625e-05
jax/orbax/write/sharded_array_gb,0,0.0001373291015625
jax/orbax/write/sharded_array_gb,0,0.0001220703125
jax/orbax/write/sharded_array_gb,0,0.000823974609375
jax/orbax/write/sharded_array_gb,0,0.0001373291015625
jax/orbax/write/sharded_array_gb,0,0.0001373291015625
jax/orbax/write/sharded_array_gb,0,0.000823974609375
jax/orbax/write/sharded_array_gb,0,0.0001373291015625
jax/orbax/write/sharded_array_gb,0,0.000823974609375
jax/orbax/write/sharded_array_gb,0,0.0001220703125
jax/orbax/write/sharded_array_gb,0,0.0001373291015625
jax/orbax/write/sharded_array_gb,0,0.0001373291015625
jax/orbax/write/sharded_array_gb,0,6.103515625e-05
jax/orbax/write/sharded_array_gb,0,0.0001373291015625
jax/orbax/write/sharded_array_gb,0,0.0001220703125
jax/orbax/write/sharded_array_gb,0,0.000823974609375
jax/orbax/write/sharded_array_gb,0,0.0001373291015625
jax/orbax/write/sharded_array_gb,0,0.0001373291015625
jax/orbax/write/sharded_array_gb,0,0.000823974609375
jax/orbax/write/sharded_array_gb,0,0.0001373291015625
jax/orbax/write/sharded_array_gb,0,0.000823974609375
jax/orbax/write/sharded_array_gb,0,0.0001220703125
jax/orbax/write/sharded_array_gb,0,0.0001373291015625
jax/orbax/write/sharded_array_gb,0,0.0001373291015625
jax/orbax/write/sharded_array_gb,0,6.103515625e-05
jax/orbax/write/sharded_array_gb,0,0.0001373291015625
jax/orbax/write/sharded_array_gb,0,0.0001220703125
jax/orbax/write/sharded_array_gb,0,0.000823974609375
jax/orbax/write/sharded_array_gb,0,0.0001373291015625
jax/orbax/write/sharded_array_gb,0,0.0001373291015625
jax/orbax/write/sharded_array_gb,0,0.000823974609375
jax/orbax/write/sharded_array_gb,0,0.0001373291015625
jax/orbax/write/sharded_array_gb,0,0.000823974609375
jax/orbax/write/sharded_array_gb,0,0.0001220703125
jax/orbax/write/sharded_array_gb,0,0.0001373291015625
jax/orbax/write/sharded_array_gb,0,0.0001373291015625
jax/orbax/write/sharded_array_gb,0,6.103515625e-05
jax/orbax/write/sharded_array_gb,0,0.0001373291015625
jax/orbax/write/sharded_array_gb,0,0.0001220703125
jax/orbax/write/sharded_array_gb,0,0.000823974609375
jax/orbax/write/sharded_array_gb,0,0.0001373291015625
jax/orbax/write/sharded_array_gb,0,0.0001373291015625
jax/orbax/write/sharded_array_gb,0,0.000823974609375
jax/orbax/write/sharded_array_gb,0,0.0001373291015625
jax/orbax/write/sharded_array_gb,0,0.000823974609375
jax/orbax/write/sharded_array_gb,0,0.0001220703125
jax/orbax/write/sharded_array_gb,0,0.0001373291015625
jax/orbax/write/sharded_array_gb,0,0.0001373291015625
jax/orbax/write/sharded_array_gb,0,6.103515625e-05
jax/orbax/write/sharded_array_gb,0,0.0001373291015625
jax/orbax/write/sharded_array_gb,0,0.0001220703125
jax/orbax/write/sharded_array_gb,0,0.000823974609375
jax/orbax/write/sharded_array_gb,0,0.0001373291015625
jax/orbax/write/sharded_array_gb,0,0.0001373291015625
jax/orbax/write/sharded_array_gb,0,0.000823974609375
jax/orbax/write/sharded_array_gb,0,0.0001373291015625
jax/orbax/write/sharded_array_gb,0,0.000823974609375
jax/orbax/write/sharded_array_gb,0,0.0001220703125
jax/orbax/write/sharded_array_gb,0,0.0001373291015625
jax/orbax/write/sharded_array_gb,0,0.0001373291015625
jax/orbax/write/sharded_array_gb,0,6.103515625e-05
jax/orbax/write/sharded_array_gb,0,0.0001373291015625
jax/orbax/write/sharded_array_gb,0,0.0001220703125
jax/orbax/write/sharded_array_gb,0,0.000823974609375
jax/orbax/write/sharded_array_gb,0,0.0001373291015625
jax/orbax/write/sharded_array_gb,0,0.0001373291015625
jax/orbax/write/sharded_array_gb,0,0.000823974609375
jax/orbax/write/sharded_array_gb,0,0.0001373291015625
jax/orbax/write/sharded_array_gb,0,0.000823974609375
jax/orbax/write/sharded_array_gb,0,0.0001220703125
jax/orbax/write/sharded_array_gb,0,0.0001373291015625
jax/orbax/write/sharded_array_gb,0,0.0001373291015625
jax/orbax/write/sharded_array_gb,0,6.103515625e-05
jax/orbax/write/sharded_array_gb,0,0.0001373291015625
jax/orbax/write/sharded_array_gb,0,0.0001220703125
jax/orbax/write/sharded_array_gb,0,0.000823974609375
jax/orbax/write/sharded_array_gb,0,0.0001373291015625
jax/orbax/write/sharded_array_gb,0,0.0001373291015625
jax/orbax/write/sharded_array_gb,0,0.000823974609375
jax/orbax/write/sharded_array_gb,0,0.0001373291015625
jax/orbax/write/sharded_array_gb,0,0.000823974609375
jax/orbax/write/sharded_array_gb,0,0.0001220703125
jax/orbax/write/sharded_array_gb,0,0.0001373291015625
jax/orbax/write/sharded_array_gb,0,0.0001373291015625
jax/orbax/write/sharded_array_gb,0,6.103515625e-05
jax/orbax/write/sharded_array_gb,0,0.0001373291015625
jax/orbax/write/sharded_array_gb,0,0.0001220703125
jax/orbax/write/sharded_array_gb,0,0.000823974609375
jax/orbax/write/sharded_array_gb,0,0.0001373291015625
jax/orbax/write/sharded_array_gb,0,0.0001373291015625
jax/orbax/write/sharded_array_gb,0,0.000823974609375
jax/orbax/write/sharded_array_gb,0,0.0001373291015625
jax/orbax/write/sharded_array_gb,0,0.000823974609375
jax/orbax/write/sharded_array_gb,0,0.0001220703125
jax/orbax/write/sharded_array_gb,0,0.0001373291015625
jax/orbax/write/sharded_array_gb,0,0.0001373291015625
jax/orbax/write/sharded_array_gb,0,6.103515625e-05
jax/orbax/write/sharded_array_gb,0,0.0001373291015625
jax/orbax/write/sharded_array_gb,0,0.0001220703125
jax/orbax/write/sharded_array_gb,0,0.000823974609375
jax/orbax/write/sharded_array_gb,0,0.0001373291015625
jax/orbax/write/sharded_array_gb,0,0.0001373291015625
jax/orbax/write/sharded_array_gb,0,0.000823974609375
jax/orbax/write/sharded_array_gb,0,0.0001373291015625
jax/orbax/write/sharded_array_gb,0,0.000823974609375
jax/orbax/write/sharded_array_gb,0,0.0001220703125
jax/orbax/write/sharded_array_gb,0,0.0001373291015625
jax/orbax/write/sharded_array_gb,0,0.0001373291015625
jax/orbax/write/sharded_array_gb,0,6.103515625e-05
jax/orbax/write/sharded_array_gb,0,0.0001373291015625
jax/orbax/write/sharded_array_gb,0,0.0001220703125
jax/orbax/write/sharded_array_gb,0,0.000823974609375
jax/orbax/write/sharded_array_gb,0,0.0001373291015625
jax/orbax/write/sharded_array_gb,0,0.0001373291015625
jax/orbax/write/sharded_array_gb,0,0.000823974609375
jax/orbax/write/sharded_array_gb,0,0.0001373291015625
jax/orbax/write/sharded_array_gb,0,0.000823974609375
jax/orbax/write/sharded_array_gb,0,0.0001220703125
jax/orbax/write/sharded_array_gb,0,0.0001373291015625
jax/orbax/write/sharded_array_gb,0,0.0001373291015625
jax/orbax/write/sharded_array_gb,0,6.103515625e-05
jax/orbax/write/sharded_array_gb,0,0.0001373291015625
jax/orbax/write/sharded_array_gb,0,0.0001220703125
jax/orbax/write/sharded_array_gb,0,0.000823974609375
jax/orbax/write/sharded_array_gb,0,0.0001373291015625
jax/orbax/write/sharded_array_gb,0,0.0001373291015625
jax/orbax/write/sharded_array_gb,0,0.000823974609375
jax/orbax/write/sharded_array_gb,0,0.0001373291015625
jax/orbax/write/sharded_array_gb,0,0.000823974609375
jax/orbax/write/sharded_array_gb,0,0.0001220703125
jax/orbax/write/sharded_array_gb,0,0.0001373291015625
jax/orbax/write/sharded_array_gb,0,0.0001373291015625
jax/orbax/write/sharded_array_gb,0,6.103515625e-05
jax/orbax/write/sharded_array_gb,0,0.0001373291015625
jax/orbax/write/sharded_array_gb,0,0.0001220703125
jax/orbax/write/sharded_array_gb,0,0.000823974609375
jax/orbax/write/sharded_array_gb,0,0.0001373291015625
jax/orbax/write/sharded_array_gb,0,0.0001373291015625
jax/orbax/write/sharded_array_gb,0,0.000823974609375
jax/orbax/write/sharded_array_gb,0,0.0001373291015625
jax/orbax/write/sharded_array_gb,0,0.000823974609375
jax/orbax/write/sharded_array_gb,0,0.0001220703125
jax/orbax/write/sharded_array_gb,0,0.0001373291015625
jax/orbax/write/sharded_array_gb,0,0.0001373291015625
jax/orbax/write/sharded_array_gb,0,6.103515625e-05
jax/orbax/write/sharded_array_gb,0,0.0001373291015625
jax/orbax/write/sharded_array_gb,0,0.0001220703125
jax/orbax/write/sharded_array_gb,0,0.000823974609375
jax/orbax/write/sharded_array_gb,0,0.0001373291015625
jax/orbax/write/sharded_array_gb,0,0.0001373291015625
jax/orbax/write/sharded_array_gb,0,0.000823974609375
jax/orbax/write/sharded_array_gb,0,0.0001373291015625
jax/orbax/write/sharded_array_gb,0,0.000823974609375
jax/orbax/write/sharded_array_gb,0,0.0001220703125
jax/orbax/write/sharded_array_gb,0,0.0001373291015625
jax/orbax/write/sharded_array_gb,0,0.0001373291015625
jax/orbax/write/sharded_array_gb,0,6.103515625e-05
jax/orbax/write/sharded_array_gb,0,0.0001373291015625
jax/orbax/write/sharded_array_gb,0,0.0001220703125
jax/orbax/write/sharded_array_gb,0,0.000823974609375
jax/orbax/write/sharded_array_gb,0,0.0001373291015625
jax/orbax/write/sharded_array_gb,0,0.0001373291015625
jax/orbax/write/sharded_array_gb,0,0.000823974609375
jax/orbax/write/sharded_array_gb,0,0.0001373291015625
jax/orbax/write/sharded_array_gb,0,0.000823974609375
jax/orbax/write/sharded_array_gb,0,0.0001220703125
jax/orbax/write/sharded_array_gb,0,0.0001373291015625
jax/orbax/write/sharded_array_gb,0,0.0001373291015625
jax/orbax/write/sharded_array_gb,0,6.103515625e-05
jax/orbax/write/sharded_array_gb,0,0.0001373291015625
jax/orbax/write/sharded_array_gb,0,0.0001220703125
jax/orbax/write/sharded_array_gb,0,0.000823974609375
jax/orbax/write/sharded_array_gb,0,0.0001373291015625
jax/orbax/write/sharded_array_gb,0,0.0001373291015625
jax/orbax/write/sharded_array_gb,0,0.000823974609375
jax/orbax/write/sharded_array_gb,0,0.0001373291015625
jax/orbax/write/sharded_array_gb,0,0.000823974609375
jax/orbax/write/sharded_array_gb,0,0.0001220703125
jax/orbax/write/sharded_array_gb,0,0.0001373291015625
jax/orbax/write/sharded_array_gb,0,0.0001373291015625
jax/orbax/write/sharded_array_gb,0,6.103515625e-05
jax/orbax/write/sharded_array_gb,0,0.0001373291015625
jax/orbax/write/sharded_array_gb,0,0.0001220703125
jax/orbax/write/sharded_array_gb,0,0.000823974609375
jax/orbax/write/sharded_array_gb,0,0.0001373291015625
jax/orbax/write/sharded_array_gb,0,0.0001373291015625
jax/orbax/write/sharded_array_gb,0,0.000823974609375
jax/orbax/write/sharded_array_gb,0,0.0001373291015625
jax/orbax/write/sharded_array_gb,0,0.000823974609375
jax/orbax/write/sharded_array_gb,0,0.0001220703125
jax/orbax/write/sharded_array_gb,0,0.0001373291015625
jax/orbax/write/sharded_array_gb,0,0.0001373291015625
jax/orbax/write/sharded_array_gb,0,6.103515625e-05
jax/orbax/write/sharded_array_gb,0,0.0001373291015625
jax/orbax/write/sharded_array_gb,0,0.0001220703125
jax/orbax/write/sharded_array_gb,0,0.000823974609375
jax/orbax/write/sharded_array_gb,0,0.0001373291015625
jax/orbax/write/sharded_array_gb,0,0.0001373291015625
jax/orbax/write/sharded_array_gb,0,0.000823974609375
jax/orbax/write/sharded_array_gb,0,0.0001373291015625
jax/orbax/write/sharded_array_gb,0,0.000823974609375
jax/orbax/write/sharded_array_gb,0,0.0001220703125
jax/orbax/write/sharded_array_gb,0,0.0001373291015625
jax/orbax/write/sharded_array_gb,0,0.0001373291015625
jax/orbax/write/sharded_array_gb,0,6.103515625e-05
jax/orbax/write/sharded_array_gb,0,0.0001373291015625
jax/orbax/write/sharded_array_gb,0,0.0001220703125
jax/orbax/write/sharded_array_gb,0,0.000823974609375
jax/orbax/write/sharded_array_gb,0,0.0001373291015625
jax/orbax/write/sharded_array_gb,0,0.0001373291015625
jax/orbax/write/sharded_array_gb,0,0.000823974609375
jax/orbax/write/sharded_array_gb,0,0.0001373291015625
jax/orbax/write/sharded_array_gb,0,0.000823974609375
jax/orbax/write/sharded_array_gb,0,0.0001220703125
jax/orbax/write/sharded_array_gb,0,0.0001373291015625
jax/orbax/write/sharded_array_gb,0,0.0001373291015625
jax/orbax/write/sharded_array_gb,0,6.103515625e-05
jax/orbax/write/sharded_array_gb,0,0.0001373291015625
jax/orbax/write/sharded_array_gb,0,0.0001220703125
jax/orbax/write/sharded_array_gb,0,0.000823974609375
jax/orbax/write/sharded_array_gb,0,0.0001373291015625
jax/orbax/write/sharded_array_gb,0,0.0001373291015625
jax/orbax/write/sharded_array_gb,0,0.000823974609375
jax/orbax/write/sharded_array_gb,0,0.0001373291015625
jax/orbax/write/sharded_array_gb,0,0.000823974609375
jax/orbax/write/sharded_array_gb,0,0.0001220703125
jax/orbax/write/sharded_array_gb,0,0.0001373291015625
jax/orbax/write/sharded_array_gb,0,0.0001373291015625
jax/orbax/write/sharded_array_gb,0,6.103515625e-05
jax/orbax/write/sharded_array_gb,0,0.0001373291015625
jax/orbax/write/sharded_array_gb,0,0.0001220703125
jax/orbax/write/sharded_array_gb,0,0.000823974609375
jax/orbax/write/sharded_array_gb,0,0.0001373291015625
jax/orbax/write/sharded_array_gb,0,0.0001373291015625
jax/orbax/write/sharded_array_gb,0,0.000823974609375
jax/orbax/write/sharded_array_gb,0,0.0001373291015625
jax/orbax/write/sharded_array_gb,0,0.000823974609375
jax/orbax/write/sharded_array_gb,0,0.0001220703125
jax/orbax/write/sharded_array_gb,0,0.0001373291015625
jax/orbax/write/sharded_array_gb,0,0.0001373291015625
jax/orbax/write/sharded_array_gb,0,6.103515625e-05
jax/orbax/write/sharded_array_gb,0,0.0001373291015625
jax/orbax/write/sharded_array_gb,0,0.0001220703125
jax/orbax/write/sharded_array_gb,0,0.000823974609375
jax/orbax/write/sharded_array_gb,0,0.0001373291015625
jax/orbax/write/sharded_array_gb,0,0.0001373291015625
jax/orbax/write/sharded_array_gb,0,0.000823974609375
jax/orbax/write/sharded_array_gb,0,0.0001373291015625
jax/orbax/write/sharded_array_gb,0,0.000823974609375
jax/orbax/write/sharded_array_gb,0,0.0001220703125
jax/orbax/write/sharded_array_gb,0,0.0001373291015625
jax/orbax/write/sharded_array_gb,0,0.0001373291015625
jax/orbax/write/sharded_array_gb,0,6.103515625e-05
jax/orbax/write/sharded_array_gb,0,0.0001373291015625
jax/orbax/write/sharded_array_gb,0,0.0001220703125
jax/orbax/write/sharded_array_gb,0,0.000823974609375
jax/orbax/write/sharded_array_gb,0,0.0001373291015625
jax/orbax/write/sharded_array_gb,0,0.0001373291015625
jax/orbax/write/sharded_array_gb,0,0.000823974609375
jax/orbax/write/sharded_array_gb,0,0.0001373291015625
jax/orbax/write/sharded_array_gb,0,0.000823974609375
jax/orbax/write/sharded_array_gb,0,0.0001220703125
jax/orbax/write/sharded_array_gb,0,0.0001373291015625
jax/orbax/write/sharded_array_gb,0,0.0001373291015625
jax/orbax/write/sharded_array_gb,0,6.103515625e-05
jax/orbax/write/sharded_array_gb,0,0.0001373291015625
jax/orbax/write/sharded_array_gb,0,0.0001220703125
jax/orbax/write/sharded_array_gb,0,0.000823974609375
jax/orbax/write/sharded_array_gb,0,0.0001373291015625
jax/orbax/write/sharded_array_gb,0,0.0001373291015625
jax/orbax/write/sharded_array_gb,0,0.000823974609375
jax/orbax/write/sharded_array_gb,0,0.0001373291015625
jax/orbax/write/sharded_array_gb,0,0.000823974609375
jax/orbax/write/sharded_array_gb,0,0.0001220703125
jax/orbax/write/sharded_array_gb,0,0.0001373291015625
jax/orbax/write/sharded_array_gb,0,0.0001373291015625
jax/orbax/write/sharded_array_gb,0,6.103515625e-05
jax/orbax/write/sharded_array_gb,0,0.0001373291015625
jax/orbax/write/sharded_array_gb,0,0.0001220703125
jax/orbax/write/sharded_array_gb,0,0.000823974609375
jax/orbax/write/sharded_array_gb,0,0.0001373291015625
jax/orbax/write/sharded_array_gb,0,0.0001373291015625
jax/orbax/write/sharded_array_gb,0,0.000823974609375
jax/orbax/write/sharded_array_gb,0,0.0001373291015625
jax/orbax/write/sharded_array_gb,0,0.000823974609375
jax/orbax/write/sharded_array_gb,0,0.0001220703125
jax/orbax/write/sharded_array_gb,0,0.0001373291015625
jax/orbax/write/sharded_array_gb,0,0.0001373291015625
jax/orbax/write/sharded_array_gb,0,6.103515625e-05
jax/orbax/write/sharded_array_gb,0,0.0001373291015625
jax/orbax/write/sharded_array_gb,0,0.0001220703125
jax/orbax/write/sharded_array_gb,0,0.000823974609375
jax/orbax/write/sharded_array_gb,0,0.0001373291015625
jax/orbax/write/sharded_array_gb,0,0.0001373291015625
jax/orbax/write/sharded_array_gb,0,0.000823974609375
jax/orbax/write/sharded_array_gb,0,0.0001373291015625
jax/orbax/write/sharded_array_gb,0,0.000823974609375
jax/orbax/write/sharded_array_gb,0,0.0001220703125
jax/orbax/write/sharded_array_gb,0,0.0001373291015625
jax/orbax/write/sharded_array_gb,0,0.0001373291015625
jax/orbax/write/sharded_array_gb,0,6.103515625e-05
jax/orbax/write/sharded_array_gb,0,0.0001373291015625
jax/orbax/write/sharded_array_gb,0,0.0001220703125
jax/orbax/write/sharded_array_gb,0,0.000823974609375
jax/orbax/write/sharded_array_gb,0,0.0001373291015625
jax/orbax/write/sharded_array_gb,0,0.0001373291015625
jax/orbax/write/sharded_array_gb,0,0.000823974609375
jax/orbax/write/sharded_array_gb,0,0.0001373291015625
jax/orbax/write/sharded_array_gb,0,0.000823974609375
jax/orbax/write/sharded_array_gb,0,0.0001220703125
jax/orbax/write/sharded_array_gb,0,0.0001373291015625
jax/orbax/write/sharded_array_gb,0,0.0001373291015625
jax/orbax/write/sharded_array_gb,0,6.103515625e-05
jax/orbax/write/sharded_array_gb,0,0.0001373291015625
jax/orbax/write/sharded_array_gb,0,0.0001220703125
jax/orbax/write/sharded_array_gb,0,0.000823974609375
jax/orbax/write/sharded_array_gb,0,0.0001373291015625
jax/orbax/write/sharded_array_gb,0,0.0001373291015625
jax/orbax/write/sharded_array_gb,0,0.000823974609375
jax/orbax/write/sharded_array_gb,0,0.0001373291015625
jax/orbax/write/sharded_array_gb,0,0.000823974609375
jax/orbax/write/sharded_array_gb,0,0.0001220703125
jax/orbax/write/sharded_array_gb,0,0.0001373291015625
jax/orbax/write/sharded_array_gb,0,0.0001373291015625
jax/orbax/write/sharded_array_gb,0,6.103515625e-05
jax/orbax/write/sharded_array_gb,0,0.0001373291015625
jax/orbax/write/sharded_array_gb,0,0.0001220703125
jax/orbax/write/sharded_array_gb,0,0.000823974609375
jax/orbax/write/sharded_array_gb,0,0.0001373291015625
jax/orbax/write/sharded_array_gb,0,0.0001373291015625
jax/orbax/write/sharded_array_gb,0,0.000823974609375
jax/orbax/write/sharded_array_gb,0,0.0001373291015625
jax/orbax/write/sharded_array_gb,0,0.000823974609375
jax/orbax/write/sharded_array_gb,0,0.0001220703125
jax/orbax/write/sharded_array_gb,0,0.0001373291015625
jax/orbax/write/sharded_array_gb,0,0.0001373291015625
jax/orbax/write/sharded_array_gb,0,6.103515625e-05
jax/orbax/write/sharded_array_gb,0,0.0001373291015625
jax/orbax/write/sharded_array_gb,0,0.0001220703125
jax/orbax/write/sharded_array_gb,0,0.000823974609375
jax/orbax/write/sharded_array_gb,0,0.0001373291015625
jax/orbax/write/sharded_array_gb,0,0.0001373291015625
jax/orbax/write/sharded_array_gb,0,0.000823974609375
jax/orbax/write/sharded_array_gb,0,0.0001373291015625
jax/orbax/write/sharded_array_gb,0,0.000823974609375
jax/orbax/write/sharded_array_gb,0,0.0001220703125
jax/orbax/write/sharded_array_gb,0,0.0001373291015625
jax/orbax/write/sharded_array_gb,0,0.0001373291015625
jax/orbax/write/sharded_array_gb,0,6.103515625e-05
jax/orbax/write/sharded_array_gb,0,0.0001373291015625
jax/orbax/write/sharded_array_gb,0,0.0001220703125
jax/orbax/write/sharded_array_gb,0,0.000823974609375
jax/orbax/write/sharded_array_gb,0,0.0001373291015625
jax/orbax/write/sharded_array_gb,0,0.0001373291015625
jax/orbax/write/sharded_array_gb,0,0.000823974609375
jax/orbax/write/sharded_array_gb,0,0.0001373291015625
jax/orbax/write/sharded_array_gb,0,0.000823974609375
jax/orbax/write/sharded_array_gb,0,0.0001220703125
jax/orbax/write/sharded_array_gb,0,0.0001373291015625
jax/orbax/write/sharded_array_gb,0,0.0001373291015625
jax/orbax/write/sharded_array_gb,0,6.103515625e-05
jax/orbax/write/sharded_array_gb,0,0.0001373291015625
jax/orbax/write/sharded_array_gb,0,0.0001220703125
jax/orbax/write/sharded_array_gb,0,0.000823974609375
jax/orbax/write/sharded_array_gb,0,0.0001373291015625
jax/orbax/write/sharded_array_gb,0,0.0001373291015625
jax/orbax/write/sharded_array_gb,0,0.000823974609375
jax/orbax/write/sharded_array_gb,0,0.0001373291015625
jax/orbax/write/sharded_array_gb,0,0.000823974609375
jax/orbax/write/sharded_array_gb,0,0.0001220703125
jax/orbax/write/sharded_array_gb,0,0.0001373291015625
jax/orbax/write/sharded_array_gb,0,0.0001373291015625
jax/orbax/write/sharded_array_gb,0,6.103515625e-05
jax/orbax/write/sharded_array_gb,0,0.0001373291015625
jax/orbax/write/sharded_array_gb,0,0.0001220703125
jax/orbax/write/sharded_array_gb,0,0.000823974609375
jax/orbax/write/sharded_array_gb,0,0.0001373291015625
jax/orbax/write/sharded_array_gb,0,0.0001373291015625
jax/orbax/write/sharded_array_gb,0,0.000823974609375
jax/orbax/write/sharded_array_gb,0,0.0001373291015625
jax/orbax/write/sharded_array_gb,0,0.000823974609375
jax/orbax/write/sharded_array_gb,0,0.0001220703125
jax/orbax/write/sharded_array_gb,0,0.0001373291015625
jax/orbax/write/sharded_array_gb,0,0.0001373291015625
jax/orbax/write/sharded_array_gb,0,6.103515625e-05
jax/orbax/write/sharded_array_gb,0,0.0001373291015625
jax/orbax/write/sharded_array_gb,0,0.0001220703125
jax/orbax/write/sharded_array_gb,0,0.000823974609375
jax/orbax/write/sharded_array_gb,0,0.0001373291015625
jax/orbax/write/sharded_array_gb,0,0.0001373291015625
jax/orbax/write/sharded_array_gb,0,0.000823974609375
jax/orbax/write/sharded_array_gb,0,0.0001373291015625
jax/orbax/write/sharded_array_gb,0,0.000823974609375
jax/orbax/write/sharded_array_gb,0,0.0001220703125
jax/orbax/write/sharded_array_gb,0,0.0001373291015625
jax/orbax/write/sharded_array_gb,0,0.0001373291015625
jax/orbax/write/sharded_array_gb,0,6.103515625e-05
jax/orbax/write/sharded_array_gb,0,0.0001373291015625
jax/orbax/write/sharded_array_gb,0,0.0001220703125
jax/orbax/write/sharded_array_gb,0,0.000823974609375
jax/orbax/write/sharded_array_gb,0,0.0001373291015625
jax/orbax/write/sharded_array_gb,0,0.0001373291015625
jax/orbax/write/sharded_array_gb,0,0.000823974609375
jax/orbax/write/sharded_array_gb,0,0.0001373291015625
jax/orbax/write/sharded_array_gb,0,0.000823974609375
jax/orbax/write/sharded_array_gb,0,3.725290298461914e-09
jax/orbax/write/sharded_array_gb,0,3.725290298461914e-09
jax/orbax/write/sharded_array_gb,0,3.725290298461914e-09
jax/orbax/write/blocking_gbytes_per_sec,0,0.07185450941324234
jax/orbax/write/blocking_gbytes_per_sec,0,0.30571550130844116
jax/checkpoint/write/old_steps_examined_count,0,1.0
jax/orbax/write/gbytes_per_sec,0,0.062129199504852295
jax/orbax/write/gbytes_per_sec,0,0.15081503987312317
jax/orbax/write/gbytes,0,0.0936279296875
jax/orbax/write/gbytes,0,0.3745117485523224
rewards/train/sum,0,0.25
rewards/train/sum,1,1.0
rewards/train/sum,2,0.25
rewards/train/sum,3,-0.5
rewards/train/sum,4,-2.5
rewards/train/sum,5,3.5
rewards/train/sum,6,0.25
rewards/train/sum,7,1.0
rewards/train/sum,8,-1.5
rewards/train/sum,9,1.0
rewards/train/sum,10,-1.5
rewards/train/sum,11,1.0
rewards/train/sum,12,-0.25
rewards/train/sum,13,-0.25
rewards/train/sum,14,1.0
rewards/train/sum,15,1.0
rewards/train/sum,16,0.5
rewards/train/sum,17,-1.5
rewards/train/sum,18,-1.0
rewards/train/sum,19,-2.5
rewards/train/sum,20,0.25
rewards/train/sum,21,1.0
rewards/train/sum,22,1.0
rewards/train/sum,23,0.25
rewards/train/sum,24,-0.5
rewards/train/sum,25,0.5
rewards/train/sum,26,1.0
rewards/train/sum,27,0.25
rewards/train/sum,28,1.0
rewards/train/sum,29,0.25
rewards/train/sum,30,3.5
rewards/train/sum,31,-0.25
rewards/train/sum,32,0.25
rewards/train/sum,33,-0.5
rewards/train/sum,34,1.0
rewards/train/sum,35,-1.5
rewards/train/sum,36,1.0
rewards/train/sum,37,-0.75
rewards/train/sum,38,-1.0
rewards/train/sum,39,-0.5
rewards/train/sum,40,0.5
rewards/train/sum,41,1.0
rewards/train/sum,42,-1.0
rewards/train/sum,43,0.25
rewards/train/sum,44,1.0
rewards/train/sum,45,0.0
rewards/train/sum,46,1.0
rewards/train/sum,47,5.5
rewards/train/sum,48,0.25
rewards/train/sum,49,-0.5
rewards/train/sum,50,1.0
rewards/train/sum,51,0.25
rewards/train/sum,52,1.0
rewards/train/sum,53,1.0
rewards/train/sum,54,1.0
rewards/train/sum,55,1.0
rewards/train/sum,56,-0.5
rewards/train/sum,57,-0.5
rewards/train/sum,58,1.0
rewards/train/sum,59,0.75
rewards/train/sum,60,0.25
rewards/train/sum,61,-0.5
rewards/train/sum,62,-1.5
rewards/train/sum,63,-0.75
rewards/train/sum,64,1.0
rewards/train/sum,65,-0.5
rewards/train/sum,66,1.0
rewards/train/sum,67,-1.0
rewards/train/sum,68,-1.5
rewards/train/sum,69,1.0
rewards/train/sum,70,3.5
rewards/train/sum,71,1.0
rewards/train/sum,72,1.5
rewards/train/sum,73,-2.5
rewards/train/sum,74,-1.5
rewards/train/sum,75,1.0
rewards/train/sum,76,2.75
rewards/train/sum,77,-0.5
rewards/train/sum,78,1.0
rewards/train/sum,79,-0.5
rewards/train/sum,80,-0.5
rewards/train/sum,81,0.25
rewards/train/sum,82,0.0
rewards/train/sum,83,7.25
rewards/train/sum,84,-0.5
rewards/train/sum,85,0.25
rewards/train/sum,86,1.0
rewards/train/sum,87,1.0
rewards/train/sum,88,0.0
rewards/train/sum,89,1.0
rewards/train/sum,90,1.5
rewards/train/sum,91,1.0
rewards/train/sum,92,-0.5
rewards/train/sum,93,-1.5
rewards/train/sum,94,-2.5
rewards/train/sum,95,1.0
rewards/train/sum,96,1.0
rewards/train/sum,97,0.0
rewards/train/sum,98,1.0
rewards/train/sum,99,-1.5
rewards/train/sum,100,3.5
rewards/train/sum,101,0.25
rewards/train/sum,102,1.0
rewards/train/sum,103,-0.5
rewards/train/sum,104,0.25
rewards/train/sum,105,2.625
rewards/train/sum,106,1.0
rewards/train/sum,107,1.0
rewards/train/sum,108,0.25
rewards/train/sum,109,1.0
rewards/train/sum,110,1.0
rewards/train/sum,111,1.0
rewards/train/sum,112,-0.75
rewards/train/sum,113,1.0
rewards/train/sum,114,1.0
rewards/train/sum,115,-0.75
rewards/train/sum,116,-0.5
rewards/train/sum,117,-1.5
rewards/train/sum,118,1.0
rewards/train/sum,119,-1.5
rewards/train/sum,120,-1.5
rewards/train/sum,121,-1.0
rewards/train/sum,122,-1.5
rewards/train/sum,123,6.5
rewards/train/sum,124,-0.25
rewards/train/sum,125,-1.0
rewards/train/sum,126,0.5
rewards/train/sum,127,1.0
rewards/train/sum,128,-1.5
rewards/train/sum,129,-2.0
rewards/train/sum,130,-0.5
rewards/train/sum,131,3.5
rewards/train/sum,132,0.25
rewards/train/sum,133,-0.5
rewards/train/sum,134,1.0
rewards/train/sum,135,1.0
rewards/train/sum,136,3.5
rewards/train/sum,137,1.0
rewards/train/sum,138,1.0
rewards/train/sum,139,-0.5
rewards/train/sum,140,4.5
rewards/train/sum,141,3.5
rewards/train/sum,142,-0.25
rewards/train/sum,143,0.25
rewards/train/sum,144,-0.5
rewards/train/sum,145,2.875
rewards/train/sum,146,4.25
rewards/train/sum,147,1.0
rewards/train/sum,148,0.5
rewards/train/sum,149,1.0
rewards/train/sum,150,9.0
rewards/train/sum,151,-0.25
rewards/train/sum,152,6.25
rewards/train/sum,153,-1.5
rewards/train/sum,154,1.5
rewards/train/sum,155,3.25
rewards/train/sum,156,3.5
rewards/train/sum,157,10.0
rewards/train/sum,158,9.0
rewards/train/sum,159,5.0
rewards/train/sum,160,0.5
rewards/train/sum,161,9.0
rewards/train/sum,162,-1.0
rewards/train/sum,163,4.5
rewards/train/sum,164,5.5
rewards/train/sum,165,4.5
rewards/train/sum,166,0.25
rewards/train/sum,167,0.25
rewards/train/sum,168,1.5
rewards/train/sum,169,3.5
rewards/train/sum,170,3.5
rewards/train/sum,171,9.0
rewards/train/sum,172,3.5
rewards/train/sum,173,3.5
rewards/train/sum,174,6.25
rewards/train/sum,175,1.0
rewards/train/sum,176,3.5
rewards/train/sum,177,1.625
rewards/train/sum,178,6.25
rewards/train/sum,179,3.5
rewards/train/sum,180,-1.5
rewards/train/sum,181,2.0
rewards/train/sum,182,3.5
rewards/train/sum,183,9.0
rewards/train/sum,184,7.25
rewards/train/sum,185,6.25
rewards/train/sum,186,6.5
rewards/train/sum,187,3.75
rewards/train/sum,188,10.0
rewards/train/sum,189,-2.5
rewards/train/sum,190,4.75
rewards/train/sum,191,2.25
rewards/train/sum,192,1.5
rewards/train/sum,193,2.0
rewards/train/sum,194,3.0
rewards/train/sum,195,3.5
rewards/train/sum,196,1.0
rewards/train/sum,197,5.5
rewards/train/sum,198,9.0
rewards/train/sum,199,9.0
rewards/train/sum,200,10.0
rewards/train/sum,201,2.0
rewards/train/sum,202,9.0
rewards/train/sum,203,5.75
rewards/train/sum,204,9.0
rewards/train/sum,205,1.0
rewards/train/sum,206,-0.5
rewards/train/sum,207,0.25
rewards/train/sum,208,3.5
rewards/train/sum,209,1.0
rewards/train/sum,210,2.0
rewards/train/sum,211,9.0
rewards/train/sum,212,3.0
rewards/train/sum,213,6.25
rewards/train/sum,214,3.75
rewards/train/sum,215,1.5
rewards/train/sum,216,3.25
rewards/train/sum,217,-0.75
rewards/train/sum,218,5.75
rewards/train/sum,219,10.0
rewards/train/sum,220,10.0
rewards/train/sum,221,4.5
rewards/train/sum,222,1.5
rewards/train/sum,223,-0.5
rewards/train/sum,224,2.5
rewards/train/sum,225,4.5
rewards/train/sum,226,10.0
rewards/train/sum,227,4.5
rewards/train/sum,228,4.75
rewards/train/sum,229,4.75
rewards/train/sum,230,7.25
rewards/train/sum,231,10.0
rewards/train/sum,232,10.0
rewards/train/sum,233,-1.0
rewards/train/sum,234,5.75
rewards/train/sum,235,4.5
rewards/train/sum,236,10.0
rewards/train/sum,237,3.125
rewards/train/sum,238,7.25
rewards/train/sum,239,2.5
rewards/train/sum,240,4.5
rewards/train/sum,241,3.0
rewards/train/sum,242,10.0
rewards/train/sum,243,7.25
rewards/train/sum,244,4.5
rewards/train/sum,245,4.5
rewards/train/sum,246,7.25
rewards/train/sum,247,2.0
rewards/train/sum,248,4.5
rewards/train/sum,249,4.5
rewards/train/sum,250,7.25
rewards/train/sum,251,2.0
rewards/train/sum,252,1.0
rewards/train/sum,253,7.25
rewards/train/sum,254,10.0
rewards/train/sum,255,7.25
rewards/train/sum,256,7.25
rewards/train/sum,257,7.25
rewards/train/sum,258,1.25
rewards/train/sum,259,1.0
rewards/train/sum,260,10.0
rewards/train/sum,261,4.5
rewards/train/sum,262,-0.5
rewards/train/sum,263,6.0
rewards/train/sum,264,2.0
rewards/train/sum,265,5.25
rewards/train/sum,266,6.0
rewards/train/sum,267,4.5
rewards/train/sum,268,7.25
rewards/train/sum,269,6.5
rewards/train/sum,270,10.0
rewards/train/sum,271,4.5
rewards/train/sum,272,1.5
rewards/train/sum,273,7.25
rewards/train/sum,274,3.0
rewards/train/sum,275,1.5
rewards/train/sum,276,7.25
rewards/train/sum,277,6.0
rewards/train/sum,278,2.0
rewards/train/sum,279,4.5
rewards/train/sum,280,10.0
rewards/train/sum,281,10.0
rewards/train/sum,282,10.0
rewards/train/sum,283,5.125
rewards/train/sum,284,4.5
rewards/train/sum,285,4.5
rewards/train/sum,286,4.5
rewards/train/sum,287,2.5
rewards/train/sum,288,10.0
rewards/train/sum,289,8.0
rewards/train/sum,290,10.0
rewards/train/sum,291,7.25
rewards/train/sum,292,4.5
rewards/train/sum,293,10.0
rewards/train/sum,294,8.0
rewards/train/sum,295,1.0
rewards/train/sum,296,4.5
rewards/train/sum,297,3.0
rewards/train/sum,298,2.0
rewards/train/sum,299,4.5
rewards/train/sum,300,2.5
rewards/train/sum,301,10.0
rewards/train/sum,302,2.5
rewards/train/sum,303,7.25
rewards/train/sum,304,3.125
rewards/train/sum,305,7.25
rewards/train/sum,306,7.25
rewards/train/sum,307,7.25
rewards/train/sum,308,2.0
rewards/train/sum,309,2.25
rewards/train/sum,310,10.0
rewards/train/sum,311,5.75
rewards/train/sum,312,10.0
rewards/train/sum,313,2.0
rewards/train/sum,314,6.5
rewards/train/sum,315,10.0
rewards/train/sum,316,4.5
rewards/train/sum,317,10.0
rewards/train/sum,318,4.5
rewards/train/mean,0,0.0625
rewards/train/mean,1,0.25
rewards/train/mean,2,0.0625
rewards/train/mean,3,-0.125
rewards/train/mean,4,-0.625
rewards/train/mean,5,0.875
rewards/train/mean,6,0.0625
rewards/train/mean,7,0.25
rewards/train/mean,8,-0.375
rewards/train/mean,9,0.25
rewards/train/mean,10,-0.375
rewards/train/mean,11,0.25
rewards/train/mean,12,-0.0625
rewards/train/mean,13,-0.0625
rewards/train/mean,14,0.25
rewards/train/mean,15,0.25
rewards/train/mean,16,0.125
rewards/train/mean,17,-0.375
rewards/train/mean,18,-0.25
rewards/train/mean,19,-0.625
rewards/train/mean,20,0.0625
rewards/train/mean,21,0.25
rewards/train/mean,22,0.25
rewards/train/mean,23,0.0625
rewards/train/mean,24,-0.125
rewards/train/mean,25,0.125
rewards/train/mean,26,0.25
rewards/train/mean,27,0.0625
rewards/train/mean,28,0.25
rewards/train/mean,29,0.0625
rewards/train/mean,30,0.875
rewards/train/mean,31,-0.0625
rewards/train/mean,32,0.0625
rewards/train/mean,33,-0.125
rewards/train/mean,34,0.25
rewards/train/mean,35,-0.375
rewards/train/mean,36,0.25
rewards/train/mean,37,-0.1875
rewards/train/mean,38,-0.25
rewards/train/mean,39,-0.125
rewards/train/mean,40,0.125
rewards/train/mean,41,0.25
rewards/train/mean,42,-0.25
rewards/train/mean,43,0.0625
rewards/train/mean,44,0.25
rewards/train/mean,45,0.0
rewards/train/mean,46,0.25
rewards/train/mean,47,1.375
rewards/train/mean,48,0.0625
rewards/train/mean,49,-0.125
rewards/train/mean,50,0.25
rewards/train/mean,51,0.0625
rewards/train/mean,52,0.25
rewards/train/mean,53,0.25
rewards/train/mean,54,0.25
rewards/train/mean,55,0.25
rewards/train/mean,56,-0.125
rewards/train/mean,57,-0.125
rewards/train/mean,58,0.25
rewards/train/mean,59,0.1875
rewards/train/mean,60,0.0625
rewards/train/mean,61,-0.125
rewards/train/mean,62,-0.375
rewards/train/mean,63,-0.1875
rewards/train/mean,64,0.25
rewards/train/mean,65,-0.125
rewards/train/mean,66,0.25
rewards/train/mean,67,-0.25
rewards/train/mean,68,-0.375
rewards/train/mean,69,0.25
rewards/train/mean,70,0.875
rewards/train/mean,71,0.25
rewards/train/mean,72,0.375
rewards/train/mean,73,-0.625
rewards/train/mean,74,-0.375
rewards/train/mean,75,0.25
rewards/train/mean,76,0.6875
rewards/train/mean,77,-0.125
rewards/train/mean,78,0.25
rewards/train/mean,79,-0.125
rewards/train/mean,80,-0.125
rewards/train/mean,81,0.0625
rewards/train/mean,82,0.0
rewards/train/mean,83,1.8125
rewards/train/mean,84,-0.125
rewards/train/mean,85,0.0625
rewards/train/mean,86,0.25
rewards/train/mean,87,0.25
rewards/train/mean,88,0.0
rewards/train/mean,89,0.25
rewards/train/mean,90,0.375
rewards/train/mean,91,0.25
rewards/train/mean,92,-0.125
rewards/train/mean,93,-0.375
rewards/train/mean,94,-0.625
rewards/train/mean,95,0.25
rewards/train/mean,96,0.25
rewards/train/mean,97,0.0
rewards/train/mean,98,0.25
rewards/train/mean,99,-0.375
rewards/train/mean,100,0.875
rewards/train/mean,101,0.0625
rewards/train/mean,102,0.25
rewards/train/mean,103,-0.125
rewards/train/mean,104,0.0625
rewards/train/mean,105,0.65625
rewards/train/mean,106,0.25
rewards/train/mean,107,0.25
rewards/train/mean,108,0.0625
rewards/train/mean,109,0.25
rewards/train/mean,110,0.25
rewards/train/mean,111,0.25
rewards/train/mean,112,-0.1875
rewards/train/mean,113,0.25
rewards/train/mean,114,0.25
rewards/train/mean,115,-0.1875
rewards/train/mean,116,-0.125
rewards/train/mean,117,-0.375
rewards/train/mean,118,0.25
rewards/train/mean,119,-0.375
rewards/train/mean,120,-0.375
rewards/train/mean,121,-0.25
rewards/train/mean,122,-0.375
rewards/train/mean,123,1.625
rewards/train/mean,124,-0.0625
rewards/train/mean,125,-0.25
rewards/train/mean,126,0.125
rewards/train/mean,127,0.25
rewards/train/mean,128,-0.375
rewards/train/mean,129,-0.5
rewards/train/mean,130,-0.125
rewards/train/mean,131,0.875
rewards/train/mean,132,0.0625
rewards/train/mean,133,-0.125
rewards/train/mean,134,0.25
rewards/train/mean,135,0.25
rewards/train/mean,136,0.875
rewards/train/mean,137,0.25
rewards/train/mean,138,0.25
rewards/train/mean,139,-0.125
rewards/train/mean,140,1.125
rewards/train/mean,141,0.875
rewards/train/mean,142,-0.0625
rewards/train/mean,143,0.0625
rewards/train/mean,144,-0.125
rewards/train/mean,145,0.71875
rewards/train/mean,146,1.0625
rewards/train/mean,147,0.25
rewards/train/mean,148,0.125
rewards/train/mean,149,0.25
rewards/train/mean,150,2.25
rewards/train/mean,151,-0.0625
rewards/train/mean,152,1.5625
rewards/train/mean,153,-0.375
rewards/train/mean,154,0.375
rewards/train/mean,155,0.8125
rewards/train/mean,156,0.875
rewards/train/mean,157,2.5
rewards/train/mean,158,2.25
rewards/train/mean,159,1.25
rewards/train/mean,160,0.125
rewards/train/mean,161,2.25
rewards/train/mean,162,-0.25
rewards/train/mean,163,1.125
rewards/train/mean,164,1.375
rewards/train/mean,165,1.125
rewards/train/mean,166,0.0625
rewards/train/mean,167,0.0625
rewards/train/mean,168,0.375
rewards/train/mean,169,0.875
rewards/train/mean,170,0.875
rewards/train/mean,171,2.25
rewards/train/mean,172,0.875
rewards/train/mean,173,0.875
rewards/train/mean,174,1.5625
rewards/train/mean,175,0.25
rewards/train/mean,176,0.875
rewards/train/mean,177,0.40625
rewards/train/mean,178,1.5625
rewards/train/mean,179,0.875
rewards/train/mean,180,-0.375
rewards/train/mean,181,0.5
rewards/train/mean,182,0.875
rewards/train/mean,183,2.25
rewards/train/mean,184,1.8125
rewards/train/mean,185,1.5625
rewards/train/mean,186,1.625
rewards/train/mean,187,0.9375
rewards/train/mean,188,2.5
rewards/train/mean,189,-0.625
rewards/train/mean,190,1.1875
rewards/train/mean,191,0.5625
rewards/train/mean,192,0.375
rewards/train/mean,193,0.5
rewards/train/mean,194,0.75
rewards/train/mean,195,0.875
rewards/train/mean,196,0.25
rewards/train/mean,197,1.375
rewards/train/mean,198,2.25
rewards/train/mean,199,2.25
rewards/train/mean,200,2.5
rewards/train/mean,201,0.5
rewards/train/mean,202,2.25
rewards/train/mean,203,1.4375
rewards/train/mean,204,2.25
rewards/train/mean,205,0.25
rewards/train/mean,206,-0.125
rewards/train/mean,207,0.0625
rewards/train/mean,208,0.875
rewards/train/mean,209,0.25
rewards/train/mean,210,0.5
rewards/train/mean,211,2.25
rewards/train/mean,212,0.75
rewards/train/mean,213,1.5625
rewards/train/mean,214,0.9375
rewards/train/mean,215,0.375
rewards/train/mean,216,0.8125
rewards/train/mean,217,-0.1875
rewards/train/mean,218,1.4375
rewards/train/mean,219,2.5
rewards/train/mean,220,2.5
rewards/train/mean,221,1.125
rewards/train/mean,222,0.375
rewards/train/mean,223,-0.125
rewards/train/mean,224,0.625
rewards/train/mean,225,1.125
rewards/train/mean,226,2.5
rewards/train/mean,227,1.125
rewards/train/mean,228,1.1875
rewards/train/mean,229,1.1875
rewards/train/mean,230,1.8125
rewards/train/mean,231,2.5
rewards/train/mean,232,2.5
rewards/train/mean,233,-0.25
rewards/train/mean,234,1.4375
rewards/train/mean,235,1.125
rewards/train/mean,236,2.5
rewards/train/mean,237,0.78125
rewards/train/mean,238,1.8125
rewards/train/mean,239,0.625
rewards/train/mean,240,1.125
rewards/train/mean,241,0.75
rewards/train/mean,242,2.5
rewards/train/mean,243,1.8125
rewards/train/mean,244,1.125
rewards/train/mean,245,1.125
rewards/train/mean,246,1.8125
rewards/train/mean,247,0.5
rewards/train/mean,248,1.125
rewards/train/mean,249,1.125
rewards/train/mean,250,1.8125
rewards/train/mean,251,0.5
rewards/train/mean,252,0.25
rewards/train/mean,253,1.8125
rewards/train/mean,254,2.5
rewards/train/mean,255,1.8125
rewards/train/mean,256,1.8125
rewards/train/mean,257,1.8125
rewards/train/mean,258,0.3125
rewards/train/mean,259,0.25
rewards/train/mean,260,2.5
rewards/train/mean,261,1.125
rewards/train/mean,262,-0.125
rewards/train/mean,263,1.5
rewards/train/mean,264,0.5
rewards/train/mean,265,1.3125
rewards/train/mean,266,1.5
rewards/train/mean,267,1.125
rewards/train/mean,268,1.8125
rewards/train/mean,269,1.625
rewards/train/mean,270,2.5
rewards/train/mean,271,1.125
rewards/train/mean,272,0.375
rewards/train/mean,273,1.8125
rewards/train/mean,274,0.75
rewards/train/mean,275,0.375
rewards/train/mean,276,1.8125
rewards/train/mean,277,1.5
rewards/train/mean,278,0.5
rewards/train/mean,279,1.125
rewards/train/mean,280,2.5
rewards/train/mean,281,2.5
rewards/train/mean,282,2.5
rewards/train/mean,283,1.28125
rewards/train/mean,284,1.125
rewards/train/mean,285,1.125
rewards/train/mean,286,1.125
rewards/train/mean,287,0.625
rewards/train/mean,288,2.5
rewards/train/mean,289,2.0
rewards/train/mean,290,2.5
rewards/train/mean,291,1.8125
rewards/train/mean,292,1.125
rewards/train/mean,293,2.5
rewards/train/mean,294,2.0
rewards/train/mean,295,0.25
rewards/train/mean,296,1.125
rewards/train/mean,297,0.75
rewards/train/mean,298,0.5
rewards/train/mean,299,1.125
rewards/train/mean,300,0.625
rewards/train/mean,301,2.5
rewards/train/mean,302,0.625
rewards/train/mean,303,1.8125
rewards/train/mean,304,0.78125
rewards/train/mean,305,1.8125
rewards/train/mean,306,1.8125
rewards/train/mean,307,1.8125
rewards/train/mean,308,0.5
rewards/train/mean,309,0.5625
rewards/train/mean,310,2.5
rewards/train/mean,311,1.4375
rewards/train/mean,312,2.5
rewards/train/mean,313,0.5
rewards/train/mean,314,1.625
rewards/train/mean,315,2.5
rewards/train/mean,316,1.125
rewards/train/mean,317,2.5
rewards/train/min,0,-0.5
rewards/train/min,1,-0.5
rewards/train/min,2,-0.5
rewards/train/min,3,-0.5
rewards/train/min,4,-2.5
rewards/train/min,5,-1.0
rewards/train/min,6,-0.5
rewards/train/min,7,-0.5
rewards/train/min,8,-2.5
rewards/train/min,9,-0.5
rewards/train/min,10,-2.5
rewards/train/min,11,-0.5
rewards/train/min,12,-1.5
rewards/train/min,13,-1.5
rewards/train/min,14,-0.5
rewards/train/min,15,-0.5
rewards/train/min,16,-1.5
rewards/train/min,17,-2.5
rewards/train/min,18,-1.5
rewards/train/min,19,-2.5
rewards/train/min,20,-0.5
rewards/train/min,21,-0.5
rewards/train/min,22,-0.5
rewards/train/min,23,-0.5
rewards/train/min,24,-0.5
rewards/train/min,25,-1.5
rewards/train/min,26,-0.5
rewards/train/min,27,-0.5
rewards/train/min,28,-0.5
rewards/train/min,29,-0.5
rewards/train/min,30,-1.0
rewards/train/min,31,-1.5
rewards/train/min,32,-0.5
rewards/train/min,33,-0.5
rewards/train/min,34,-1.5
rewards/train/min,35,-2.5
rewards/train/min,36,-0.5
rewards/train/min,37,-1.5
rewards/train/min,38,-1.5
rewards/train/min,39,-0.5
rewards/train/min,40,-1.5
rewards/train/min,41,-0.5
rewards/train/min,42,-1.5
rewards/train/min,43,-0.5
rewards/train/min,44,-0.5
rewards/train/min,45,-0.5
rewards/train/min,46,-0.5
rewards/train/min,47,0.0
rewards/train/min,48,-0.5
rewards/train/min,49,-0.5
rewards/train/min,50,-0.5
rewards/train/min,51,-0.5
rewards/train/min,52,-0.5
rewards/train/min,53,-0.5
rewards/train/min,54,-0.5
rewards/train/min,55,-0.5
rewards/train/min,56,-0.5
rewards/train/min,57,-0.5
rewards/train/min,58,-0.5
rewards/train/min,59,-0.5
rewards/train/min,60,-0.5
rewards/train/min,61,-0.5
rewards/train/min,62,-2.5
rewards/train/min,63,-2.5
rewards/train/min,64,-0.5
rewards/train/min,65,-0.5
rewards/train/min,66,-0.5
rewards/train/min,67,-1.5
rewards/train/min,68,-2.5
rewards/train/min,69,-0.5
rewards/train/min,70,-1.0
rewards/train/min,71,-0.5
rewards/train/min,72,-0.5
rewards/train/min,73,-2.5
rewards/train/min,74,-2.5
rewards/train/min,75,-0.5
rewards/train/min,76,-1.0
rewards/train/min,77,-0.5
rewards/train/min,78,-0.5
rewards/train/min,79,-0.5
rewards/train/min,80,-0.5
rewards/train/min,81,-0.5
rewards/train/min,82,-0.5
rewards/train/min,83,-1.0
rewards/train/min,84,-0.5
rewards/train/min,85,-0.5
rewards/train/min,86,-0.5
rewards/train/min,87,-0.5
rewards/train/min,88,-0.5
rewards/train/min,89,-0.5
rewards/train/min,90,-0.5
rewards/train/min,91,-0.5
rewards/train/min,92,-0.5
rewards/train/min,93,-1.5
rewards/train/min,94,-2.5
rewards/train/min,95,-0.5
rewards/train/min,96,-0.5
rewards/train/min,97,-1.5
rewards/train/min,98,-0.5
rewards/train/min,99,-2.5
rewards/train/min,100,-1.0
rewards/train/min,101,-0.5
rewards/train/min,102,-0.5
rewards/train/min,103,-0.5
rewards/train/min,104,-0.5
rewards/train/min,105,0.0
rewards/train/min,106,-0.5
rewards/train/min,107,-0.5
rewards/train/min,108,-0.5
rewards/train/min,109,-0.5
rewards/train/min,110,-0.5
rewards/train/min,111,-0.5
rewards/train/min,112,-1.5
rewards/train/min,113,-0.5
rewards/train/min,114,-0.5
rewards/train/min,115,-2.5
rewards/train/min,116,-0.5
rewards/train/min,117,-2.5
rewards/train/min,118,-0.5
rewards/train/min,119,-2.5
rewards/train/min,120,-2.5
rewards/train/min,121,-1.5
rewards/train/min,122,-2.5
rewards/train/min,123,0.0
rewards/train/min,124,-1.5
rewards/train/min,125,-1.5
rewards/train/min,126,-1.5
rewards/train/min,127,-0.5
rewards/train/min,128,-2.5
rewards/train/min,129,-2.5
rewards/train/min,130,-0.5
rewards/train/min,131,-1.0
rewards/train/min,132,-0.5
rewards/train/min,133,-0.5
rewards/train/min,134,-0.5
rewards/train/min,135,-0.5
rewards/train/min,136,-1.0
rewards/train/min,137,-0.5
rewards/train/min,138,-0.5
rewards/train/min,139,-0.5
rewards/train/min,140,-1.5
rewards/train/min,141,-1.0
rewards/train/min,142,-2.5
rewards/train/min,143,-0.5
rewards/train/min,144,-0.5
rewards/train/min,145,-0.5
rewards/train/min,146,-1.0
rewards/train/min,147,-2.5
rewards/train/min,148,0.0
rewards/train/min,149,-1.5
rewards/train/min,150,1.5
rewards/train/min,151,-1.5
rewards/train/min,152,-1.0
rewards/train/min,153,-1.5
rewards/train/min,154,-0.5
rewards/train/min,155,-2.5
rewards/train/min,156,-1.0
rewards/train/min,157,1.5
rewards/train/min,158,1.5
rewards/train/min,159,-1.0
rewards/train/min,160,-2.5
rewards/train/min,161,1.5
rewards/train/min,162,-1.5
rewards/train/min,163,-1.0
rewards/train/min,164,-0.5
rewards/train/min,165,-1.0
rewards/train/min,166,-0.5
rewards/train/min,167,-0.5
rewards/train/min,168,-1.0
rewards/train/min,169,-1.0
rewards/train/min,170,-1.0
rewards/train/min,171,1.5
rewards/train/min,172,-1.0
rewards/train/min,173,-1.0
rewards/train/min,174,-1.0
rewards/train/min,175,-1.5
rewards/train/min,176,-1.0
rewards/train/min,177,-1.5
rewards/train/min,178,-1.0
rewards/train/min,179,-1.0
rewards/train/min,180,-2.5
rewards/train/min,181,-1.0
rewards/train/min,182,-1.0
rewards/train/min,183,1.5
rewards/train/min,184,-1.0
rewards/train/min,185,-1.0
rewards/train/min,186,0.5
rewards/train/min,187,-1.5
rewards/train/min,188,1.5
rewards/train/min,189,-2.5
rewards/train/min,190,0.0
rewards/train/min,191,-0.5
rewards/train/min,192,-0.5
rewards/train/min,193,-1.0
rewards/train/min,194,0.0
rewards/train/min,195,-1.0
rewards/train/min,196,-1.5
rewards/train/min,197,-0.5
rewards/train/min,198,1.5
rewards/train/min,199,1.5
rewards/train/min,200,1.5
rewards/train/min,201,-0.5
rewards/train/min,202,1.5
rewards/train/min,203,0.0
rewards/train/min,204,1.5
rewards/train/min,205,-0.5
rewards/train/min,206,-0.5
rewards/train/min,207,-0.5
rewards/train/min,208,-1.0
rewards/train/min,209,-0.5
rewards/train/min,210,0.0
rewards/train/min,211,1.5
rewards/train/min,212,-1.0
rewards/train/min,213,-1.0
rewards/train/min,214,-1.5
rewards/train/min,215,-0.5
rewards/train/min,216,-1.0
rewards/train/min,217,-1.5
rewards/train/min,218,0.0
rewards/train/min,219,1.5
rewards/train/min,220,1.5
rewards/train/min,221,-1.0
rewards/train/min,222,-1.5
rewards/train/min,223,-0.5
rewards/train/min,224,-1.0
rewards/train/min,225,-1.0
rewards/train/min,226,1.5
rewards/train/min,227,-1.0
rewards/train/min,228,-0.5
rewards/train/min,229,-0.5
rewards/train/min,230,-1.0
rewards/train/min,231,1.5
rewards/train/min,232,1.5
rewards/train/min,233,-1.5
rewards/train/min,234,0.0
rewards/train/min,235,-1.0
rewards/train/min,236,1.5
rewards/train/min,237,0.0
rewards/train/min,238,-1.0
rewards/train/min,239,-1.0
rewards/train/min,240,-1.0
rewards/train/min,241,-1.0
rewards/train/min,242,1.5
rewards/train/min,243,-1.0
rewards/train/min,244,-1.0
rewards/train/min,245,-1.0
rewards/train/min,246,-1.0
rewards/train/min,247,-1.0
rewards/train/min,248,-1.0
rewards/train/min,249,-1.0
rewards/train/min,250,-1.0
rewards/train/min,251,-1.0
rewards/train/min,252,-0.5
rewards/train/min,253,-1.0
rewards/train/min,254,1.5
rewards/train/min,255,-1.0
rewards/train/min,256,-1.0
rewards/train/min,257,-1.0
rewards/train/min,258,-0.5
rewards/train/min,259,-0.5
rewards/train/min,260,1.5
rewards/train/min,261,-1.0
rewards/train/min,262,-0.5
rewards/train/min,263,-1.0
rewards/train/min,264,0.0
rewards/train/min,265,0.0
rewards/train/min,266,0.0
rewards/train/min,267,-1.0
rewards/train/min,268,-1.0
rewards/train/min,269,0.0
rewards/train/min,270,1.5
rewards/train/min,271,-1.0
rewards/train/min,272,0.0
rewards/train/min,273,-1.0
rewards/train/min,274,-1.0
rewards/train/min,275,-0.5
rewards/train/min,276,-1.0
rewards/train/min,277,0.0
rewards/train/min,278,0.0
rewards/train/min,279,-1.0
rewards/train/min,280,1.5
rewards/train/min,281,1.5
rewards/train/min,282,1.5
rewards/train/min,283,-1.0
rewards/train/min,284,-1.0
rewards/train/min,285,-1.0
rewards/train/min,286,-1.0
rewards/train/min,287,-1.0
rewards/train/min,288,1.5
rewards/train/min,289,0.0
rewards/train/min,290,1.5
rewards/train/min,291,-1.0
rewards/train/min,292,-1.0
rewards/train/min,293,1.5
rewards/train/min,294,0.0
rewards/train/min,295,0.0
rewards/train/min,296,-1.0
rewards/train/min,297,0.0
rewards/train/min,298,-1.0
rewards/train/min,299,-1.0
rewards/train/min,300,-1.0
rewards/train/min,301,1.5
rewards/train/min,302,-1.0
rewards/train/min,303,-1.0
rewards/train/min,304,0.0
rewards/train/min,305,-1.0
rewards/train/min,306,-1.0
rewards/train/min,307,-1.0
rewards/train/min,308,-1.0
rewards/train/min,309,0.0
rewards/train/min,310,1.5
rewards/train/min,311,0.0
rewards/train/min,312,1.5
rewards/train/min,313,-1.0
rewards/train/min,314,0.0
rewards/train/min,315,1.5
rewards/train/min,316,-1.0
rewards/train/min,317,1.5
rewards/train/max,0,1.5
rewards/train/max,1,1.5
rewards/train/max,2,1.5
rewards/train/max,3,0.0
rewards/train/max,4,0.0
rewards/train/max,5,3.0
rewards/train/max,6,1.5
rewards/train/max,7,1.5
rewards/train/max,8,0.0
rewards/train/max,9,1.5
rewards/train/max,10,0.0
rewards/train/max,11,1.5
rewards/train/max,12,1.5
rewards/train/max,13,1.5
rewards/train/max,14,1.5
rewards/train/max,15,1.5
rewards/train/max,16,1.5
rewards/train/max,17,0.0
rewards/train/max,18,0.0
rewards/train/max,19,0.0
rewards/train/max,20,1.5
rewards/train/max,21,1.5
rewards/train/max,22,1.5
rewards/train/max,23,1.5
rewards/train/max,24,0.0
rewards/train/max,25,1.5
rewards/train/max,26,1.5
rewards/train/max,27,1.5
rewards/train/max,28,1.5
rewards/train/max,29,1.5
rewards/train/max,30,3.0
rewards/train/max,31,1.5
rewards/train/max,32,1.5
rewards/train/max,33,0.0
rewards/train/max,34,3.0
rewards/train/max,35,0.0
rewards/train/max,36,1.5
rewards/train/max,37,1.5
rewards/train/max,38,0.0
rewards/train/max,39,0.0
rewards/train/max,40,1.5
rewards/train/max,41,1.5
rewards/train/max,42,0.0
rewards/train/max,43,1.5
rewards/train/max,44,1.5
rewards/train/max,45,0.5
rewards/train/max,46,1.5
rewards/train/max,47,3.0
rewards/train/max,48,1.5
rewards/train/max,49,0.0
rewards/train/max,50,1.5
rewards/train/max,51,1.5
rewards/train/max,52,1.5
rewards/train/max,53,1.5
rewards/train/max,54,1.5
rewards/train/max,55,1.5
rewards/train/max,56,0.0
rewards/train/max,57,0.0
rewards/train/max,58,1.5
rewards/train/max,59,1.5
rewards/train/max,60,1.5
rewards/train/max,61,0.0
rewards/train/max,62,0.0
rewards/train/max,63,1.5
rewards/train/max,64,1.5
rewards/train/max,65,0.0
rewards/train/max,66,1.5
rewards/train/max,67,0.0
rewards/train/max,68,0.0
rewards/train/max,69,1.5
rewards/train/max,70,3.0
rewards/train/max,71,1.5
rewards/train/max,72,1.5
rewards/train/max,73,0.0
rewards/train/max,74,0.0
rewards/train/max,75,1.5
rewards/train/max,76,3.0
rewards/train/max,77,0.0
rewards/train/max,78,1.5
rewards/train/max,79,0.0
rewards/train/max,80,0.0
rewards/train/max,81,1.5
rewards/train/max,82,0.5
rewards/train/max,83,3.0
rewards/train/max,84,0.0
rewards/train/max,85,1.5
rewards/train/max,86,1.5
rewards/train/max,87,1.5
rewards/train/max,88,0.5
rewards/train/max,89,1.5
rewards/train/max,90,1.5
rewards/train/max,91,1.5
rewards/train/max,92,0.0
rewards/train/max,93,0.0
rewards/train/max,94,0.0
rewards/train/max,95,1.5
rewards/train/max,96,1.5
rewards/train/max,97,1.5
rewards/train/max,98,1.5
rewards/train/max,99,0.0
rewards/train/max,100,3.0
rewards/train/max,101,1.5
rewards/train/max,102,1.5
rewards/train/max,103,0.0
rewards/train/max,104,1.5
rewards/train/max,105,3.0
rewards/train/max,106,1.5
rewards/train/max,107,1.5
rewards/train/max,108,1.5
rewards/train/max,109,1.5
rewards/train/max,110,1.5
rewards/train/max,111,1.5
rewards/train/max,112,1.5
rewards/train/max,113,1.5
rewards/train/max,114,1.5
rewards/train/max,115,1.5
rewards/train/max,116,0.0
rewards/train/max,117,0.0
rewards/train/max,118,1.5
rewards/train/max,119,0.0
rewards/train/max,120,0.0
rewards/train/max,121,0.0
rewards/train/max,122,0.0
rewards/train/max,123,3.0
rewards/train/max,124,1.5
rewards/train/max,125,0.0
rewards/train/max,126,1.5
rewards/train/max,127,1.5
rewards/train/max,128,0.0
rewards/train/max,129,0.0
rewards/train/max,130,0.0
rewards/train/max,131,3.0
rewards/train/max,132,1.5
rewards/train/max,133,0.0
rewards/train/max,134,1.5
rewards/train/max,135,1.5
rewards/train/max,136,3.0
rewards/train/max,137,1.5
rewards/train/max,138,1.5
rewards/train/max,139,0.0
rewards/train/max,140,3.0
rewards/train/max,141,3.0
rewards/train/max,142,1.5
rewards/train/max,143,1.5
rewards/train/max,144,0.0
rewards/train/max,145,3.0
rewards/train/max,146,3.0
rewards/train/max,147,3.0
rewards/train/max,148,0.5
rewards/train/max,149,3.0
rewards/train/max,150,3.0
rewards/train/max,151,1.5
rewards/train/max,152,3.0
rewards/train/max,153,0.0
rewards/train/max,154,1.5
rewards/train/max,155,3.0
rewards/train/max,156,3.0
rewards/train/max,157,3.0
rewards/train/max,158,3.0
rewards/train/max,159,3.0
rewards/train/max,160,3.0
rewards/train/max,161,3.0
rewards/train/max,162,0.0
rewards/train/max,163,3.0
rewards/train/max,164,3.0
rewards/train/max,165,3.0
rewards/train/max,166,1.5
rewards/train/max,167,1.5
rewards/train/max,168,3.0
rewards/train/max,169,3.0
rewards/train/max,170,3.0
rewards/train/max,171,3.0
rewards/train/max,172,3.0
rewards/train/max,173,3.0
rewards/train/max,174,3.0
rewards/train/max,175,3.0
rewards/train/max,176,3.0
rewards/train/max,177,3.0
rewards/train/max,178,3.0
rewards/train/max,179,3.0
rewards/train/max,180,0.0
rewards/train/max,181,3.0
rewards/train/max,182,3.0
rewards/train/max,183,3.0
rewards/train/max,184,3.0
rewards/train/max,185,3.0
rewards/train/max,186,3.0
rewards/train/max,187,3.0
rewards/train/max,188,3.0
rewards/train/max,189,0.0
rewards/train/max,190,3.0
rewards/train/max,191,3.0
rewards/train/max,192,1.5
rewards/train/max,193,3.0
rewards/train/max,194,1.5
rewards/train/max,195,3.0
rewards/train/max,196,3.0
rewards/train/max,197,3.0
rewards/train/max,198,3.0
rewards/train/max,199,3.0
rewards/train/max,200,3.0
rewards/train/max,201,1.5
rewards/train/max,202,3.0
rewards/train/max,203,3.0
rewards/train/max,204,3.0
rewards/train/max,205,1.5
rewards/train/max,206,0.0
rewards/train/max,207,1.5
rewards/train/max,208,3.0
rewards/train/max,209,1.5
rewards/train/max,210,1.5
rewards/train/max,211,3.0
rewards/train/max,212,3.0
rewards/train/max,213,3.0
rewards/train/max,214,3.0
rewards/train/max,215,1.5
rewards/train/max,216,3.0
rewards/train/max,217,1.5
rewards/train/max,218,3.0
rewards/train/max,219,3.0
rewards/train/max,220,3.0
rewards/train/max,221,3.0
rewards/train/max,222,3.0
rewards/train/max,223,0.0
rewards/train/max,224,3.0
rewards/train/max,225,3.0
rewards/train/max,226,3.0
rewards/train/max,227,3.0
rewards/train/max,228,3.0
rewards/train/max,229,3.0
rewards/train/max,230,3.0
rewards/train/max,231,3.0
rewards/train/max,232,3.0
rewards/train/max,233,0.0
rewards/train/max,234,3.0
rewards/train/max,235,3.0
rewards/train/max,236,3.0
rewards/train/max,237,3.0
rewards/train/max,238,3.0
rewards/train/max,239,3.0
rewards/train/max,240,3.0
rewards/train/max,241,3.0
rewards/train/max,242,3.0
rewards/train/max,243,3.0
rewards/train/max,244,3.0
rewards/train/max,245,3.0
rewards/train/max,246,3.0
rewards/train/max,247,3.0
rewards/train/max,248,3.0
rewards/train/max,249,3.0
rewards/train/max,250,3.0
rewards/train/max,251,3.0
rewards/train/max,252,1.5
rewards/train/max,253,3.0
rewards/train/max,254,3.0
rewards/train/max,255,3.0
rewards/train/max,256,3.0
rewards/train/max,257,3.0
rewards/train/max,258,1.5
rewards/train/max,259,1.5
rewards/train/max,260,3.0
rewards/train/max,261,3.0
rewards/train/max,262,0.0
rewards/train/max,263,3.0
rewards/train/max,264,1.5
rewards/train/max,265,3.0
rewards/train/max,266,3.0
rewards/train/max,267,3.0
rewards/train/max,268,3.0
rewards/train/max,269,3.0
rewards/train/max,270,3.0
rewards/train/max,271,3.0
rewards/train/max,272,1.5
rewards/train/max,273,3.0
rewards/train/max,274,3.0
rewards/train/max,275,1.5
rewards/train/max,276,3.0
rewards/train/max,277,3.0
rewards/train/max,278,1.5
rewards/train/max,279,3.0
rewards/train/max,280,3.0
rewards/train/max,281,3.0
rewards/train/max,282,3.0
rewards/train/max,283,3.0
rewards/train/max,284,3.0
rewards/train/max,285,3.0
rewards/train/max,286,3.0
rewards/train/max,287,3.0
rewards/train/max,288,3.0
rewards/train/max,289,3.0
rewards/train/max,290,3.0
rewards/train/max,291,3.0
rewards/train/max,292,3.0
rewards/train/max,293,3.0
rewards/train/max,294,3.0
rewards/train/max,295,1.5
rewards/train/max,296,3.0
rewards/train/max,297,1.5
rewards/train/max,298,3.0
rewards/train/max,299,3.0
rewards/train/max,300,3.0
rewards/train/max,301,3.0
rewards/train/max,302,3.0
rewards/train/max,303,3.0
rewards/train/max,304,3.0
rewards/train/max,305,3.0
rewards/train/max,306,3.0
rewards/train/max,307,3.0
rewards/train/max,308,3.0
rewards/train/max,309,1.5
rewards/train/max,310,3.0
rewards/train/max,311,3.0
rewards/train/max,312,3.0
rewards/train/max,313,3.0
rewards/train/max,314,3.0
rewards/train/max,315,3.0
rewards/train/max,316,3.0
rewards/train/max,317,3.0
rewards/train/match_format_exactly,0,0.0
rewards/train/match_format_exactly,1,0.0
rewards/train/match_format_exactly,2,0.0
rewards/train/match_format_exactly,3,0.0
rewards/train/match_format_exactly,4,0.0
rewards/train/match_format_exactly,5,3.0
rewards/train/match_format_exactly,6,0.0
rewards/train/match_format_exactly,7,0.0
rewards/train/match_format_exactly,8,0.0
rewards/train/match_format_exactly,9,0.0
rewards/train/match_format_exactly,10,0.0
rewards/train/match_format_exactly,11,0.0
rewards/train/match_format_exactly,12,0.0
rewards/train/match_format_exactly,13,0.0
rewards/train/match_format_exactly,14,0.0
rewards/train/match_format_exactly,15,0.0
rewards/train/match_format_exactly,16,0.0
rewards/train/match_format_exactly,17,0.0
rewards/train/match_format_exactly,18,0.0
rewards/train/match_format_exactly,19,0.0
rewards/train/match_format_exactly,20,0.0
rewards/train/match_format_exactly,21,0.0
rewards/train/match_format_exactly,22,0.0
rewards/train/match_format_exactly,23,0.0
rewards/train/match_format_exactly,24,0.0
rewards/train/match_format_exactly,25,0.0
rewards/train/match_format_exactly,26,0.0
rewards/train/match_format_exactly,27,0.0
rewards/train/match_format_exactly,28,0.0
rewards/train/match_format_exactly,29,0.0
rewards/train/match_format_exactly,30,3.0
rewards/train/match_format_exactly,31,0.0
rewards/train/match_format_exactly,32,0.0
rewards/train/match_format_exactly,33,0.0
rewards/train/match_format_exactly,34,1.5
rewards/train/match_format_exactly,35,0.0
rewards/train/match_format_exactly,36,0.0
rewards/train/match_format_exactly,37,0.0
rewards/train/match_format_exactly,38,0.0
rewards/train/match_format_exactly,39,0.0
rewards/train/match_format_exactly,40,0.0
rewards/train/match_format_exactly,41,0.0
rewards/train/match_format_exactly,42,0.0
rewards/train/match_format_exactly,43,0.0
rewards/train/match_format_exactly,44,0.0
rewards/train/match_format_exactly,45,0.0
rewards/train/match_format_exactly,46,0.0
rewards/train/match_format_exactly,47,1.5
rewards/train/match_format_exactly,48,0.0
rewards/train/match_format_exactly,49,0.0
rewards/train/match_format_exactly,50,0.0
rewards/train/match_format_exactly,51,0.0
rewards/train/match_format_exactly,52,0.0
rewards/train/match_format_exactly,53,0.0
rewards/train/match_format_exactly,54,0.0
rewards/train/match_format_exactly,55,0.0
rewards/train/match_format_exactly,56,0.0
rewards/train/match_format_exactly,57,0.0
rewards/train/match_format_exactly,58,0.0
rewards/train/match_format_exactly,59,0.0
rewards/train/match_format_exactly,60,0.0
rewards/train/match_format_exactly,61,0.0
rewards/train/match_format_exactly,62,0.0
rewards/train/match_format_exactly,63,0.0
rewards/train/match_format_exactly,64,0.0
rewards/train/match_format_exactly,65,0.0
rewards/train/match_format_exactly,66,0.0
rewards/train/match_format_exactly,67,0.0
rewards/train/match_format_exactly,68,0.0
rewards/train/match_format_exactly,69,0.0
rewards/train/match_format_exactly,70,3.0
rewards/train/match_format_exactly,71,0.0
rewards/train/match_format_exactly,72,0.0
rewards/train/match_format_exactly,73,0.0
rewards/train/match_format_exactly,74,0.0
rewards/train/match_format_exactly,75,0.0
rewards/train/match_format_exactly,76,1.5
rewards/train/match_format_exactly,77,0.0
rewards/train/match_format_exactly,78,0.0
rewards/train/match_format_exactly,79,0.0
rewards/train/match_format_exactly,80,0.0
rewards/train/match_format_exactly,81,0.0
rewards/train/match_format_exactly,82,0.0
rewards/train/match_format_exactly,83,3.0
rewards/train/match_format_exactly,84,0.0
rewards/train/match_format_exactly,85,0.0
rewards/train/match_format_exactly,86,0.0
rewards/train/match_format_exactly,87,0.0
rewards/train/match_format_exactly,88,0.0
rewards/train/match_format_exactly,89,0.0
rewards/train/match_format_exactly,90,0.0
rewards/train/match_format_exactly,91,0.0
rewards/train/match_format_exactly,92,0.0
rewards/train/match_format_exactly,93,0.0
rewards/train/match_format_exactly,94,0.0
rewards/train/match_format_exactly,95,0.0
rewards/train/match_format_exactly,96,0.0
rewards/train/match_format_exactly,97,0.0
rewards/train/match_format_exactly,98,0.0
rewards/train/match_format_exactly,99,0.0
rewards/train/match_format_exactly,100,3.0
rewards/train/match_format_exactly,101,0.0
rewards/train/match_format_exactly,102,0.0
rewards/train/match_format_exactly,103,0.0
rewards/train/match_format_exactly,104,0.0
rewards/train/match_format_exactly,105,1.5
rewards/train/match_format_exactly,106,0.0
rewards/train/match_format_exactly,107,0.0
rewards/train/match_format_exactly,108,0.0
rewards/train/match_format_exactly,109,0.0
rewards/train/match_format_exactly,110,0.0
rewards/train/match_format_exactly,111,0.0
rewards/train/match_format_exactly,112,0.0
rewards/train/match_format_exactly,113,0.0
rewards/train/match_format_exactly,114,0.0
rewards/train/match_format_exactly,115,0.0
rewards/train/match_format_exactly,116,0.0
rewards/train/match_format_exactly,117,0.0
rewards/train/match_format_exactly,118,0.0
rewards/train/match_format_exactly,119,0.0
rewards/train/match_format_exactly,120,0.0
rewards/train/match_format_exactly,121,0.0
rewards/train/match_format_exactly,122,0.0
rewards/train/match_format_exactly,123,1.5
rewards/train/match_format_exactly,124,0.0
rewards/train/match_format_exactly,125,0.0
rewards/train/match_format_exactly,126,0.0
rewards/train/match_format_exactly,127,0.0
rewards/train/match_format_exactly,128,0.0
rewards/train/match_format_exactly,129,0.0
rewards/train/match_format_exactly,130,0.0
rewards/train/match_format_exactly,131,3.0
rewards/train/match_format_exactly,132,0.0
rewards/train/match_format_exactly,133,0.0
rewards/train/match_format_exactly,134,0.0
rewards/train/match_format_exactly,135,0.0
rewards/train/match_format_exactly,136,3.0
rewards/train/match_format_exactly,137,0.0
rewards/train/match_format_exactly,138,0.0
rewards/train/match_format_exactly,139,0.0
rewards/train/match_format_exactly,140,1.5
rewards/train/match_format_exactly,141,3.0
rewards/train/match_format_exactly,142,0.0
rewards/train/match_format_exactly,143,0.0
rewards/train/match_format_exactly,144,0.0
rewards/train/match_format_exactly,145,1.5
rewards/train/match_format_exactly,146,3.0
rewards/train/match_format_exactly,147,1.5
rewards/train/match_format_exactly,148,0.0
rewards/train/match_format_exactly,149,1.5
rewards/train/match_format_exactly,150,3.0
rewards/train/match_format_exactly,151,0.0
rewards/train/match_format_exactly,152,3.0
rewards/train/match_format_exactly,153,0.0
rewards/train/match_format_exactly,154,0.0
rewards/train/match_format_exactly,155,1.5
rewards/train/match_format_exactly,156,3.0
rewards/train/match_format_exactly,157,3.0
rewards/train/match_format_exactly,158,3.0
rewards/train/match_format_exactly,159,3.0
rewards/train/match_format_exactly,160,1.5
rewards/train/match_format_exactly,161,3.0
rewards/train/match_format_exactly,162,0.0
rewards/train/match_format_exactly,163,3.0
rewards/train/match_format_exactly,164,1.5
rewards/train/match_format_exactly,165,3.0
rewards/train/match_format_exactly,166,0.0
rewards/train/match_format_exactly,167,0.0
rewards/train/match_format_exactly,168,1.5
rewards/train/match_format_exactly,169,3.0
rewards/train/match_format_exactly,170,3.0
rewards/train/match_format_exactly,171,3.0
rewards/train/match_format_exactly,172,3.0
rewards/train/match_format_exactly,173,3.0
rewards/train/match_format_exactly,174,3.0
rewards/train/match_format_exactly,175,1.5
rewards/train/match_format_exactly,176,3.0
rewards/train/match_format_exactly,177,1.5
rewards/train/match_format_exactly,178,3.0
rewards/train/match_format_exactly,179,3.0
rewards/train/match_format_exactly,180,0.0
rewards/train/match_format_exactly,181,1.5
rewards/train/match_format_exactly,182,3.0
rewards/train/match_format_exactly,183,3.0
rewards/train/match_format_exactly,184,3.0
rewards/train/match_format_exactly,185,3.0
rewards/train/match_format_exactly,186,3.0
rewards/train/match_format_exactly,187,1.5
rewards/train/match_format_exactly,188,3.0
rewards/train/match_format_exactly,189,0.0
rewards/train/match_format_exactly,190,3.0
rewards/train/match_format_exactly,191,1.5
rewards/train/match_format_exactly,192,0.0
rewards/train/match_format_exactly,193,1.5
rewards/train/match_format_exactly,194,0.0
rewards/train/match_format_exactly,195,3.0
rewards/train/match_format_exactly,196,1.5
rewards/train/match_format_exactly,197,1.5
rewards/train/match_format_exactly,198,3.0
rewards/train/match_format_exactly,199,3.0
rewards/train/match_format_exactly,200,3.0
rewards/train/match_format_exactly,201,0.0
rewards/train/match_format_exactly,202,3.0
rewards/train/match_format_exactly,203,1.5
rewards/train/match_format_exactly,204,3.0
rewards/train/match_format_exactly,205,0.0
rewards/train/match_format_exactly,206,0.0
rewards/train/match_format_exactly,207,0.0
rewards/train/match_format_exactly,208,3.0
rewards/train/match_format_exactly,209,0.0
rewards/train/match_format_exactly,210,0.0
rewards/train/match_format_exactly,211,3.0
rewards/train/match_format_exactly,212,1.5
rewards/train/match_format_exactly,213,3.0
rewards/train/match_format_exactly,214,1.5
rewards/train/match_format_exactly,215,0.0
rewards/train/match_format_exactly,216,1.5
rewards/train/match_format_exactly,217,0.0
rewards/train/match_format_exactly,218,1.5
rewards/train/match_format_exactly,219,3.0
rewards/train/match_format_exactly,220,3.0
rewards/train/match_format_exactly,221,3.0
rewards/train/match_format_exactly,222,1.5
rewards/train/match_format_exactly,223,0.0
rewards/train/match_format_exactly,224,1.5
rewards/train/match_format_exactly,225,3.0
rewards/train/match_format_exactly,226,3.0
rewards/train/match_format_exactly,227,3.0
rewards/train/match_format_exactly,228,1.5
rewards/train/match_format_exactly,229,1.5
rewards/train/match_format_exactly,230,3.0
rewards/train/match_format_exactly,231,3.0
rewards/train/match_format_exactly,232,3.0
rewards/train/match_format_exactly,233,0.0
rewards/train/match_format_exactly,234,1.5
rewards/train/match_format_exactly,235,3.0
rewards/train/match_format_exactly,236,3.0
rewards/train/match_format_exactly,237,1.5
rewards/train/match_format_exactly,238,3.0
rewards/train/match_format_exactly,239,1.5
rewards/train/match_format_exactly,240,3.0
rewards/train/match_format_exactly,241,1.5
rewards/train/match_format_exactly,242,3.0
rewards/train/match_format_exactly,243,3.0
rewards/train/match_format_exactly,244,3.0
rewards/train/match_format_exactly,245,3.0
rewards/train/match_format_exactly,246,3.0
rewards/train/match_format_exactly,247,1.5
rewards/train/match_format_exactly,248,3.0
rewards/train/match_format_exactly,249,3.0
rewards/train/match_format_exactly,250,3.0
rewards/train/match_format_exactly,251,1.5
rewards/train/match_format_exactly,252,0.0
rewards/train/match_format_exactly,253,3.0
rewards/train/match_format_exactly,254,3.0
rewards/train/match_format_exactly,255,3.0
rewards/train/match_format_exactly,256,3.0
rewards/train/match_format_exactly,257,3.0
rewards/train/match_format_exactly,258,0.0
rewards/train/match_format_exactly,259,0.0
rewards/train/match_format_exactly,260,3.0
rewards/train/match_format_exactly,261,3.0
rewards/train/match_format_exactly,262,0.0
rewards/train/match_format_exactly,263,3.0
rewards/train/match_format_exactly,264,0.0
rewards/train/match_format_exactly,265,1.5
rewards/train/match_format_exactly,266,1.5
rewards/train/match_format_exactly,267,3.0
rewards/train/match_format_exactly,268,3.0
rewards/train/match_format_exactly,269,1.5
rewards/train/match_format_exactly,270,3.0
rewards/train/match_format_exactly,271,3.0
rewards/train/match_format_exactly,272,0.0
rewards/train/match_format_exactly,273,3.0
rewards/train/match_format_exactly,274,1.5
rewards/train/match_format_exactly,275,0.0
rewards/train/match_format_exactly,276,3.0
rewards/train/match_format_exactly,277,1.5
rewards/train/match_format_exactly,278,0.0
rewards/train/match_format_exactly,279,3.0
rewards/train/match_format_exactly,280,3.0
rewards/train/match_format_exactly,281,3.0
rewards/train/match_format_exactly,282,3.0
rewards/train/match_format_exactly,283,3.0
rewards/train/match_format_exactly,284,3.0
rewards/train/match_format_exactly,285,3.0
rewards/train/match_format_exactly,286,3.0
rewards/train/match_format_exactly,287,1.5
rewards/train/match_format_exactly,288,3.0
rewards/train/match_format_exactly,289,3.0
rewards/train/match_format_exactly,290,3.0
rewards/train/match_format_exactly,291,3.0
rewards/train/match_format_exactly,292,3.0
rewards/train/match_format_exactly,293,3.0
rewards/train/match_format_exactly,294,3.0
rewards/train/match_format_exactly,295,0.0
rewards/train/match_format_exactly,296,3.0
rewards/train/match_format_exactly,297,0.0
rewards/train/match_format_exactly,298,1.5
rewards/train/match_format_exactly,299,3.0
rewards/train/match_format_exactly,300,1.5
rewards/train/match_format_exactly,301,3.0
rewards/train/match_format_exactly,302,1.5
rewards/train/match_format_exactly,303,3.0
rewards/train/match_format_exactly,304,1.5
rewards/train/match_format_exactly,305,3.0
rewards/train/match_format_exactly,306,3.0
rewards/train/match_format_exactly,307,3.0
rewards/train/match_format_exactly,308,1.5
rewards/train/match_format_exactly,309,0.0
rewards/train/match_format_exactly,310,3.0
rewards/train/match_format_exactly,311,1.5
rewards/train/match_format_exactly,312,3.0
rewards/train/match_format_exactly,313,1.5
rewards/train/match_format_exactly,314,1.5
rewards/train/match_format_exactly,315,3.0
rewards/train/match_format_exactly,316,3.0
rewards/train/match_format_exactly,317,3.0
rewards/train/match_format_approximately,0,-0.5
rewards/train/match_format_approximately,1,-0.5
rewards/train/match_format_approximately,2,-0.5
rewards/train/match_format_approximately,3,-0.5
rewards/train/match_format_approximately,4,-2.5
rewards/train/match_format_approximately,5,1.5
rewards/train/match_format_approximately,6,-0.5
rewards/train/match_format_approximately,7,-0.5
rewards/train/match_format_approximately,8,-1.5
rewards/train/match_format_approximately,9,-0.5
rewards/train/match_format_approximately,10,-1.5
rewards/train/match_format_approximately,11,-0.5
rewards/train/match_format_approximately,12,-1.0
rewards/train/match_format_approximately,13,-1.0
rewards/train/match_format_approximately,14,-0.5
rewards/train/match_format_approximately,15,-0.5
rewards/train/match_format_approximately,16,-1.0
rewards/train/match_format_approximately,17,-1.5
rewards/train/match_format_approximately,18,-1.0
rewards/train/match_format_approximately,19,-2.5
rewards/train/match_format_approximately,20,-0.5
rewards/train/match_format_approximately,21,-0.5
rewards/train/match_format_approximately,22,-0.5
rewards/train/match_format_approximately,23,-0.5
rewards/train/match_format_approximately,24,-0.5
rewards/train/match_format_approximately,25,-1.0
rewards/train/match_format_approximately,26,-0.5
rewards/train/match_format_approximately,27,-0.5
rewards/train/match_format_approximately,28,-0.5
rewards/train/match_format_approximately,29,-0.5
rewards/train/match_format_approximately,30,1.5
rewards/train/match_format_approximately,31,-1.0
rewards/train/match_format_approximately,32,-0.5
rewards/train/match_format_approximately,33,-0.5
rewards/train/match_format_approximately,34,0.0
rewards/train/match_format_approximately,35,-1.5
rewards/train/match_format_approximately,36,-0.5
rewards/train/match_format_approximately,37,-1.5
rewards/train/match_format_approximately,38,-1.0
rewards/train/match_format_approximately,39,-0.5
rewards/train/match_format_approximately,40,-1.0
rewards/train/match_format_approximately,41,-0.5
rewards/train/match_format_approximately,42,-1.0
rewards/train/match_format_approximately,43,-0.5
rewards/train/match_format_approximately,44,-0.5
rewards/train/match_format_approximately,45,0.0
rewards/train/match_format_approximately,46,-0.5
rewards/train/match_format_approximately,47,1.0
rewards/train/match_format_approximately,48,-0.5
rewards/train/match_format_approximately,49,-0.5
rewards/train/match_format_approximately,50,-0.5
rewards/train/match_format_approximately,51,-0.5
rewards/train/match_format_approximately,52,-0.5
rewards/train/match_format_approximately,53,-0.5
rewards/train/match_format_approximately,54,-0.5
rewards/train/match_format_approximately,55,-0.5
rewards/train/match_format_approximately,56,-0.5
rewards/train/match_format_approximately,57,-0.5
rewards/train/match_format_approximately,58,-0.5
rewards/train/match_format_approximately,59,0.0
rewards/train/match_format_approximately,60,-0.5
rewards/train/match_format_approximately,61,-0.5
rewards/train/match_format_approximately,62,-1.5
rewards/train/match_format_approximately,63,-1.5
rewards/train/match_format_approximately,64,-0.5
rewards/train/match_format_approximately,65,-0.5
rewards/train/match_format_approximately,66,-0.5
rewards/train/match_format_approximately,67,-1.0
rewards/train/match_format_approximately,68,-1.5
rewards/train/match_format_approximately,69,-0.5
rewards/train/match_format_approximately,70,1.5
rewards/train/match_format_approximately,71,-0.5
rewards/train/match_format_approximately,72,0.0
rewards/train/match_format_approximately,73,-2.5
rewards/train/match_format_approximately,74,-1.5
rewards/train/match_format_approximately,75,-0.5
rewards/train/match_format_approximately,76,1.0
rewards/train/match_format_approximately,77,-0.5
rewards/train/match_format_approximately,78,-0.5
rewards/train/match_format_approximately,79,-0.5
rewards/train/match_format_approximately,80,-0.5
rewards/train/match_format_approximately,81,-0.5
rewards/train/match_format_approximately,82,0.0
rewards/train/match_format_approximately,83,2.5
rewards/train/match_format_approximately,84,-0.5
rewards/train/match_format_approximately,85,-0.5
rewards/train/match_format_approximately,86,-0.5
rewards/train/match_format_approximately,87,-0.5
rewards/train/match_format_approximately,88,0.0
rewards/train/match_format_approximately,89,-0.5
rewards/train/match_format_approximately,90,0.0
rewards/train/match_format_approximately,91,-0.5
rewards/train/match_format_approximately,92,-0.5
rewards/train/match_format_approximately,93,-1.5
rewards/train/match_format_approximately,94,-2.5
rewards/train/match_format_approximately,95,-0.5
rewards/train/match_format_approximately,96,-0.5
rewards/train/match_format_approximately,97,-1.5
rewards/train/match_format_approximately,98,-0.5
rewards/train/match_format_approximately,99,-1.5
rewards/train/match_format_approximately,100,1.5
rewards/train/match_format_approximately,101,-0.5
rewards/train/match_format_approximately,102,-0.5
rewards/train/match_format_approximately,103,-0.5
rewards/train/match_format_approximately,104,-0.5
rewards/train/match_format_approximately,105,1.0
rewards/train/match_format_approximately,106,-0.5
rewards/train/match_format_approximately,107,-0.5
rewards/train/match_format_approximately,108,-0.5
rewards/train/match_format_approximately,109,-0.5
rewards/train/match_format_approximately,110,-0.5
rewards/train/match_format_approximately,111,-0.5
rewards/train/match_format_approximately,112,-1.5
rewards/train/match_format_approximately,113,-0.5
rewards/train/match_format_approximately,114,-0.5
rewards/train/match_format_approximately,115,-1.5
rewards/train/match_format_approximately,116,-0.5
rewards/train/match_format_approximately,117,-1.5
rewards/train/match_format_approximately,118,-0.5
rewards/train/match_format_approximately,119,-1.5
rewards/train/match_format_approximately,120,-1.5
rewards/train/match_format_approximately,121,-1.0
rewards/train/match_format_approximately,122,-1.5
rewards/train/match_format_approximately,123,2.0
rewards/train/match_format_approximately,124,-1.0
rewards/train/match_format_approximately,125,-1.0
rewards/train/match_format_approximately,126,-1.0
rewards/train/match_format_approximately,127,-0.5
rewards/train/match_format_approximately,128,-1.5
rewards/train/match_format_approximately,129,-2.0
rewards/train/match_format_approximately,130,-0.5
rewards/train/match_format_approximately,131,1.5
rewards/train/match_format_approximately,132,-0.5
rewards/train/match_format_approximately,133,-0.5
rewards/train/match_format_approximately,134,-0.5
rewards/train/match_format_approximately,135,-0.5
rewards/train/match_format_approximately,136,1.5
rewards/train/match_format_approximately,137,-0.5
rewards/train/match_format_approximately,138,-0.5
rewards/train/match_format_approximately,139,-0.5
rewards/train/match_format_approximately,140,0.0
rewards/train/match_format_approximately,141,1.5
rewards/train/match_format_approximately,142,-1.0
rewards/train/match_format_approximately,143,-0.5
rewards/train/match_format_approximately,144,-0.5
rewards/train/match_format_approximately,145,0.5
rewards/train/match_format_approximately,146,1.5
rewards/train/match_format_approximately,147,0.0
rewards/train/match_format_approximately,148,0.5
rewards/train/match_format_approximately,149,0.0
rewards/train/match_format_approximately,150,1.5
rewards/train/match_format_approximately,151,-1.0
rewards/train/match_format_approximately,152,1.5
rewards/train/match_format_approximately,153,-1.5
rewards/train/match_format_approximately,154,0.0
rewards/train/match_format_approximately,155,-0.5
rewards/train/match_format_approximately,156,1.5
rewards/train/match_format_approximately,157,2.5
rewards/train/match_format_approximately,158,1.5
rewards/train/match_format_approximately,159,1.5
rewards/train/match_format_approximately,160,-0.5
rewards/train/match_format_approximately,161,1.5
rewards/train/match_format_approximately,162,-1.0
rewards/train/match_format_approximately,163,2.5
rewards/train/match_format_approximately,164,1.0
rewards/train/match_format_approximately,165,2.5
rewards/train/match_format_approximately,166,-0.5
rewards/train/match_format_approximately,167,-0.5
rewards/train/match_format_approximately,168,0.5
rewards/train/match_format_approximately,169,1.5
rewards/train/match_format_approximately,170,1.5
rewards/train/match_format_approximately,171,1.5
rewards/train/match_format_approximately,172,1.5
rewards/train/match_format_approximately,173,1.5
rewards/train/match_format_approximately,174,1.5
rewards/train/match_format_approximately,175,0.0
rewards/train/match_format_approximately,176,1.5
rewards/train/match_format_approximately,177,0.0
rewards/train/match_format_approximately,178,1.5
rewards/train/match_format_approximately,179,1.5
rewards/train/match_format_approximately,180,-1.5
rewards/train/match_format_approximately,181,1.0
rewards/train/match_format_approximately,182,1.5
rewards/train/match_format_approximately,183,1.5
rewards/train/match_format_approximately,184,2.5
rewards/train/match_format_approximately,185,1.5
rewards/train/match_format_approximately,186,1.5
rewards/train/match_format_approximately,187,0.0
rewards/train/match_format_approximately,188,2.5
rewards/train/match_format_approximately,189,-2.5
rewards/train/match_format_approximately,190,1.5
rewards/train/match_format_approximately,191,1.0
rewards/train/match_format_approximately,192,0.0
rewards/train/match_format_approximately,193,1.0
rewards/train/match_format_approximately,194,1.5
rewards/train/match_format_approximately,195,1.5
rewards/train/match_format_approximately,196,0.0
rewards/train/match_format_approximately,197,1.0
rewards/train/match_format_approximately,198,1.5
rewards/train/match_format_approximately,199,1.5
rewards/train/match_format_approximately,200,2.5
rewards/train/match_format_approximately,201,0.5
rewards/train/match_format_approximately,202,1.5
rewards/train/match_format_approximately,203,2.0
rewards/train/match_format_approximately,204,1.5
rewards/train/match_format_approximately,205,-0.5
rewards/train/match_format_approximately,206,-0.5
rewards/train/match_format_approximately,207,-0.5
rewards/train/match_format_approximately,208,1.5
rewards/train/match_format_approximately,209,-0.5
rewards/train/match_format_approximately,210,0.5
rewards/train/match_format_approximately,211,1.5
rewards/train/match_format_approximately,212,2.0
rewards/train/match_format_approximately,213,1.5
rewards/train/match_format_approximately,214,0.0
rewards/train/match_format_approximately,215,0.0
rewards/train/match_format_approximately,216,1.5
rewards/train/match_format_approximately,217,-1.5
rewards/train/match_format_approximately,218,2.0
rewards/train/match_format_approximately,219,2.5
rewards/train/match_format_approximately,220,2.5
rewards/train/match_format_approximately,221,2.5
rewards/train/match_format_approximately,222,0.5
rewards/train/match_format_approximately,223,-0.5
rewards/train/match_format_approximately,224,1.5
rewards/train/match_format_approximately,225,2.5
rewards/train/match_format_approximately,226,2.5
rewards/train/match_format_approximately,227,2.5
rewards/train/match_format_approximately,228,1.0
rewards/train/match_format_approximately,229,1.0
rewards/train/match_format_approximately,230,2.5
rewards/train/match_format_approximately,231,2.5
rewards/train/match_format_approximately,232,2.5
rewards/train/match_format_approximately,233,-1.0
rewards/train/match_format_approximately,234,2.0
rewards/train/match_format_approximately,235,2.5
rewards/train/match_format_approximately,236,2.5
rewards/train/match_format_approximately,237,1.5
rewards/train/match_format_approximately,238,2.5
rewards/train/match_format_approximately,239,1.5
rewards/train/match_format_approximately,240,2.5
rewards/train/match_format_approximately,241,2.0
rewards/train/match_format_approximately,242,2.5
rewards/train/match_format_approximately,243,2.5
rewards/train/match_format_approximately,244,2.5
rewards/train/match_format_approximately,245,2.5
rewards/train/match_format_approximately,246,2.5
rewards/train/match_format_approximately,247,1.0
rewards/train/match_format_approximately,248,2.5
rewards/train/match_format_approximately,249,2.5
rewards/train/match_format_approximately,250,2.5
rewards/train/match_format_approximately,251,1.0
rewards/train/match_format_approximately,252,-0.5
rewards/train/match_format_approximately,253,2.5
rewards/train/match_format_approximately,254,2.5
rewards/train/match_format_approximately,255,2.5
rewards/train/match_format_approximately,256,2.5
rewards/train/match_format_approximately,257,2.5
rewards/train/match_format_approximately,258,0.5
rewards/train/match_format_approximately,259,-0.5
rewards/train/match_format_approximately,260,2.5
rewards/train/match_format_approximately,261,2.5
rewards/train/match_format_approximately,262,-0.5
rewards/train/match_format_approximately,263,2.5
rewards/train/match_format_approximately,264,0.5
rewards/train/match_format_approximately,265,1.5
rewards/train/match_format_approximately,266,1.5
rewards/train/match_format_approximately,267,2.5
rewards/train/match_format_approximately,268,2.5
rewards/train/match_format_approximately,269,2.0
rewards/train/match_format_approximately,270,2.5
rewards/train/match_format_approximately,271,2.5
rewards/train/match_format_approximately,272,1.5
rewards/train/match_format_approximately,273,2.5
rewards/train/match_format_approximately,274,2.0
rewards/train/match_format_approximately,275,0.0
rewards/train/match_format_approximately,276,2.5
rewards/train/match_format_approximately,277,1.5
rewards/train/match_format_approximately,278,0.5
rewards/train/match_format_approximately,279,2.5
rewards/train/match_format_approximately,280,2.5
rewards/train/match_format_approximately,281,2.5
rewards/train/match_format_approximately,282,2.5
rewards/train/match_format_approximately,283,2.5
rewards/train/match_format_approximately,284,2.5
rewards/train/match_format_approximately,285,2.5
rewards/train/match_format_approximately,286,2.5
rewards/train/match_format_approximately,287,1.5
rewards/train/match_format_approximately,288,2.5
rewards/train/match_format_approximately,289,2.5
rewards/train/match_format_approximately,290,2.5
rewards/train/match_format_approximately,291,2.5
rewards/train/match_format_approximately,292,2.5
rewards/train/match_format_approximately,293,2.5
rewards/train/match_format_approximately,294,2.5
rewards/train/match_format_approximately,295,1.0
rewards/train/match_format_approximately,296,2.5
rewards/train/match_format_approximately,297,1.5
rewards/train/match_format_approximately,298,1.0
rewards/train/match_format_approximately,299,2.5
rewards/train/match_format_approximately,300,1.5
rewards/train/match_format_approximately,301,2.5
rewards/train/match_format_approximately,302,1.5
rewards/train/match_format_approximately,303,2.5
rewards/train/match_format_approximately,304,1.5
rewards/train/match_format_approximately,305,2.5
rewards/train/match_format_approximately,306,2.5
rewards/train/match_format_approximately,307,2.5
rewards/train/match_format_approximately,308,1.0
rewards/train/match_format_approximately,309,1.5
rewards/train/match_format_approximately,310,2.5
rewards/train/match_format_approximately,311,2.0
rewards/train/match_format_approximately,312,2.5
rewards/train/match_format_approximately,313,1.0
rewards/train/match_format_approximately,314,2.0
rewards/train/match_format_approximately,315,2.5
rewards/train/match_format_approximately,316,2.5
rewards/train/match_format_approximately,317,2.5
rewards/train/check_answer,0,0.0
rewards/train/check_answer,1,0.0
rewards/train/check_answer,2,0.0
rewards/train/check_answer,3,0.0
rewards/train/check_answer,4,0.0
rewards/train/check_answer,5,-1.0
rewards/train/check_answer,6,0.0
rewards/train/check_answer,7,0.0
rewards/train/check_answer,8,0.0
rewards/train/check_answer,9,0.0
rewards/train/check_answer,10,0.0
rewards/train/check_answer,11,0.0
rewards/train/check_answer,12,0.0
rewards/train/check_answer,13,0.0
rewards/train/check_answer,14,0.0
rewards/train/check_answer,15,0.0
rewards/train/check_answer,16,0.0
rewards/train/check_answer,17,0.0
rewards/train/check_answer,18,0.0
rewards/train/check_answer,19,0.0
rewards/train/check_answer,20,0.0
rewards/train/check_answer,21,0.0
rewards/train/check_answer,22,0.0
rewards/train/check_answer,23,0.0
rewards/train/check_answer,24,0.0
rewards/train/check_answer,25,0.0
rewards/train/check_answer,26,0.0
rewards/train/check_answer,27,0.0
rewards/train/check_answer,28,0.0
rewards/train/check_answer,29,0.0
rewards/train/check_answer,30,-1.0
rewards/train/check_answer,31,0.0
rewards/train/check_answer,32,0.0
rewards/train/check_answer,33,0.0
rewards/train/check_answer,34,-0.5
rewards/train/check_answer,35,0.0
rewards/train/check_answer,36,0.0
rewards/train/check_answer,37,0.0
rewards/train/check_answer,38,0.0
rewards/train/check_answer,39,0.0
rewards/train/check_answer,40,0.0
rewards/train/check_answer,41,0.0
rewards/train/check_answer,42,0.0
rewards/train/check_answer,43,0.0
rewards/train/check_answer,44,0.0
rewards/train/check_answer,45,0.0
rewards/train/check_answer,46,0.0
rewards/train/check_answer,47,1.5
rewards/train/check_answer,48,0.0
rewards/train/check_answer,49,0.0
rewards/train/check_answer,50,0.0
rewards/train/check_answer,51,0.0
rewards/train/check_answer,52,0.0
rewards/train/check_answer,53,0.0
rewards/train/check_answer,54,0.0
rewards/train/check_answer,55,0.0
rewards/train/check_answer,56,0.0
rewards/train/check_answer,57,0.0
rewards/train/check_answer,58,0.0
rewards/train/check_answer,59,0.0
rewards/train/check_answer,60,0.0
rewards/train/check_answer,61,0.0
rewards/train/check_answer,62,0.0
rewards/train/check_answer,63,0.0
rewards/train/check_answer,64,0.0
rewards/train/check_answer,65,0.0
rewards/train/check_answer,66,0.0
rewards/train/check_answer,67,0.0
rewards/train/check_answer,68,0.0
rewards/train/check_answer,69,0.0
rewards/train/check_answer,70,-1.0
rewards/train/check_answer,71,0.0
rewards/train/check_answer,72,0.0
rewards/train/check_answer,73,0.0
rewards/train/check_answer,74,0.0
rewards/train/check_answer,75,0.0
rewards/train/check_answer,76,-0.5
rewards/train/check_answer,77,0.0
rewards/train/check_answer,78,0.0
rewards/train/check_answer,79,0.0
rewards/train/check_answer,80,0.0
rewards/train/check_answer,81,0.0
rewards/train/check_answer,82,0.0
rewards/train/check_answer,83,1.0
rewards/train/check_answer,84,0.0
rewards/train/check_answer,85,0.0
rewards/train/check_answer,86,0.0
rewards/train/check_answer,87,0.0
rewards/train/check_answer,88,0.0
rewards/train/check_answer,89,0.0
rewards/train/check_answer,90,0.0
rewards/train/check_answer,91,0.0
rewards/train/check_answer,92,0.0
rewards/train/check_answer,93,0.0
rewards/train/check_answer,94,0.0
rewards/train/check_answer,95,0.0
rewards/train/check_answer,96,0.0
rewards/train/check_answer,97,0.0
rewards/train/check_answer,98,0.0
rewards/train/check_answer,99,0.0
rewards/train/check_answer,100,-1.0
rewards/train/check_answer,101,0.0
rewards/train/check_answer,102,0.0
rewards/train/check_answer,103,0.0
rewards/train/check_answer,104,0.0
rewards/train/check_answer,105,0.125
rewards/train/check_answer,106,0.0
rewards/train/check_answer,107,0.0
rewards/train/check_answer,108,0.0
rewards/train/check_answer,109,0.0
rewards/train/check_answer,110,0.0
rewards/train/check_answer,111,0.0
rewards/train/check_answer,112,0.0
rewards/train/check_answer,113,0.0
rewards/train/check_answer,114,0.0
rewards/train/check_answer,115,0.0
rewards/train/check_answer,116,0.0
rewards/train/check_answer,117,0.0
rewards/train/check_answer,118,0.0
rewards/train/check_answer,119,0.0
rewards/train/check_answer,120,0.0
rewards/train/check_answer,121,0.0
rewards/train/check_answer,122,0.0
rewards/train/check_answer,123,1.5
rewards/train/check_answer,124,0.0
rewards/train/check_answer,125,0.0
rewards/train/check_answer,126,0.0
rewards/train/check_answer,127,0.0
rewards/train/check_answer,128,0.0
rewards/train/check_answer,129,0.0
rewards/train/check_answer,130,0.0
rewards/train/check_answer,131,-1.0
rewards/train/check_answer,132,0.0
rewards/train/check_answer,133,0.0
rewards/train/check_answer,134,0.0
rewards/train/check_answer,135,0.0
rewards/train/check_answer,136,-1.0
rewards/train/check_answer,137,0.0
rewards/train/check_answer,138,0.0
rewards/train/check_answer,139,0.0
rewards/train/check_answer,140,1.5
rewards/train/check_answer,141,-1.0
rewards/train/check_answer,142,0.0
rewards/train/check_answer,143,0.0
rewards/train/check_answer,144,0.0
rewards/train/check_answer,145,0.125
rewards/train/check_answer,146,-0.25
rewards/train/check_answer,147,-0.5
rewards/train/check_answer,148,0.0
rewards/train/check_answer,149,-0.5
rewards/train/check_answer,150,3.0
rewards/train/check_answer,151,0.0
rewards/train/check_answer,152,1.0
rewards/train/check_answer,153,0.0
rewards/train/check_answer,154,0.0
rewards/train/check_answer,155,1.5
rewards/train/check_answer,156,-1.0
rewards/train/check_answer,157,3.0
rewards/train/check_answer,158,3.0
rewards/train/check_answer,159,-0.25
rewards/train/check_answer,160,-0.5
rewards/train/check_answer,161,3.0
rewards/train/check_answer,162,0.0
rewards/train/check_answer,163,-1.0
rewards/train/check_answer,164,1.5
rewards/train/check_answer,165,-1.0
rewards/train/check_answer,166,0.0
rewards/train/check_answer,167,0.0
rewards/train/check_answer,168,-0.5
rewards/train/check_answer,169,-1.0
rewards/train/check_answer,170,-1.0
rewards/train/check_answer,171,3.0
rewards/train/check_answer,172,-1.0
rewards/train/check_answer,173,-1.0
rewards/train/check_answer,174,1.0
rewards/train/check_answer,175,-0.5
rewards/train/check_answer,176,-1.0
rewards/train/check_answer,177,0.125
rewards/train/check_answer,178,1.0
rewards/train/check_answer,179,-1.0
rewards/train/check_answer,180,0.0
rewards/train/check_answer,181,-0.5
rewards/train/check_answer,182,-1.0
rewards/train/check_answer,183,3.0
rewards/train/check_answer,184,1.0
rewards/train/check_answer,185,1.0
rewards/train/check_answer,186,0.5
rewards/train/check_answer,187,1.5
rewards/train/check_answer,188,3.0
rewards/train/check_answer,189,0.0
rewards/train/check_answer,190,0.25
rewards/train/check_answer,191,-0.25
rewards/train/check_answer,192,0.0
rewards/train/check_answer,193,-0.5
rewards/train/check_answer,194,0.0
rewards/train/check_answer,195,-1.0
rewards/train/check_answer,196,-0.5
rewards/train/check_answer,197,1.5
rewards/train/check_answer,198,3.0
rewards/train/check_answer,199,3.0
rewards/train/check_answer,200,3.0
rewards/train/check_answer,201,0.0
rewards/train/check_answer,202,3.0
rewards/train/check_answer,203,1.5
rewards/train/check_answer,204,3.0
rewards/train/check_answer,205,0.0
rewards/train/check_answer,206,0.0
rewards/train/check_answer,207,0.0
rewards/train/check_answer,208,-1.0
rewards/train/check_answer,209,0.0
rewards/train/check_answer,210,0.0
rewards/train/check_answer,211,3.0
rewards/train/check_answer,212,-0.5
rewards/train/check_answer,213,1.0
rewards/train/check_answer,214,1.5
rewards/train/check_answer,215,0.0
rewards/train/check_answer,216,-0.5
rewards/train/check_answer,217,0.0
rewards/train/check_answer,218,1.5
rewards/train/check_answer,219,3.0
rewards/train/check_answer,220,3.0
rewards/train/check_answer,221,-1.0
rewards/train/check_answer,222,-0.5
rewards/train/check_answer,223,0.0
rewards/train/check_answer,224,-0.5
rewards/train/check_answer,225,-1.0
rewards/train/check_answer,226,3.0
rewards/train/check_answer,227,-1.0
rewards/train/check_answer,228,1.5
rewards/train/check_answer,229,1.5
rewards/train/check_answer,230,1.0
rewards/train/check_answer,231,3.0
rewards/train/check_answer,232,3.0
rewards/train/check_answer,233,0.0
rewards/train/check_answer,234,1.5
rewards/train/check_answer,235,-1.0
rewards/train/check_answer,236,3.0
rewards/train/check_answer,237,0.125
rewards/train/check_answer,238,1.0
rewards/train/check_answer,239,-0.5
rewards/train/check_answer,240,-1.0
rewards/train/check_answer,241,-0.5
rewards/train/check_answer,242,3.0
rewards/train/check_answer,243,1.0
rewards/train/check_answer,244,-1.0
rewards/train/check_answer,245,-1.0
rewards/train/check_answer,246,1.0
rewards/train/check_answer,247,-0.5
rewards/train/check_answer,248,-1.0
rewards/train/check_answer,249,-1.0
rewards/train/check_answer,250,1.0
rewards/train/check_answer,251,-0.5
rewards/train/check_answer,252,0.0
rewards/train/check_answer,253,1.0
rewards/train/check_answer,254,3.0
rewards/train/check_answer,255,1.0
rewards/train/check_answer,256,1.0
rewards/train/check_answer,257,1.0
rewards/train/check_answer,258,0.0
rewards/train/check_answer,259,0.0
rewards/train/check_answer,260,3.0
rewards/train/check_answer,261,-1.0
rewards/train/check_answer,262,0.0
rewards/train/check_answer,263,-0.25
rewards/train/check_answer,264,0.0
rewards/train/check_answer,265,1.5
rewards/train/check_answer,266,1.5
rewards/train/check_answer,267,-1.0
rewards/train/check_answer,268,1.0
rewards/train/check_answer,269,1.5
rewards/train/check_answer,270,3.0
rewards/train/check_answer,271,-1.0
rewards/train/check_answer,272,0.0
rewards/train/check_answer,273,1.0
rewards/train/check_answer,274,-0.5
rewards/train/check_answer,275,0.0
rewards/train/check_answer,276,1.0
rewards/train/check_answer,277,1.5
rewards/train/check_answer,278,0.0
rewards/train/check_answer,279,-1.0
rewards/train/check_answer,280,3.0
rewards/train/check_answer,281,3.0
rewards/train/check_answer,282,3.0
rewards/train/check_answer,283,-0.375
rewards/train/check_answer,284,-1.0
rewards/train/check_answer,285,-1.0
rewards/train/check_answer,286,-1.0
rewards/train/check_answer,287,-0.5
rewards/train/check_answer,288,3.0
rewards/train/check_answer,289,1.75
rewards/train/check_answer,290,3.0
rewards/train/check_answer,291,1.0
rewards/train/check_answer,292,-1.0
rewards/train/check_answer,293,3.0
rewards/train/check_answer,294,1.75
rewards/train/check_answer,295,0.0
rewards/train/check_answer,296,-1.0
rewards/train/check_answer,297,0.0
rewards/train/check_answer,298,-0.5
rewards/train/check_answer,299,-1.0
rewards/train/check_answer,300,-0.5
rewards/train/check_answer,301,3.0
rewards/train/check_answer,302,-0.5
rewards/train/check_answer,303,1.0
rewards/train/check_answer,304,0.125
rewards/train/check_answer,305,1.0
rewards/train/check_answer,306,1.0
rewards/train/check_answer,307,1.0
rewards/train/check_answer,308,-0.5
rewards/train/check_answer,309,0.0
rewards/train/check_answer,310,3.0
rewards/train/check_answer,311,1.5
rewards/train/check_answer,312,3.0
rewards/train/check_answer,313,-0.5
rewards/train/check_answer,314,1.5
rewards/train/check_answer,315,3.0
rewards/train/check_answer,316,-1.0
rewards/train/check_answer,317,3.0
rewards/train/check_numbers,0,0.75
rewards/train/check_numbers,1,1.5
rewards/train/check_numbers,2,0.75
rewards/train/check_numbers,3,0.0
rewards/train/check_numbers,4,0.0
rewards/train/check_numbers,5,0.0
rewards/train/check_numbers,6,0.75
rewards/train/check_numbers,7,1.5
rewards/train/check_numbers,8,0.0
rewards/train/check_numbers,9,1.5
rewards/train/check_numbers,10,0.0
rewards/train/check_numbers,11,1.5
rewards/train/check_numbers,12,0.75
rewards/train/check_numbers,13,0.75
rewards/train/check_numbers,14,1.5
rewards/train/check_numbers,15,1.5
rewards/train/check_numbers,16,1.5
rewards/train/check_numbers,17,0.0
rewards/train/check_numbers,18,0.0
rewards/train/check_numbers,19,0.0
rewards/train/check_numbers,20,0.75
rewards/train/check_numbers,21,1.5
rewards/train/check_numbers,22,1.5
rewards/train/check_numbers,23,0.75
rewards/train/check_numbers,24,0.0
rewards/train/check_numbers,25,1.5
rewards/train/check_numbers,26,1.5
rewards/train/check_numbers,27,0.75
rewards/train/check_numbers,28,1.5
rewards/train/check_numbers,29,0.75
rewards/train/check_numbers,30,0.0
rewards/train/check_numbers,31,0.75
rewards/train/check_numbers,32,0.75
rewards/train/check_numbers,33,0.0
rewards/train/check_numbers,34,0.0
rewards/train/check_numbers,35,0.0
rewards/train/check_numbers,36,1.5
rewards/train/check_numbers,37,0.75
rewards/train/check_numbers,38,0.0
rewards/train/check_numbers,39,0.0
rewards/train/check_numbers,40,1.5
rewards/train/check_numbers,41,1.5
rewards/train/check_numbers,42,0.0
rewards/train/check_numbers,43,0.75
rewards/train/check_numbers,44,1.5
rewards/train/check_numbers,45,0.0
rewards/train/check_numbers,46,1.5
rewards/train/check_numbers,47,1.5
rewards/train/check_numbers,48,0.75
rewards/train/check_numbers,49,0.0
rewards/train/check_numbers,50,1.5
rewards/train/check_numbers,51,0.75
rewards/train/check_numbers,52,1.5
rewards/train/check_numbers,53,1.5
rewards/train/check_numbers,54,1.5
rewards/train/check_numbers,55,1.5
rewards/train/check_numbers,56,0.0
rewards/train/check_numbers,57,0.0
rewards/train/check_numbers,58,1.5
rewards/train/check_numbers,59,0.75
rewards/train/check_numbers,60,0.75
rewards/train/check_numbers,61,0.0
rewards/train/check_numbers,62,0.0
rewards/train/check_numbers,63,0.75
rewards/train/check_numbers,64,1.5
rewards/train/check_numbers,65,0.0
rewards/train/check_numbers,66,1.5
rewards/train/check_numbers,67,0.0
rewards/train/check_numbers,68,0.0
rewards/train/check_numbers,69,1.5
rewards/train/check_numbers,70,0.0
rewards/train/check_numbers,71,1.5
rewards/train/check_numbers,72,1.5
rewards/train/check_numbers,73,0.0
rewards/train/check_numbers,74,0.0
rewards/train/check_numbers,75,1.5
rewards/train/check_numbers,76,0.75
rewards/train/check_numbers,77,0.0
rewards/train/check_numbers,78,1.5
rewards/train/check_numbers,79,0.0
rewards/train/check_numbers,80,0.0
rewards/train/check_numbers,81,0.75
rewards/train/check_numbers,82,0.0
rewards/train/check_numbers,83,0.75
rewards/train/check_numbers,84,0.0
rewards/train/check_numbers,85,0.75
rewards/train/check_numbers,86,1.5
rewards/train/check_numbers,87,1.5
rewards/train/check_numbers,88,0.0
rewards/train/check_numbers,89,1.5
rewards/train/check_numbers,90,1.5
rewards/train/check_numbers,91,1.5
rewards/train/check_numbers,92,0.0
rewards/train/check_numbers,93,0.0
rewards/train/check_numbers,94,0.0
rewards/train/check_numbers,95,1.5
rewards/train/check_numbers,96,1.5
rewards/train/check_numbers,97,1.5
rewards/train/check_numbers,98,1.5
rewards/train/check_numbers,99,0.0
rewards/train/check_numbers,100,0.0
rewards/train/check_numbers,101,0.75
rewards/train/check_numbers,102,1.5
rewards/train/check_numbers,103,0.0
rewards/train/check_numbers,104,0.75
rewards/train/check_numbers,105,0.0
rewards/train/check_numbers,106,1.5
rewards/train/check_numbers,107,1.5
rewards/train/check_numbers,108,0.75
rewards/train/check_numbers,109,1.5
rewards/train/check_numbers,110,1.5
rewards/train/check_numbers,111,1.5
rewards/train/check_numbers,112,0.75
rewards/train/check_numbers,113,1.5
rewards/train/check_numbers,114,1.5
rewards/train/check_numbers,115,0.75
rewards/train/check_numbers,116,0.0
rewards/train/check_numbers,117,0.0
rewards/train/check_numbers,118,1.5
rewards/train/check_numbers,119,0.0
rewards/train/check_numbers,120,0.0
rewards/train/check_numbers,121,0.0
rewards/train/check_numbers,122,0.0
rewards/train/check_numbers,123,1.5
rewards/train/check_numbers,124,0.75
rewards/train/check_numbers,125,0.0
rewards/train/check_numbers,126,1.5
rewards/train/check_numbers,127,1.5
rewards/train/check_numbers,128,0.0
rewards/train/check_numbers,129,0.0
rewards/train/check_numbers,130,0.0
rewards/train/check_numbers,131,0.0
rewards/train/check_numbers,132,0.75
rewards/train/check_numbers,133,0.0
rewards/train/check_numbers,134,1.5
rewards/train/check_numbers,135,1.5
rewards/train/check_numbers,136,0.0
rewards/train/check_numbers,137,1.5
rewards/train/check_numbers,138,1.5
rewards/train/check_numbers,139,0.0
rewards/train/check_numbers,140,1.5
rewards/train/check_numbers,141,0.0
rewards/train/check_numbers,142,0.75
rewards/train/check_numbers,143,0.75
rewards/train/check_numbers,144,0.0
rewards/train/check_numbers,145,0.75
rewards/train/check_numbers,146,0.0
rewards/train/check_numbers,147,0.0
rewards/train/check_numbers,148,0.0
rewards/train/check_numbers,149,0.0
rewards/train/check_numbers,150,1.5
rewards/train/check_numbers,151,0.75
rewards/train/check_numbers,152,0.75
rewards/train/check_numbers,153,0.0
rewards/train/check_numbers,154,1.5
rewards/train/check_numbers,155,0.75
rewards/train/check_numbers,156,0.0
rewards/train/check_numbers,157,1.5
rewards/train/check_numbers,158,1.5
rewards/train/check_numbers,159,0.75
rewards/train/check_numbers,160,0.0
rewards/train/check_numbers,161,1.5
rewards/train/check_numbers,162,0.0
rewards/train/check_numbers,163,0.0
rewards/train/check_numbers,164,1.5
rewards/train/check_numbers,165,0.0
rewards/train/check_numbers,166,0.75
rewards/train/check_numbers,167,0.75
rewards/train/check_numbers,168,0.0
rewards/train/check_numbers,169,0.0
rewards/train/check_numbers,170,0.0
rewards/train/check_numbers,171,1.5
rewards/train/check_numbers,172,0.0
rewards/train/check_numbers,173,0.0
rewards/train/check_numbers,174,0.75
rewards/train/check_numbers,175,0.0
rewards/train/check_numbers,176,0.0
rewards/train/check_numbers,177,0.0
rewards/train/check_numbers,178,0.75
rewards/train/check_numbers,179,0.0
rewards/train/check_numbers,180,0.0
rewards/train/check_numbers,181,0.0
rewards/train/check_numbers,182,0.0
rewards/train/check_numbers,183,1.5
rewards/train/check_numbers,184,0.75
rewards/train/check_numbers,185,0.75
rewards/train/check_numbers,186,1.5
rewards/train/check_numbers,187,0.75
rewards/train/check_numbers,188,1.5
rewards/train/check_numbers,189,0.0
rewards/train/check_numbers,190,0.0
rewards/train/check_numbers,191,0.0
rewards/train/check_numbers,192,1.5
rewards/train/check_numbers,193,0.0
rewards/train/check_numbers,194,1.5
rewards/train/check_numbers,195,0.0
rewards/train/check_numbers,196,0.0
rewards/train/check_numbers,197,1.5
rewards/train/check_numbers,198,1.5
rewards/train/check_numbers,199,1.5
rewards/train/check_numbers,200,1.5
rewards/train/check_numbers,201,1.5
rewards/train/check_numbers,202,1.5
rewards/train/check_numbers,203,0.75
rewards/train/check_numbers,204,1.5
rewards/train/check_numbers,205,1.5
rewards/train/check_numbers,206,0.0
rewards/train/check_numbers,207,0.75
rewards/train/check_numbers,208,0.0
rewards/train/check_numbers,209,1.5
rewards/train/check_numbers,210,1.5
rewards/train/check_numbers,211,1.5
rewards/train/check_numbers,212,0.0
rewards/train/check_numbers,213,0.75
rewards/train/check_numbers,214,0.75
rewards/train/check_numbers,215,1.5
rewards/train/check_numbers,216,0.75
rewards/train/check_numbers,217,0.75
rewards/train/check_numbers,218,0.75
rewards/train/check_numbers,219,1.5
rewards/train/check_numbers,220,1.5
rewards/train/check_numbers,221,0.0
rewards/train/check_numbers,222,0.0
rewards/train/check_numbers,223,0.0
rewards/train/check_numbers,224,0.0
rewards/train/check_numbers,225,0.0
rewards/train/check_numbers,226,1.5
rewards/train/check_numbers,227,0.0
rewards/train/check_numbers,228,0.75
rewards/train/check_numbers,229,0.75
rewards/train/check_numbers,230,0.75
rewards/train/check_numbers,231,1.5
rewards/train/check_numbers,232,1.5
rewards/train/check_numbers,233,0.0
rewards/train/check_numbers,234,0.75
rewards/train/check_numbers,235,0.0
rewards/train/check_numbers,236,1.5
rewards/train/check_numbers,237,0.0
rewards/train/check_numbers,238,0.75
rewards/train/check_numbers,239,0.0
rewards/train/check_numbers,240,0.0
rewards/train/check_numbers,241,0.0
rewards/train/check_numbers,242,1.5
rewards/train/check_numbers,243,0.75
rewards/train/check_numbers,244,0.0
rewards/train/check_numbers,245,0.0
rewards/train/check_numbers,246,0.75
rewards/train/check_numbers,247,0.0
rewards/train/check_numbers,248,0.0
rewards/train/check_numbers,249,0.0
rewards/train/check_numbers,250,0.75
rewards/train/check_numbers,251,0.0
rewards/train/check_numbers,252,1.5
rewards/train/check_numbers,253,0.75
rewards/train/check_numbers,254,1.5
rewards/train/check_numbers,255,0.75
rewards/train/check_numbers,256,0.75
rewards/train/check_numbers,257,0.75
rewards/train/check_numbers,258,0.75
rewards/train/check_numbers,259,1.5
rewards/train/check_numbers,260,1.5
rewards/train/check_numbers,261,0.0
rewards/train/check_numbers,262,0.0
rewards/train/check_numbers,263,0.75
rewards/train/check_numbers,264,1.5
rewards/train/check_numbers,265,0.75
rewards/train/check_numbers,266,1.5
rewards/train/check_numbers,267,0.0
rewards/train/check_numbers,268,0.75
rewards/train/check_numbers,269,1.5
rewards/train/check_numbers,270,1.5
rewards/train/check_numbers,271,0.0
rewards/train/check_numbers,272,0.0
rewards/train/check_numbers,273,0.75
rewards/train/check_numbers,274,0.0
rewards/train/check_numbers,275,1.5
rewards/train/check_numbers,276,0.75
rewards/train/check_numbers,277,1.5
rewards/train/check_numbers,278,1.5
rewards/train/check_numbers,279,0.0
rewards/train/check_numbers,280,1.5
rewards/train/check_numbers,281,1.5
rewards/train/check_numbers,282,1.5
rewards/train/check_numbers,283,0.0
rewards/train/check_numbers,284,0.0
rewards/train/check_numbers,285,0.0
rewards/train/check_numbers,286,0.0
rewards/train/check_numbers,287,0.0
rewards/train/check_numbers,288,1.5
rewards/train/check_numbers,289,0.75
rewards/train/check_numbers,290,1.5
rewards/train/check_numbers,291,0.75
rewards/train/check_numbers,292,0.0
rewards/train/check_numbers,293,1.5
rewards/train/check_numbers,294,0.75
rewards/train/check_numbers,295,0.0
rewards/train/check_numbers,296,0.0
rewards/train/check_numbers,297,1.5
rewards/train/check_numbers,298,0.0
rewards/train/check_numbers,299,0.0
rewards/train/check_numbers,300,0.0
rewards/train/check_numbers,301,1.5
rewards/train/check_numbers,302,0.0
rewards/train/check_numbers,303,0.75
rewards/train/check_numbers,304,0.0
rewards/train/check_numbers,305,0.75
rewards/train/check_numbers,306,0.75
rewards/train/check_numbers,307,0.75
rewards/train/check_numbers,308,0.0
rewards/train/check_numbers,309,0.75
rewards/train/check_numbers,310,1.5
rewards/train/check_numbers,311,0.75
rewards/train/check_numbers,312,1.5
rewards/train/check_numbers,313,0.0
rewards/train/check_numbers,314,1.5
rewards/train/check_numbers,315,1.5
rewards/train/check_numbers,316,0.0
rewards/train/check_numbers,317,1.5
rewards/train/score/mean,0,0.25
rewards/train/score/mean,1,1.0
rewards/train/score/mean,2,0.25
rewards/train/score/mean,3,-0.5
rewards/train/score/mean,4,-2.5
rewards/train/score/mean,5,3.5
rewards/train/score/mean,6,0.25
rewards/train/score/mean,7,1.0
rewards/train/score/mean,8,-1.5
rewards/train/score/mean,9,1.0
rewards/train/score/mean,10,-1.5
rewards/train/score/mean,11,1.0
rewards/train/score/mean,12,-0.25
rewards/train/score/mean,13,-0.25
rewards/train/score/mean,14,1.0
rewards/train/score/mean,15,1.0
rewards/train/score/mean,16,0.5
rewards/train/score/mean,17,-1.5
rewards/train/score/mean,18,-1.0
rewards/train/score/mean,19,-2.5
rewards/train/score/mean,20,0.25
rewards/train/score/mean,21,1.0
rewards/train/score/mean,22,1.0
rewards/train/score/mean,23,0.25
rewards/train/score/mean,24,-0.5
rewards/train/score/mean,25,0.5
rewards/train/score/mean,26,1.0
rewards/train/score/mean,27,0.25
rewards/train/score/mean,28,1.0
rewards/train/score/mean,29,0.25
rewards/train/score/mean,30,3.5
rewards/train/score/mean,31,-0.25
rewards/train/score/mean,32,0.25
rewards/train/score/mean,33,-0.5
rewards/train/score/mean,34,1.0
rewards/train/score/mean,35,-1.5
rewards/train/score/mean,36,1.0
rewards/train/score/mean,37,-0.75
rewards/train/score/mean,38,-1.0
rewards/train/score/mean,39,-0.5
rewards/train/score/mean,40,0.5
rewards/train/score/mean,41,1.0
rewards/train/score/mean,42,-1.0
rewards/train/score/mean,43,0.25
rewards/train/score/mean,44,1.0
rewards/train/score/mean,45,0.0
rewards/train/score/mean,46,1.0
rewards/train/score/mean,47,5.5
rewards/train/score/mean,48,0.25
rewards/train/score/mean,49,-0.5
rewards/train/score/mean,50,1.0
rewards/train/score/mean,51,0.25
rewards/train/score/mean,52,1.0
rewards/train/score/mean,53,1.0
rewards/train/score/mean,54,1.0
rewards/train/score/mean,55,1.0
rewards/train/score/mean,56,-0.5
rewards/train/score/mean,57,-0.5
rewards/train/score/mean,58,1.0
rewards/train/score/mean,59,0.75
rewards/train/score/mean,60,0.25
rewards/train/score/mean,61,-0.5
rewards/train/score/mean,62,-1.5
rewards/train/score/mean,63,-0.75
rewards/train/score/mean,64,1.0
rewards/train/score/mean,65,-0.5
rewards/train/score/mean,66,1.0
rewards/train/score/mean,67,-1.0
rewards/train/score/mean,68,-1.5
rewards/train/score/mean,69,1.0
rewards/train/score/mean,70,3.5
rewards/train/score/mean,71,1.0
rewards/train/score/mean,72,1.5
rewards/train/score/mean,73,-2.5
rewards/train/score/mean,74,-1.5
rewards/train/score/mean,75,1.0
rewards/train/score/mean,76,2.75
rewards/train/score/mean,77,-0.5
rewards/train/score/mean,78,1.0
rewards/train/score/mean,79,-0.5
rewards/train/score/mean,80,-0.5
rewards/train/score/mean,81,0.25
rewards/train/score/mean,82,0.0
rewards/train/score/mean,83,7.25
rewards/train/score/mean,84,-0.5
rewards/train/score/mean,85,0.25
rewards/train/score/mean,86,1.0
rewards/train/score/mean,87,1.0
rewards/train/score/mean,88,0.0
rewards/train/score/mean,89,1.0
rewards/train/score/mean,90,1.5
rewards/train/score/mean,91,1.0
rewards/train/score/mean,92,-0.5
rewards/train/score/mean,93,-1.5
rewards/train/score/mean,94,-2.5
rewards/train/score/mean,95,1.0
rewards/train/score/mean,96,1.0
rewards/train/score/mean,97,0.0
rewards/train/score/mean,98,1.0
rewards/train/score/mean,99,-1.5
rewards/train/score/mean,100,3.5
rewards/train/score/mean,101,0.25
rewards/train/score/mean,102,1.0
rewards/train/score/mean,103,-0.5
rewards/train/score/mean,104,0.25
rewards/train/score/mean,105,2.625
rewards/train/score/mean,106,1.0
rewards/train/score/mean,107,1.0
rewards/train/score/mean,108,0.25
rewards/train/score/mean,109,1.0
rewards/train/score/mean,110,1.0
rewards/train/score/mean,111,1.0
rewards/train/score/mean,112,-0.75
rewards/train/score/mean,113,1.0
rewards/train/score/mean,114,1.0
rewards/train/score/mean,115,-0.75
rewards/train/score/mean,116,-0.5
rewards/train/score/mean,117,-1.5
rewards/train/score/mean,118,1.0
rewards/train/score/mean,119,-1.5
rewards/train/score/mean,120,-1.5
rewards/train/score/mean,121,-1.0
rewards/train/score/mean,122,-1.5
rewards/train/score/mean,123,6.5
rewards/train/score/mean,124,-0.25
rewards/train/score/mean,125,-1.0
rewards/train/score/mean,126,0.5
rewards/train/score/mean,127,1.0
rewards/train/score/mean,128,-1.5
rewards/train/score/mean,129,-2.0
rewards/train/score/mean,130,-0.5
rewards/train/score/mean,131,3.5
rewards/train/score/mean,132,0.25
rewards/train/score/mean,133,-0.5
rewards/train/score/mean,134,1.0
rewards/train/score/mean,135,1.0
rewards/train/score/mean,136,3.5
rewards/train/score/mean,137,1.0
rewards/train/score/mean,138,1.0
rewards/train/score/mean,139,-0.5
rewards/train/score/mean,140,4.5
rewards/train/score/mean,141,3.5
rewards/train/score/mean,142,-0.25
rewards/train/score/mean,143,0.25
rewards/train/score/mean,144,-0.5
rewards/train/score/mean,145,2.875
rewards/train/score/mean,146,4.25
rewards/train/score/mean,147,1.0
rewards/train/score/mean,148,0.5
rewards/train/score/mean,149,1.0
rewards/train/score/mean,150,9.0
rewards/train/score/mean,151,-0.25
rewards/train/score/mean,152,6.25
rewards/train/score/mean,153,-1.5
rewards/train/score/mean,154,1.5
rewards/train/score/mean,155,3.25
rewards/train/score/mean,156,3.5
rewards/train/score/mean,157,10.0
rewards/train/score/mean,158,9.0
rewards/train/score/mean,159,5.0
rewards/train/score/mean,160,0.5
rewards/train/score/mean,161,9.0
rewards/train/score/mean,162,-1.0
rewards/train/score/mean,163,4.5
rewards/train/score/mean,164,5.5
rewards/train/score/mean,165,4.5
rewards/train/score/mean,166,0.25
rewards/train/score/mean,167,0.25
rewards/train/score/mean,168,1.5
rewards/train/score/mean,169,3.5
rewards/train/score/mean,170,3.5
rewards/train/score/mean,171,9.0
rewards/train/score/mean,172,3.5
rewards/train/score/mean,173,3.5
rewards/train/score/mean,174,6.25
rewards/train/score/mean,175,1.0
rewards/train/score/mean,176,3.5
rewards/train/score/mean,177,1.625
rewards/train/score/mean,178,6.25
rewards/train/score/mean,179,3.5
rewards/train/score/mean,180,-1.5
rewards/train/score/mean,181,2.0
rewards/train/score/mean,182,3.5
rewards/train/score/mean,183,9.0
rewards/train/score/mean,184,7.25
rewards/train/score/mean,185,6.25
rewards/train/score/mean,186,6.5
rewards/train/score/mean,187,3.75
rewards/train/score/mean,188,10.0
rewards/train/score/mean,189,-2.5
rewards/train/score/mean,190,4.75
rewards/train/score/mean,191,2.25
rewards/train/score/mean,192,1.5
rewards/train/score/mean,193,2.0
rewards/train/score/mean,194,3.0
rewards/train/score/mean,195,3.5
rewards/train/score/mean,196,1.0
rewards/train/score/mean,197,5.5
rewards/train/score/mean,198,9.0
rewards/train/score/mean,199,9.0
rewards/train/score/mean,200,10.0
rewards/train/score/mean,201,2.0
rewards/train/score/mean,202,9.0
rewards/train/score/mean,203,5.75
rewards/train/score/mean,204,9.0
rewards/train/score/mean,205,1.0
rewards/train/score/mean,206,-0.5
rewards/train/score/mean,207,0.25
rewards/train/score/mean,208,3.5
rewards/train/score/mean,209,1.0
rewards/train/score/mean,210,2.0
rewards/train/score/mean,211,9.0
rewards/train/score/mean,212,3.0
rewards/train/score/mean,213,6.25
rewards/train/score/mean,214,3.75
rewards/train/score/mean,215,1.5
rewards/train/score/mean,216,3.25
rewards/train/score/mean,217,-0.75
rewards/train/score/mean,218,5.75
rewards/train/score/mean,219,10.0
rewards/train/score/mean,220,10.0
rewards/train/score/mean,221,4.5
rewards/train/score/mean,222,1.5
rewards/train/score/mean,223,-0.5
rewards/train/score/mean,224,2.5
rewards/train/score/mean,225,4.5
rewards/train/score/mean,226,10.0
rewards/train/score/mean,227,4.5
rewards/train/score/mean,228,4.75
rewards/train/score/mean,229,4.75
rewards/train/score/mean,230,7.25
rewards/train/score/mean,231,10.0
rewards/train/score/mean,232,10.0
rewards/train/score/mean,233,-1.0
rewards/train/score/mean,234,5.75
rewards/train/score/mean,235,4.5
rewards/train/score/mean,236,10.0
rewards/train/score/mean,237,3.125
rewards/train/score/mean,238,7.25
rewards/train/score/mean,239,2.5
rewards/train/score/mean,240,4.5
rewards/train/score/mean,241,3.0
rewards/train/score/mean,242,10.0
rewards/train/score/mean,243,7.25
rewards/train/score/mean,244,4.5
rewards/train/score/mean,245,4.5
rewards/train/score/mean,246,7.25
rewards/train/score/mean,247,2.0
rewards/train/score/mean,248,4.5
rewards/train/score/mean,249,4.5
rewards/train/score/mean,250,7.25
rewards/train/score/mean,251,2.0
rewards/train/score/mean,252,1.0
rewards/train/score/mean,253,7.25
rewards/train/score/mean,254,10.0
rewards/train/score/mean,255,7.25
rewards/train/score/mean,256,7.25
rewards/train/score/mean,257,7.25
rewards/train/score/mean,258,1.25
rewards/train/score/mean,259,1.0
rewards/train/score/mean,260,10.0
rewards/train/score/mean,261,4.5
rewards/train/score/mean,262,-0.5
rewards/train/score/mean,263,6.0
rewards/train/score/mean,264,2.0
rewards/train/score/mean,265,5.25
rewards/train/score/mean,266,6.0
rewards/train/score/mean,267,4.5
rewards/train/score/mean,268,7.25
rewards/train/score/mean,269,6.5
rewards/train/score/mean,270,10.0
rewards/train/score/mean,271,4.5
rewards/train/score/mean,272,1.5
rewards/train/score/mean,273,7.25
rewards/train/score/mean,274,3.0
rewards/train/score/mean,275,1.5
rewards/train/score/mean,276,7.25
rewards/train/score/mean,277,6.0
rewards/train/score/mean,278,2.0
rewards/train/score/mean,279,4.5
rewards/train/score/mean,280,10.0
rewards/train/score/mean,281,10.0
rewards/train/score/mean,282,10.0
rewards/train/score/mean,283,5.125
rewards/train/score/mean,284,4.5
rewards/train/score/mean,285,4.5
rewards/train/score/mean,286,4.5
rewards/train/score/mean,287,2.5
rewards/train/score/mean,288,10.0
rewards/train/score/mean,289,8.0
rewards/train/score/mean,290,10.0
rewards/train/score/mean,291,7.25
rewards/train/score/mean,292,4.5
rewards/train/score/mean,293,10.0
rewards/train/score/mean,294,8.0
rewards/train/score/mean,295,1.0
rewards/train/score/mean,296,4.5
rewards/train/score/mean,297,3.0
rewards/train/score/mean,298,2.0
rewards/train/score/mean,299,4.5
rewards/train/score/mean,300,2.5
rewards/train/score/mean,301,10.0
rewards/train/score/mean,302,2.5
rewards/train/score/mean,303,7.25
rewards/train/score/mean,304,3.125
rewards/train/score/mean,305,7.25
rewards/train/score/mean,306,7.25
rewards/train/score/mean,307,7.25
rewards/train/score/mean,308,2.0
rewards/train/score/mean,309,2.25
rewards/train/score/mean,310,10.0
rewards/train/score/mean,311,5.75
rewards/train/score/mean,312,10.0
rewards/train/score/mean,313,2.0
rewards/train/score/mean,314,6.5
rewards/train/score/mean,315,10.0
rewards/train/score/mean,316,4.5
rewards/train/score/mean,317,10.0
rewards/train/score/max,0,1.0
rewards/train/score/max,1,1.0
rewards/train/score/max,2,1.0
rewards/train/score/max,3,-0.5
rewards/train/score/max,4,-2.5
rewards/train/score/max,5,3.5
rewards/train/score/max,6,1.0
rewards/train/score/max,7,1.0
rewards/train/score/max,8,-0.5
rewards/train/score/max,9,1.0
rewards/train/score/max,10,-0.5
rewards/train/score/max,11,1.0
rewards/train/score/max,12,1.0
rewards/train/score/max,13,1.0
rewards/train/score/max,14,1.0
rewards/train/score/max,15,1.0
rewards/train/score/max,16,1.0
rewards/train/score/max,17,-0.5
rewards/train/score/max,18,-0.5
rewards/train/score/max,19,-2.5
rewards/train/score/max,20,1.0
rewards/train/score/max,21,1.0
rewards/train/score/max,22,1.0
rewards/train/score/max,23,1.0
rewards/train/score/max,24,-0.5
rewards/train/score/max,25,1.0
rewards/train/score/max,26,1.0
rewards/train/score/max,27,1.0
rewards/train/score/max,28,1.0
rewards/train/score/max,29,1.0
rewards/train/score/max,30,3.5
rewards/train/score/max,31,1.0
rewards/train/score/max,32,1.0
rewards/train/score/max,33,-0.5
rewards/train/score/max,34,3.5
rewards/train/score/max,35,-0.5
rewards/train/score/max,36,1.0
rewards/train/score/max,37,0.0
rewards/train/score/max,38,-0.5
rewards/train/score/max,39,-0.5
rewards/train/score/max,40,1.0
rewards/train/score/max,41,1.0
rewards/train/score/max,42,-0.5
rewards/train/score/max,43,1.0
rewards/train/score/max,44,1.0
rewards/train/score/max,45,0.5
rewards/train/score/max,46,1.0
rewards/train/score/max,47,9.0
rewards/train/score/max,48,1.0
rewards/train/score/max,49,-0.5
rewards/train/score/max,50,1.0
rewards/train/score/max,51,1.0
rewards/train/score/max,52,1.0
rewards/train/score/max,53,1.0
rewards/train/score/max,54,1.0
rewards/train/score/max,55,1.0
rewards/train/score/max,56,-0.5
rewards/train/score/max,57,-0.5
rewards/train/score/max,58,1.0
rewards/train/score/max,59,2.0
rewards/train/score/max,60,1.0
rewards/train/score/max,61,-0.5
rewards/train/score/max,62,-0.5
rewards/train/score/max,63,1.0
rewards/train/score/max,64,1.0
rewards/train/score/max,65,-0.5
rewards/train/score/max,66,1.0
rewards/train/score/max,67,-0.5
rewards/train/score/max,68,-0.5
rewards/train/score/max,69,1.0
rewards/train/score/max,70,3.5
rewards/train/score/max,71,1.0
rewards/train/score/max,72,2.0
rewards/train/score/max,73,-2.5
rewards/train/score/max,74,-0.5
rewards/train/score/max,75,1.0
rewards/train/score/max,76,3.5
rewards/train/score/max,77,-0.5
rewards/train/score/max,78,1.0
rewards/train/score/max,79,-0.5
rewards/train/score/max,80,-0.5
rewards/train/score/max,81,1.0
rewards/train/score/max,82,0.5
rewards/train/score/max,83,10.0
rewards/train/score/max,84,-0.5
rewards/train/score/max,85,1.0
rewards/train/score/max,86,1.0
rewards/train/score/max,87,1.0
rewards/train/score/max,88,0.5
rewards/train/score/max,89,1.0
rewards/train/score/max,90,2.0
rewards/train/score/max,91,1.0
rewards/train/score/max,92,-0.5
rewards/train/score/max,93,-1.5
rewards/train/score/max,94,-2.5
rewards/train/score/max,95,1.0
rewards/train/score/max,96,1.0
rewards/train/score/max,97,0.0
rewards/train/score/max,98,1.0
rewards/train/score/max,99,-0.5
rewards/train/score/max,100,3.5
rewards/train/score/max,101,1.0
rewards/train/score/max,102,1.0
rewards/train/score/max,103,-0.5
rewards/train/score/max,104,1.0
rewards/train/score/max,105,4.75
rewards/train/score/max,106,1.0
rewards/train/score/max,107,1.0
rewards/train/score/max,108,1.0
rewards/train/score/max,109,1.0
rewards/train/score/max,110,1.0
rewards/train/score/max,111,1.0
rewards/train/score/max,112,0.0
rewards/train/score/max,113,1.0
rewards/train/score/max,114,1.0
rewards/train/score/max,115,1.0
rewards/train/score/max,116,-0.5
rewards/train/score/max,117,-0.5
rewards/train/score/max,118,1.0
rewards/train/score/max,119,-0.5
rewards/train/score/max,120,-0.5
rewards/train/score/max,121,-0.5
rewards/train/score/max,122,-0.5
rewards/train/score/max,123,10.0
rewards/train/score/max,124,1.0
rewards/train/score/max,125,-0.5
rewards/train/score/max,126,1.0
rewards/train/score/max,127,1.0
rewards/train/score/max,128,-0.5
rewards/train/score/max,129,-1.5
rewards/train/score/max,130,-0.5
rewards/train/score/max,131,3.5
rewards/train/score/max,132,1.0
rewards/train/score/max,133,-0.5
rewards/train/score/max,134,1.0
rewards/train/score/max,135,1.0
rewards/train/score/max,136,3.5
rewards/train/score/max,137,1.0
rewards/train/score/max,138,1.0
rewards/train/score/max,139,-0.5
rewards/train/score/max,140,9.0
rewards/train/score/max,141,3.5
rewards/train/score/max,142,2.0
rewards/train/score/max,143,1.0
rewards/train/score/max,144,-0.5
rewards/train/score/max,145,4.75
rewards/train/score/max,146,5.0
rewards/train/score/max,147,4.5
rewards/train/score/max,148,0.5
rewards/train/score/max,149,3.5
rewards/train/score/max,150,9.0
rewards/train/score/max,151,1.0
rewards/train/score/max,152,9.0
rewards/train/score/max,153,-1.5
rewards/train/score/max,154,2.0
rewards/train/score/max,155,9.0
rewards/train/score/max,156,3.5
rewards/train/score/max,157,10.0
rewards/train/score/max,158,9.0
rewards/train/score/max,159,6.5
rewards/train/score/max,160,3.5
rewards/train/score/max,161,9.0
rewards/train/score/max,162,-0.5
rewards/train/score/max,163,4.5
rewards/train/score/max,164,10.0
rewards/train/score/max,165,4.5
rewards/train/score/max,166,1.0
rewards/train/score/max,167,1.0
rewards/train/score/max,168,3.5
rewards/train/score/max,169,3.5
rewards/train/score/max,170,3.5
rewards/train/score/max,171,9.0
rewards/train/score/max,172,3.5
rewards/train/score/max,173,3.5
rewards/train/score/max,174,9.0
rewards/train/score/max,175,3.5
rewards/train/score/max,176,3.5
rewards/train/score/max,177,4.75
rewards/train/score/max,178,9.0
rewards/train/score/max,179,3.5
rewards/train/score/max,180,-0.5
rewards/train/score/max,181,3.5
rewards/train/score/max,182,3.5
rewards/train/score/max,183,9.0
rewards/train/score/max,184,10.0
rewards/train/score/max,185,9.0
rewards/train/score/max,186,6.5
rewards/train/score/max,187,9.0
rewards/train/score/max,188,10.0
rewards/train/score/max,189,-2.5
rewards/train/score/max,190,4.75
rewards/train/score/max,191,4.0
rewards/train/score/max,192,2.0
rewards/train/score/max,193,3.5
rewards/train/score/max,194,3.0
rewards/train/score/max,195,3.5
rewards/train/score/max,196,3.5
rewards/train/score/max,197,10.0
rewards/train/score/max,198,9.0
rewards/train/score/max,199,9.0
rewards/train/score/max,200,10.0
rewards/train/score/max,201,3.0
rewards/train/score/max,202,9.0
rewards/train/score/max,203,10.0
rewards/train/score/max,204,9.0
rewards/train/score/max,205,1.0
rewards/train/score/max,206,-0.5
rewards/train/score/max,207,1.0
rewards/train/score/max,208,3.5
rewards/train/score/max,209,1.0
rewards/train/score/max,210,2.0
rewards/train/score/max,211,9.0
rewards/train/score/max,212,4.5
rewards/train/score/max,213,9.0
rewards/train/score/max,214,9.0
rewards/train/score/max,215,2.0
rewards/train/score/max,216,4.5
rewards/train/score/max,217,0.0
rewards/train/score/max,218,10.0
rewards/train/score/max,219,10.0
rewards/train/score/max,220,10.0
rewards/train/score/max,221,4.5
rewards/train/score/max,222,4.5
rewards/train/score/max,223,-0.5
rewards/train/score/max,224,4.5
rewards/train/score/max,225,4.5
rewards/train/score/max,226,10.0
rewards/train/score/max,227,4.5
rewards/train/score/max,228,10.0
rewards/train/score/max,229,10.0
rewards/train/score/max,230,10.0
rewards/train/score/max,231,10.0
rewards/train/score/max,232,10.0
rewards/train/score/max,233,-0.5
rewards/train/score/max,234,10.0
rewards/train/score/max,235,4.5
rewards/train/score/max,236,10.0
rewards/train/score/max,237,5.75
rewards/train/score/max,238,10.0
rewards/train/score/max,239,4.5
rewards/train/score/max,240,4.5
rewards/train/score/max,241,4.5
rewards/train/score/max,242,10.0
rewards/train/score/max,243,10.0
rewards/train/score/max,244,4.5
rewards/train/score/max,245,4.5
rewards/train/score/max,246,10.0
rewards/train/score/max,247,4.5
rewards/train/score/max,248,4.5
rewards/train/score/max,249,4.5
rewards/train/score/max,250,10.0
rewards/train/score/max,251,4.5
rewards/train/score/max,252,1.0
rewards/train/score/max,253,10.0
rewards/train/score/max,254,10.0
rewards/train/score/max,255,10.0
rewards/train/score/max,256,10.0
rewards/train/score/max,257,10.0
rewards/train/score/max,258,3.0
rewards/train/score/max,259,1.0
rewards/train/score/max,260,10.0
rewards/train/score/max,261,4.5
rewards/train/score/max,262,-0.5
rewards/train/score/max,263,7.5
rewards/train/score/max,264,2.0
rewards/train/score/max,265,10.0
rewards/train/score/max,266,10.0
rewards/train/score/max,267,4.5
rewards/train/score/max,268,10.0
rewards/train/score/max,269,10.0
rewards/train/score/max,270,10.0
rewards/train/score/max,271,4.5
rewards/train/score/max,272,1.5
rewards/train/score/max,273,10.0
rewards/train/score/max,274,4.5
rewards/train/score/max,275,2.0
rewards/train/score/max,276,10.0
rewards/train/score/max,277,10.0
rewards/train/score/max,278,2.0
rewards/train/score/max,279,4.5
rewards/train/score/max,280,10.0
rewards/train/score/max,281,10.0
rewards/train/score/max,282,10.0
rewards/train/score/max,283,5.75
rewards/train/score/max,284,4.5
rewards/train/score/max,285,4.5
rewards/train/score/max,286,4.5
rewards/train/score/max,287,4.5
rewards/train/score/max,288,10.0
rewards/train/score/max,289,10.0
rewards/train/score/max,290,10.0
rewards/train/score/max,291,10.0
rewards/train/score/max,292,4.5
rewards/train/score/max,293,10.0
rewards/train/score/max,294,10.0
rewards/train/score/max,295,1.5
rewards/train/score/max,296,4.5
rewards/train/score/max,297,3.0
rewards/train/score/max,298,4.5
rewards/train/score/max,299,4.5
rewards/train/score/max,300,4.5
rewards/train/score/max,301,10.0
rewards/train/score/max,302,4.5
rewards/train/score/max,303,10.0
rewards/train/score/max,304,5.75
rewards/train/score/max,305,10.0
rewards/train/score/max,306,10.0
rewards/train/score/max,307,10.0
rewards/train/score/max,308,4.5
rewards/train/score/max,309,3.0
rewards/train/score/max,310,10.0
rewards/train/score/max,311,10.0
rewards/train/score/max,312,10.0
rewards/train/score/max,313,4.5
rewards/train/score/max,314,10.0
rewards/train/score/max,315,10.0
rewards/train/score/max,316,4.5
rewards/train/score/max,317,10.0
rewards/train/score/min,0,-0.5
rewards/train/score/min,1,1.0
rewards/train/score/min,2,-0.5
rewards/train/score/min,3,-0.5
rewards/train/score/min,4,-2.5
rewards/train/score/min,5,3.5
rewards/train/score/min,6,-0.5
rewards/train/score/min,7,1.0
rewards/train/score/min,8,-2.5
rewards/train/score/min,9,1.0
rewards/train/score/min,10,-2.5
rewards/train/score/min,11,1.0
rewards/train/score/min,12,-1.5
rewards/train/score/min,13,-1.5
rewards/train/score/min,14,1.0
rewards/train/score/min,15,1.0
rewards/train/score/min,16,0.0
rewards/train/score/min,17,-2.5
rewards/train/score/min,18,-1.5
rewards/train/score/min,19,-2.5
rewards/train/score/min,20,-0.5
rewards/train/score/min,21,1.0
rewards/train/score/min,22,1.0
rewards/train/score/min,23,-0.5
rewards/train/score/min,24,-0.5
rewards/train/score/min,25,0.0
rewards/train/score/min,26,1.0
rewards/train/score/min,27,-0.5
rewards/train/score/min,28,1.0
rewards/train/score/min,29,-0.5
rewards/train/score/min,30,3.5
rewards/train/score/min,31,-1.5
rewards/train/score/min,32,-0.5
rewards/train/score/min,33,-0.5
rewards/train/score/min,34,-1.5
rewards/train/score/min,35,-2.5
rewards/train/score/min,36,1.0
rewards/train/score/min,37,-1.5
rewards/train/score/min,38,-1.5
rewards/train/score/min,39,-0.5
rewards/train/score/min,40,0.0
rewards/train/score/min,41,1.0
rewards/train/score/min,42,-1.5
rewards/train/score/min,43,-0.5
rewards/train/score/min,44,1.0
rewards/train/score/min,45,-0.5
rewards/train/score/min,46,1.0
rewards/train/score/min,47,2.0
rewards/train/score/min,48,-0.5
rewards/train/score/min,49,-0.5
rewards/train/score/min,50,1.0
rewards/train/score/min,51,-0.5
rewards/train/score/min,52,1.0
rewards/train/score/min,53,1.0
rewards/train/score/min,54,1.0
rewards/train/score/min,55,1.0
rewards/train/score/min,56,-0.5
rewards/train/score/min,57,-0.5
rewards/train/score/min,58,1.0
rewards/train/score/min,59,-0.5
rewards/train/score/min,60,-0.5
rewards/train/score/min,61,-0.5
rewards/train/score/min,62,-2.5
rewards/train/score/min,63,-2.5
rewards/train/score/min,64,1.0
rewards/train/score/min,65,-0.5
rewards/train/score/min,66,1.0
rewards/train/score/min,67,-1.5
rewards/train/score/min,68,-2.5
rewards/train/score/min,69,1.0
rewards/train/score/min,70,3.5
rewards/train/score/min,71,1.0
rewards/train/score/min,72,1.0
rewards/train/score/min,73,-2.5
rewards/train/score/min,74,-2.5
rewards/train/score/min,75,1.0
rewards/train/score/min,76,2.0
rewards/train/score/min,77,-0.5
rewards/train/score/min,78,1.0
rewards/train/score/min,79,-0.5
rewards/train/score/min,80,-0.5
rewards/train/score/min,81,-0.5
rewards/train/score/min,82,-0.5
rewards/train/score/min,83,4.5
rewards/train/score/min,84,-0.5
rewards/train/score/min,85,-0.5
rewards/train/score/min,86,1.0
rewards/train/score/min,87,1.0
rewards/train/score/min,88,-0.5
rewards/train/score/min,89,1.0
rewards/train/score/min,90,1.0
rewards/train/score/min,91,1.0
rewards/train/score/min,92,-0.5
rewards/train/score/min,93,-1.5
rewards/train/score/min,94,-2.5
rewards/train/score/min,95,1.0
rewards/train/score/min,96,1.0
rewards/train/score/min,97,0.0
rewards/train/score/min,98,1.0
rewards/train/score/min,99,-2.5
rewards/train/score/min,100,3.5
rewards/train/score/min,101,-0.5
rewards/train/score/min,102,1.0
rewards/train/score/min,103,-0.5
rewards/train/score/min,104,-0.5
rewards/train/score/min,105,0.5
rewards/train/score/min,106,1.0
rewards/train/score/min,107,1.0
rewards/train/score/min,108,-0.5
rewards/train/score/min,109,1.0
rewards/train/score/min,110,1.0
rewards/train/score/min,111,1.0
rewards/train/score/min,112,-1.5
rewards/train/score/min,113,1.0
rewards/train/score/min,114,1.0
rewards/train/score/min,115,-2.5
rewards/train/score/min,116,-0.5
rewards/train/score/min,117,-2.5
rewards/train/score/min,118,1.0
rewards/train/score/min,119,-2.5
rewards/train/score/min,120,-2.5
rewards/train/score/min,121,-1.5
rewards/train/score/min,122,-2.5
rewards/train/score/min,123,3.0
rewards/train/score/min,124,-1.5
rewards/train/score/min,125,-1.5
rewards/train/score/min,126,0.0
rewards/train/score/min,127,1.0
rewards/train/score/min,128,-2.5
rewards/train/score/min,129,-2.5
rewards/train/score/min,130,-0.5
rewards/train/score/min,131,3.5
rewards/train/score/min,132,-0.5
rewards/train/score/min,133,-0.5
rewards/train/score/min,134,1.0
rewards/train/score/min,135,1.0
rewards/train/score/min,136,3.5
rewards/train/score/min,137,1.0
rewards/train/score/min,138,1.0
rewards/train/score/min,139,-0.5
rewards/train/score/min,140,0.0
rewards/train/score/min,141,3.5
rewards/train/score/min,142,-2.5
rewards/train/score/min,143,-0.5
rewards/train/score/min,144,-0.5
rewards/train/score/min,145,1.0
rewards/train/score/min,146,3.5
rewards/train/score/min,147,-2.5
rewards/train/score/min,148,0.5
rewards/train/score/min,149,-1.5
rewards/train/score/min,150,9.0
rewards/train/score/min,151,-1.5
rewards/train/score/min,152,3.5
rewards/train/score/min,153,-1.5
rewards/train/score/min,154,1.0
rewards/train/score/min,155,-2.5
rewards/train/score/min,156,3.5
rewards/train/score/min,157,10.0
rewards/train/score/min,158,9.0
rewards/train/score/min,159,3.5
rewards/train/score/min,160,-2.5
rewards/train/score/min,161,9.0
rewards/train/score/min,162,-1.5
rewards/train/score/min,163,4.5
rewards/train/score/min,164,1.0
rewards/train/score/min,165,4.5
rewards/train/score/min,166,-0.5
rewards/train/score/min,167,-0.5
rewards/train/score/min,168,-0.5
rewards/train/score/min,169,3.5
rewards/train/score/min,170,3.5
rewards/train/score/min,171,9.0
rewards/train/score/min,172,3.5
rewards/train/score/min,173,3.5
rewards/train/score/min,174,3.5
rewards/train/score/min,175,-1.5
rewards/train/score/min,176,3.5
rewards/train/score/min,177,-1.5
rewards/train/score/min,178,3.5
rewards/train/score/min,179,3.5
rewards/train/score/min,180,-2.5
rewards/train/score/min,181,0.5
rewards/train/score/min,182,3.5
rewards/train/score/min,183,9.0
rewards/train/score/min,184,4.5
rewards/train/score/min,185,3.5
rewards/train/score/min,186,6.5
rewards/train/score/min,187,-1.5
rewards/train/score/min,188,10.0
rewards/train/score/min,189,-2.5
rewards/train/score/min,190,4.75
rewards/train/score/min,191,0.5
rewards/train/score/min,192,1.0
rewards/train/score/min,193,0.5
rewards/train/score/min,194,3.0
rewards/train/score/min,195,3.5
rewards/train/score/min,196,-1.5
rewards/train/score/min,197,1.0
rewards/train/score/min,198,9.0
rewards/train/score/min,199,9.0
rewards/train/score/min,200,10.0
rewards/train/score/min,201,1.0
rewards/train/score/min,202,9.0
rewards/train/score/min,203,1.5
rewards/train/score/min,204,9.0
rewards/train/score/min,205,1.0
rewards/train/score/min,206,-0.5
rewards/train/score/min,207,-0.5
rewards/train/score/min,208,3.5
rewards/train/score/min,209,1.0
rewards/train/score/min,210,2.0
rewards/train/score/min,211,9.0
rewards/train/score/min,212,1.5
rewards/train/score/min,213,3.5
rewards/train/score/min,214,-1.5
rewards/train/score/min,215,1.0
rewards/train/score/min,216,2.0
rewards/train/score/min,217,-1.5
rewards/train/score/min,218,1.5
rewards/train/score/min,219,10.0
rewards/train/score/min,220,10.0
rewards/train/score/min,221,4.5
rewards/train/score/min,222,-1.5
rewards/train/score/min,223,-0.5
rewards/train/score/min,224,0.5
rewards/train/score/min,225,4.5
rewards/train/score/min,226,10.0
rewards/train/score/min,227,4.5
rewards/train/score/min,228,-0.5
rewards/train/score/min,229,-0.5
rewards/train/score/min,230,4.5
rewards/train/score/min,231,10.0
rewards/train/score/min,232,10.0
rewards/train/score/min,233,-1.5
rewards/train/score/min,234,1.5
rewards/train/score/min,235,4.5
rewards/train/score/min,236,10.0
rewards/train/score/min,237,0.5
rewards/train/score/min,238,4.5
rewards/train/score/min,239,0.5
rewards/train/score/min,240,4.5
rewards/train/score/min,241,1.5
rewards/train/score/min,242,10.0
rewards/train/score/min,243,4.5
rewards/train/score/min,244,4.5
rewards/train/score/min,245,4.5
rewards/train/score/min,246,4.5
rewards/train/score/min,247,-0.5
rewards/train/score/min,248,4.5
rewards/train/score/min,249,4.5
rewards/train/score/min,250,4.5
rewards/train/score/min,251,-0.5
rewards/train/score/min,252,1.0
rewards/train/score/min,253,4.5
rewards/train/score/min,254,10.0
rewards/train/score/min,255,4.5
rewards/train/score/min,256,4.5
rewards/train/score/min,257,4.5
rewards/train/score/min,258,-0.5
rewards/train/score/min,259,1.0
rewards/train/score/min,260,10.0
rewards/train/score/min,261,4.5
rewards/train/score/min,262,-0.5
rewards/train/score/min,263,4.5
rewards/train/score/min,264,2.0
rewards/train/score/min,265,0.5
rewards/train/score/min,266,2.0
rewards/train/score/min,267,4.5
rewards/train/score/min,268,4.5
rewards/train/score/min,269,3.0
rewards/train/score/min,270,10.0
rewards/train/score/min,271,4.5
rewards/train/score/min,272,1.5
rewards/train/score/min,273,4.5
rewards/train/score/min,274,1.5
rewards/train/score/min,275,1.0
rewards/train/score/min,276,4.5
rewards/train/score/min,277,2.0
rewards/train/score/min,278,2.0
rewards/train/score/min,279,4.5
rewards/train/score/min,280,10.0
rewards/train/score/min,281,10.0
rewards/train/score/min,282,10.0
rewards/train/score/min,283,4.5
rewards/train/score/min,284,4.5
rewards/train/score/min,285,4.5
rewards/train/score/min,286,4.5
rewards/train/score/min,287,0.5
rewards/train/score/min,288,10.0
rewards/train/score/min,289,6.0
rewards/train/score/min,290,10.0
rewards/train/score/min,291,4.5
rewards/train/score/min,292,4.5
rewards/train/score/min,293,10.0
rewards/train/score/min,294,6.0
rewards/train/score/min,295,0.5
rewards/train/score/min,296,4.5
rewards/train/score/min,297,3.0
rewards/train/score/min,298,-0.5
rewards/train/score/min,299,4.5
rewards/train/score/min,300,0.5
rewards/train/score/min,301,10.0
rewards/train/score/min,302,0.5
rewards/train/score/min,303,4.5
rewards/train/score/min,304,0.5
rewards/train/score/min,305,4.5
rewards/train/score/min,306,4.5
rewards/train/score/min,307,4.5
rewards/train/score/min,308,-0.5
rewards/train/score/min,309,1.5
rewards/train/score/min,310,10.0
rewards/train/score/min,311,1.5
rewards/train/score/min,312,10.0
rewards/train/score/min,313,-0.5
rewards/train/score/min,314,3.0
rewards/train/score/min,315,10.0
rewards/train/score/min,316,4.5
rewards/train/score/min,317,10.0
completions/train/mean_length,0,113.0
completions/train/mean_length,1,82.0
completions/train/mean_length,2,236.0
completions/train/mean_length,3,128.5
completions/train/mean_length,4,495.0
completions/train/mean_length,5,100.5
completions/train/mean_length,6,203.5
completions/train/mean_length,7,123.0
completions/train/mean_length,8,426.0
completions/train/mean_length,9,142.5
completions/train/mean_length,10,477.5
completions/train/mean_length,11,110.5
completions/train/mean_length,12,169.5
completions/train/mean_length,13,121.5
completions/train/mean_length,14,72.5
completions/train/mean_length,15,267.0
completions/train/mean_length,16,168.0
completions/train/mean_length,17,468.0
completions/train/mean_length,18,131.0
completions/train/mean_length,19,768.0
completions/train/mean_length,20,249.5
completions/train/mean_length,21,199.5
completions/train/mean_length,22,144.5
completions/train/mean_length,23,171.0
completions/train/mean_length,24,73.5
completions/train/mean_length,25,92.5
completions/train/mean_length,26,123.5
completions/train/mean_length,27,194.0
completions/train/mean_length,28,113.0
completions/train/mean_length,29,407.5
completions/train/mean_length,30,200.5
completions/train/mean_length,31,105.5
completions/train/mean_length,32,129.0
completions/train/mean_length,33,242.0
completions/train/mean_length,34,490.5
completions/train/mean_length,35,503.5
completions/train/mean_length,36,149.0
completions/train/mean_length,37,84.0
completions/train/mean_length,38,167.5
completions/train/mean_length,39,169.5
completions/train/mean_length,40,123.0
completions/train/mean_length,41,117.0
completions/train/mean_length,42,130.5
completions/train/mean_length,43,129.5
completions/train/mean_length,44,93.5
completions/train/mean_length,45,183.0
completions/train/mean_length,46,241.5
completions/train/mean_length,47,236.0
completions/train/mean_length,48,133.5
completions/train/mean_length,49,201.5
completions/train/mean_length,50,161.0
completions/train/mean_length,51,112.0
completions/train/mean_length,52,145.5
completions/train/mean_length,53,109.5
completions/train/mean_length,54,196.5
completions/train/mean_length,55,170.0
completions/train/mean_length,56,111.0
completions/train/mean_length,57,195.5
completions/train/mean_length,58,535.5
completions/train/mean_length,59,143.0
completions/train/mean_length,60,117.0
completions/train/mean_length,61,121.5
completions/train/mean_length,62,558.5
completions/train/mean_length,63,446.5
completions/train/mean_length,64,215.5
completions/train/mean_length,65,199.5
completions/train/mean_length,66,235.5
completions/train/mean_length,67,163.0
completions/train/mean_length,68,525.0
completions/train/mean_length,69,225.0
completions/train/mean_length,70,227.0
completions/train/mean_length,71,145.5
completions/train/mean_length,72,155.5
completions/train/mean_length,73,768.0
completions/train/mean_length,74,492.5
completions/train/mean_length,75,102.0
completions/train/mean_length,76,294.0
completions/train/mean_length,77,188.0
completions/train/mean_length,78,183.0
completions/train/mean_length,79,106.0
completions/train/mean_length,80,111.5
completions/train/mean_length,81,192.0
completions/train/mean_length,82,184.5
completions/train/mean_length,83,147.0
completions/train/mean_length,84,191.0
completions/train/mean_length,85,109.5
completions/train/mean_length,86,194.0
completions/train/mean_length,87,178.0
completions/train/mean_length,88,204.5
completions/train/mean_length,89,169.0
completions/train/mean_length,90,192.5
completions/train/mean_length,91,199.5
completions/train/mean_length,92,194.5
completions/train/mean_length,93,59.5
completions/train/mean_length,94,655.0
completions/train/mean_length,95,173.0
completions/train/mean_length,96,136.0
completions/train/mean_length,97,130.5
completions/train/mean_length,98,207.5
completions/train/mean_length,99,497.0
completions/train/mean_length,100,218.0
completions/train/mean_length,101,158.5
completions/train/mean_length,102,202.5
completions/train/mean_length,103,122.0
completions/train/mean_length,104,161.5
completions/train/mean_length,105,469.5
completions/train/mean_length,106,155.0
completions/train/mean_length,107,196.0
completions/train/mean_length,108,209.0
completions/train/mean_length,109,184.5
completions/train/mean_length,110,383.0
completions/train/mean_length,111,130.5
completions/train/mean_length,112,86.5
completions/train/mean_length,113,132.0
completions/train/mean_length,114,290.0
completions/train/mean_length,115,405.0
completions/train/mean_length,116,285.5
completions/train/mean_length,117,478.0
completions/train/mean_length,118,235.0
completions/train/mean_length,119,563.0
completions/train/mean_length,120,502.0
completions/train/mean_length,121,118.0
completions/train/mean_length,122,768.0
completions/train/mean_length,123,339.5
completions/train/mean_length,124,123.5
completions/train/mean_length,125,425.5
completions/train/mean_length,126,124.5
completions/train/mean_length,127,165.5
completions/train/mean_length,128,413.0
completions/train/mean_length,129,424.5
completions/train/mean_length,130,439.0
completions/train/mean_length,131,220.0
completions/train/mean_length,132,118.5
completions/train/mean_length,133,116.0
completions/train/mean_length,134,325.5
completions/train/mean_length,135,117.5
completions/train/mean_length,136,101.0
completions/train/mean_length,137,160.0
completions/train/mean_length,138,182.0
completions/train/mean_length,139,508.0
completions/train/mean_length,140,130.0
completions/train/mean_length,141,230.5
completions/train/mean_length,142,143.0
completions/train/mean_length,143,135.0
completions/train/mean_length,144,164.5
completions/train/mean_length,145,222.5
completions/train/mean_length,146,170.5
completions/train/mean_length,147,451.5
completions/train/mean_length,148,209.0
completions/train/mean_length,149,430.0
completions/train/mean_length,150,241.0
completions/train/mean_length,151,133.5
completions/train/mean_length,152,92.0
completions/train/mean_length,153,768.0
completions/train/mean_length,154,89.0
completions/train/mean_length,155,501.5
completions/train/mean_length,156,124.5
completions/train/mean_length,157,120.5
completions/train/mean_length,158,213.5
completions/train/mean_length,159,207.5
completions/train/mean_length,160,493.0
completions/train/mean_length,161,127.5
completions/train/mean_length,162,132.0
completions/train/mean_length,163,141.0
completions/train/mean_length,164,291.5
completions/train/mean_length,165,240.0
completions/train/mean_length,166,250.0
completions/train/mean_length,167,193.5
completions/train/mean_length,168,235.5
completions/train/mean_length,169,159.5
completions/train/mean_length,170,95.5
completions/train/mean_length,171,125.5
completions/train/mean_length,172,167.5
completions/train/mean_length,173,114.0
completions/train/mean_length,174,186.5
completions/train/mean_length,175,495.0
completions/train/mean_length,176,261.0
completions/train/mean_length,177,503.5
completions/train/mean_length,178,117.0
completions/train/mean_length,179,136.5
completions/train/mean_length,180,494.5
completions/train/mean_length,181,113.5
completions/train/mean_length,182,89.0
completions/train/mean_length,183,149.5
completions/train/mean_length,184,251.0
completions/train/mean_length,185,121.0
completions/train/mean_length,186,156.0
completions/train/mean_length,187,540.5
completions/train/mean_length,188,262.5
completions/train/mean_length,189,278.5
completions/train/mean_length,190,95.5
completions/train/mean_length,191,398.5
completions/train/mean_length,192,288.0
completions/train/mean_length,193,112.5
completions/train/mean_length,194,257.0
completions/train/mean_length,195,171.0
completions/train/mean_length,196,465.5
completions/train/mean_length,197,185.0
completions/train/mean_length,198,181.5
completions/train/mean_length,199,121.0
completions/train/mean_length,200,341.0
completions/train/mean_length,201,177.5
completions/train/mean_length,202,129.5
completions/train/mean_length,203,116.0
completions/train/mean_length,204,148.0
completions/train/mean_length,205,237.0
completions/train/mean_length,206,220.5
completions/train/mean_length,207,166.5
completions/train/mean_length,208,164.0
completions/train/mean_length,209,164.5
completions/train/mean_length,210,78.0
completions/train/mean_length,211,124.0
completions/train/mean_length,212,341.0
completions/train/mean_length,213,210.0
completions/train/mean_length,214,446.5
completions/train/mean_length,215,220.0
completions/train/mean_length,216,111.5
completions/train/mean_length,217,177.0
completions/train/mean_length,218,211.0
completions/train/mean_length,219,126.0
completions/train/mean_length,220,191.5
completions/train/mean_length,221,223.5
completions/train/mean_length,222,72.5
completions/train/mean_length,223,768.0
completions/train/mean_length,224,223.5
completions/train/mean_length,225,268.0
completions/train/mean_length,226,87.0
completions/train/mean_length,227,178.5
completions/train/mean_length,228,391.5
completions/train/mean_length,229,350.0
completions/train/mean_length,230,166.5
completions/train/mean_length,231,108.5
completions/train/mean_length,232,227.5
completions/train/mean_length,233,768.0
completions/train/mean_length,234,147.5
completions/train/mean_length,235,236.0
completions/train/mean_length,236,121.5
completions/train/mean_length,237,121.5
completions/train/mean_length,238,207.0
completions/train/mean_length,239,155.0
completions/train/mean_length,240,318.5
completions/train/mean_length,241,103.5
completions/train/mean_length,242,172.0
completions/train/mean_length,243,154.0
completions/train/mean_length,244,159.5
completions/train/mean_length,245,275.5
completions/train/mean_length,246,90.0
completions/train/mean_length,247,529.5
completions/train/mean_length,248,131.5
completions/train/mean_length,249,182.5
completions/train/mean_length,250,146.5
completions/train/mean_length,251,446.5
completions/train/mean_length,252,298.0
completions/train/mean_length,253,207.5
completions/train/mean_length,254,200.0
completions/train/mean_length,255,148.0
completions/train/mean_length,256,194.0
completions/train/mean_length,257,130.0
completions/train/mean_length,258,564.5
completions/train/mean_length,259,229.0
completions/train/mean_length,260,135.5
completions/train/mean_length,261,212.5
completions/train/mean_length,262,727.0
completions/train/mean_length,263,254.0
completions/train/mean_length,264,175.0
completions/train/mean_length,265,537.5
completions/train/mean_length,266,112.5
completions/train/mean_length,267,205.0
completions/train/mean_length,268,149.5
completions/train/mean_length,269,309.0
completions/train/mean_length,270,147.0
completions/train/mean_length,271,283.0
completions/train/mean_length,272,165.5
completions/train/mean_length,273,212.0
completions/train/mean_length,274,88.0
completions/train/mean_length,275,252.5
completions/train/mean_length,276,140.5
completions/train/mean_length,277,151.5
completions/train/mean_length,278,74.0
completions/train/mean_length,279,103.5
completions/train/mean_length,280,224.5
completions/train/mean_length,281,140.5
completions/train/mean_length,282,137.0
completions/train/mean_length,283,156.0
completions/train/mean_length,284,144.0
completions/train/mean_length,285,240.0
completions/train/mean_length,286,338.0
completions/train/mean_length,287,208.5
completions/train/mean_length,288,203.5
completions/train/mean_length,289,146.0
completions/train/mean_length,290,180.5
completions/train/mean_length,291,158.0
completions/train/mean_length,292,119.0
completions/train/mean_length,293,193.0
completions/train/mean_length,294,294.0
completions/train/mean_length,295,471.0
completions/train/mean_length,296,175.0
completions/train/mean_length,297,229.0
completions/train/mean_length,298,483.5
completions/train/mean_length,299,141.5
completions/train/mean_length,300,219.5
completions/train/mean_length,301,174.5
completions/train/mean_length,302,267.0
completions/train/mean_length,303,120.5
completions/train/mean_length,304,188.5
completions/train/mean_length,305,239.0
completions/train/mean_length,306,226.0
completions/train/mean_length,307,175.0
completions/train/mean_length,308,471.5
completions/train/mean_length,309,216.0
completions/train/mean_length,310,198.5
completions/train/mean_length,311,111.5
completions/train/mean_length,312,132.5
completions/train/mean_length,313,471.0
completions/train/mean_length,314,150.0
completions/train/mean_length,315,290.5
completions/train/mean_length,316,202.0
completions/train/mean_length,317,125.0
completions/train/max_length,0,151.0
completions/train/max_length,1,83.0
completions/train/max_length,2,300.0
completions/train/max_length,3,135.0
completions/train/max_length,4,768.0
completions/train/max_length,5,113.0
completions/train/max_length,6,209.0
completions/train/max_length,7,124.0
completions/train/max_length,8,768.0
completions/train/max_length,9,166.0
completions/train/max_length,10,768.0
completions/train/max_length,11,119.0
completions/train/max_length,12,243.0
completions/train/max_length,13,160.0
completions/train/max_length,14,73.0
completions/train/max_length,15,334.0
completions/train/max_length,16,198.0
completions/train/max_length,17,768.0
completions/train/max_length,18,139.0
completions/train/max_length,19,768.0
completions/train/max_length,20,321.0
completions/train/max_length,21,203.0
completions/train/max_length,22,153.0
completions/train/max_length,23,184.0
completions/train/max_length,24,88.0
completions/train/max_length,25,104.0
completions/train/max_length,26,128.0
completions/train/max_length,27,212.0
completions/train/max_length,28,116.0
completions/train/max_length,29,422.0
completions/train/max_length,30,238.0
completions/train/max_length,31,123.0
completions/train/max_length,32,147.0
completions/train/max_length,33,273.0
completions/train/max_length,34,768.0
completions/train/max_length,35,768.0
completions/train/max_length,36,152.0
completions/train/max_length,37,93.0
completions/train/max_length,38,279.0
completions/train/max_length,39,306.0
completions/train/max_length,40,129.0
completions/train/max_length,41,121.0
completions/train/max_length,42,143.0
completions/train/max_length,43,142.0
completions/train/max_length,44,97.0
completions/train/max_length,45,210.0
completions/train/max_length,46,249.0
completions/train/max_length,47,251.0
completions/train/max_length,48,152.0
completions/train/max_length,49,214.0
completions/train/max_length,50,173.0
completions/train/max_length,51,120.0
completions/train/max_length,52,162.0
completions/train/max_length,53,113.0
completions/train/max_length,54,223.0
completions/train/max_length,55,172.0
completions/train/max_length,56,118.0
completions/train/max_length,57,262.0
completions/train/max_length,58,728.0
completions/train/max_length,59,144.0
completions/train/max_length,60,167.0
completions/train/max_length,61,127.0
completions/train/max_length,62,768.0
completions/train/max_length,63,768.0
completions/train/max_length,64,233.0
completions/train/max_length,65,279.0
completions/train/max_length,66,237.0
completions/train/max_length,67,177.0
completions/train/max_length,68,768.0
completions/train/max_length,69,229.0
completions/train/max_length,70,249.0
completions/train/max_length,71,154.0
completions/train/max_length,72,160.0
completions/train/max_length,73,768.0
completions/train/max_length,74,768.0
completions/train/max_length,75,105.0
completions/train/max_length,76,420.0
completions/train/max_length,77,211.0
completions/train/max_length,78,200.0
completions/train/max_length,79,128.0
completions/train/max_length,80,125.0
completions/train/max_length,81,228.0
completions/train/max_length,82,191.0
completions/train/max_length,83,150.0
completions/train/max_length,84,193.0
completions/train/max_length,85,117.0
completions/train/max_length,86,212.0
completions/train/max_length,87,181.0
completions/train/max_length,88,314.0
completions/train/max_length,89,170.0
completions/train/max_length,90,196.0
completions/train/max_length,91,215.0
completions/train/max_length,92,202.0
completions/train/max_length,93,62.0
completions/train/max_length,94,768.0
completions/train/max_length,95,180.0
completions/train/max_length,96,145.0
completions/train/max_length,97,132.0
completions/train/max_length,98,227.0
completions/train/max_length,99,768.0
completions/train/max_length,100,274.0
completions/train/max_length,101,253.0
completions/train/max_length,102,208.0
completions/train/max_length,103,151.0
completions/train/max_length,104,172.0
completions/train/max_length,105,560.0
completions/train/max_length,106,159.0
completions/train/max_length,107,200.0
completions/train/max_length,108,247.0
completions/train/max_length,109,192.0
completions/train/max_length,110,401.0
completions/train/max_length,111,137.0
completions/train/max_length,112,111.0
completions/train/max_length,113,141.0
completions/train/max_length,114,292.0
completions/train/max_length,115,631.0
completions/train/max_length,116,297.0
completions/train/max_length,117,768.0
completions/train/max_length,118,254.0
completions/train/max_length,119,768.0
completions/train/max_length,120,768.0
completions/train/max_length,121,155.0
completions/train/max_length,122,768.0
completions/train/max_length,123,542.0
completions/train/max_length,124,130.0
completions/train/max_length,125,429.0
completions/train/max_length,126,130.0
completions/train/max_length,127,218.0
completions/train/max_length,128,768.0
completions/train/max_length,129,734.0
completions/train/max_length,130,620.0
completions/train/max_length,131,223.0
completions/train/max_length,132,125.0
completions/train/max_length,133,123.0
completions/train/max_length,134,334.0
completions/train/max_length,135,129.0
completions/train/max_length,136,101.0
completions/train/max_length,137,173.0
completions/train/max_length,138,204.0
completions/train/max_length,139,768.0
completions/train/max_length,140,169.0
completions/train/max_length,141,308.0
completions/train/max_length,142,153.0
completions/train/max_length,143,155.0
completions/train/max_length,144,192.0
completions/train/max_length,145,328.0
completions/train/max_length,146,196.0
completions/train/max_length,147,768.0
completions/train/max_length,148,217.0
completions/train/max_length,149,768.0
completions/train/max_length,150,242.0
completions/train/max_length,151,134.0
completions/train/max_length,152,96.0
completions/train/max_length,153,768.0
completions/train/max_length,154,93.0
completions/train/max_length,155,768.0
completions/train/max_length,156,138.0
completions/train/max_length,157,128.0
completions/train/max_length,158,249.0
completions/train/max_length,159,223.0
completions/train/max_length,160,768.0
completions/train/max_length,161,129.0
completions/train/max_length,162,179.0
completions/train/max_length,163,161.0
completions/train/max_length,164,303.0
completions/train/max_length,165,325.0
completions/train/max_length,166,259.0
completions/train/max_length,167,202.0
completions/train/max_length,168,254.0
completions/train/max_length,169,167.0
completions/train/max_length,170,97.0
completions/train/max_length,171,128.0
completions/train/max_length,172,174.0
completions/train/max_length,173,116.0
completions/train/max_length,174,210.0
completions/train/max_length,175,768.0
completions/train/max_length,176,262.0
completions/train/max_length,177,768.0
completions/train/max_length,178,121.0
completions/train/max_length,179,138.0
completions/train/max_length,180,768.0
completions/train/max_length,181,123.0
completions/train/max_length,182,90.0
completions/train/max_length,183,178.0
completions/train/max_length,184,257.0
completions/train/max_length,185,122.0
completions/train/max_length,186,174.0
completions/train/max_length,187,768.0
completions/train/max_length,188,273.0
completions/train/max_length,189,288.0
completions/train/max_length,190,103.0
completions/train/max_length,191,479.0
completions/train/max_length,192,305.0
completions/train/max_length,193,153.0
completions/train/max_length,194,265.0
completions/train/max_length,195,174.0
completions/train/max_length,196,768.0
completions/train/max_length,197,240.0
completions/train/max_length,198,187.0
completions/train/max_length,199,122.0
completions/train/max_length,200,349.0
completions/train/max_length,201,182.0
completions/train/max_length,202,136.0
completions/train/max_length,203,148.0
completions/train/max_length,204,150.0
completions/train/max_length,205,243.0
completions/train/max_length,206,230.0
completions/train/max_length,207,181.0
completions/train/max_length,208,172.0
completions/train/max_length,209,165.0
completions/train/max_length,210,79.0
completions/train/max_length,211,125.0
completions/train/max_length,212,343.0
completions/train/max_length,213,231.0
completions/train/max_length,214,768.0
completions/train/max_length,215,318.0
completions/train/max_length,216,117.0
completions/train/max_length,217,199.0
completions/train/max_length,218,229.0
completions/train/max_length,219,127.0
completions/train/max_length,220,194.0
completions/train/max_length,221,225.0
completions/train/max_length,222,77.0
completions/train/max_length,223,768.0
completions/train/max_length,224,259.0
completions/train/max_length,225,298.0
completions/train/max_length,226,87.0
completions/train/max_length,227,193.0
completions/train/max_length,228,496.0
completions/train/max_length,229,521.0
completions/train/max_length,230,193.0
completions/train/max_length,231,117.0
completions/train/max_length,232,299.0
completions/train/max_length,233,768.0
completions/train/max_length,234,179.0
completions/train/max_length,235,300.0
completions/train/max_length,236,132.0
completions/train/max_length,237,131.0
completions/train/max_length,238,272.0
completions/train/max_length,239,159.0
completions/train/max_length,240,327.0
completions/train/max_length,241,112.0
completions/train/max_length,242,176.0
completions/train/max_length,243,158.0
completions/train/max_length,244,204.0
completions/train/max_length,245,288.0
completions/train/max_length,246,103.0
completions/train/max_length,247,768.0
completions/train/max_length,248,150.0
completions/train/max_length,249,191.0
completions/train/max_length,250,157.0
completions/train/max_length,251,768.0
completions/train/max_length,252,298.0
completions/train/max_length,253,219.0
completions/train/max_length,254,208.0
completions/train/max_length,255,177.0
completions/train/max_length,256,232.0
completions/train/max_length,257,136.0
completions/train/max_length,258,639.0
completions/train/max_length,259,267.0
completions/train/max_length,260,142.0
completions/train/max_length,261,228.0
completions/train/max_length,262,768.0
completions/train/max_length,263,318.0
completions/train/max_length,264,182.0
completions/train/max_length,265,727.0
completions/train/max_length,266,121.0
completions/train/max_length,267,206.0
completions/train/max_length,268,151.0
completions/train/max_length,269,387.0
completions/train/max_length,270,173.0
completions/train/max_length,271,291.0
completions/train/max_length,272,168.0
completions/train/max_length,273,228.0
completions/train/max_length,274,96.0
completions/train/max_length,275,279.0
completions/train/max_length,276,232.0
completions/train/max_length,277,154.0
completions/train/max_length,278,84.0
completions/train/max_length,279,110.0
completions/train/max_length,280,336.0
completions/train/max_length,281,142.0
completions/train/max_length,282,137.0
completions/train/max_length,283,161.0
completions/train/max_length,284,204.0
completions/train/max_length,285,298.0
completions/train/max_length,286,354.0
completions/train/max_length,287,209.0
completions/train/max_length,288,208.0
completions/train/max_length,289,147.0
completions/train/max_length,290,203.0
completions/train/max_length,291,189.0
completions/train/max_length,292,122.0
completions/train/max_length,293,199.0
completions/train/max_length,294,373.0
completions/train/max_length,295,526.0
completions/train/max_length,296,180.0
completions/train/max_length,297,229.0
completions/train/max_length,298,768.0
completions/train/max_length,299,155.0
completions/train/max_length,300,232.0
completions/train/max_length,301,178.0
completions/train/max_length,302,418.0
completions/train/max_length,303,122.0
completions/train/max_length,304,199.0
completions/train/max_length,305,274.0
completions/train/max_length,306,293.0
completions/train/max_length,307,189.0
completions/train/max_length,308,768.0
completions/train/max_length,309,229.0
completions/train/max_length,310,211.0
completions/train/max_length,311,131.0
completions/train/max_length,312,158.0
completions/train/max_length,313,768.0
completions/train/max_length,314,152.0
completions/train/max_length,315,302.0
completions/train/max_length,316,209.0
completions/train/max_length,317,131.0
completions/train/min_length,0,75.0
completions/train/min_length,1,81.0
completions/train/min_length,2,172.0
completions/train/min_length,3,122.0
completions/train/min_length,4,222.0
completions/train/min_length,5,88.0
completions/train/min_length,6,198.0
completions/train/min_length,7,122.0
completions/train/min_length,8,84.0
completions/train/min_length,9,119.0
completions/train/min_length,10,187.0
completions/train/min_length,11,102.0
completions/train/min_length,12,96.0
completions/train/min_length,13,83.0
completions/train/min_length,14,72.0
completions/train/min_length,15,200.0
completions/train/min_length,16,138.0
completions/train/min_length,17,168.0
completions/train/min_length,18,123.0
completions/train/min_length,19,768.0
completions/train/min_length,20,178.0
completions/train/min_length,21,196.0
completions/train/min_length,22,136.0
completions/train/min_length,23,158.0
completions/train/min_length,24,59.0
completions/train/min_length,25,81.0
completions/train/min_length,26,119.0
completions/train/min_length,27,176.0
completions/train/min_length,28,110.0
completions/train/min_length,29,393.0
completions/train/min_length,30,163.0
completions/train/min_length,31,88.0
completions/train/min_length,32,111.0
completions/train/min_length,33,211.0
completions/train/min_length,34,213.0
completions/train/min_length,35,239.0
completions/train/min_length,36,146.0
completions/train/min_length,37,75.0
completions/train/min_length,38,56.0
completions/train/min_length,39,33.0
completions/train/min_length,40,117.0
completions/train/min_length,41,113.0
completions/train/min_length,42,118.0
completions/train/min_length,43,117.0
completions/train/min_length,44,90.0
completions/train/min_length,45,156.0
completions/train/min_length,46,234.0
completions/train/min_length,47,221.0
completions/train/min_length,48,115.0
completions/train/min_length,49,189.0
completions/train/min_length,50,149.0
completions/train/min_length,51,104.0
completions/train/min_length,52,129.0
completions/train/min_length,53,106.0
completions/train/min_length,54,170.0
completions/train/min_length,55,168.0
completions/train/min_length,56,104.0
completions/train/min_length,57,129.0
completions/train/min_length,58,343.0
completions/train/min_length,59,142.0
completions/train/min_length,60,67.0
completions/train/min_length,61,116.0
completions/train/min_length,62,349.0
completions/train/min_length,63,125.0
completions/train/min_length,64,198.0
completions/train/min_length,65,120.0
completions/train/min_length,66,234.0
completions/train/min_length,67,149.0
completions/train/min_length,68,282.0
completions/train/min_length,69,221.0
completions/train/min_length,70,205.0
completions/train/min_length,71,137.0
completions/train/min_length,72,151.0
completions/train/min_length,73,768.0
completions/train/min_length,74,217.0
completions/train/min_length,75,99.0
completions/train/min_length,76,168.0
completions/train/min_length,77,165.0
completions/train/min_length,78,166.0
completions/train/min_length,79,84.0
completions/train/min_length,80,98.0
completions/train/min_length,81,156.0
completions/train/min_length,82,178.0
completions/train/min_length,83,144.0
completions/train/min_length,84,189.0
completions/train/min_length,85,102.0
completions/train/min_length,86,176.0
completions/train/min_length,87,175.0
completions/train/min_length,88,95.0
completions/train/min_length,89,168.0
completions/train/min_length,90,189.0
completions/train/min_length,91,184.0
completions/train/min_length,92,187.0
completions/train/min_length,93,57.0
completions/train/min_length,94,542.0
completions/train/min_length,95,166.0
completions/train/min_length,96,127.0
completions/train/min_length,97,129.0
completions/train/min_length,98,188.0
completions/train/min_length,99,226.0
completions/train/min_length,100,162.0
completions/train/min_length,101,64.0
completions/train/min_length,102,197.0
completions/train/min_length,103,93.0
completions/train/min_length,104,151.0
completions/train/min_length,105,379.0
completions/train/min_length,106,151.0
completions/train/min_length,107,192.0
completions/train/min_length,108,171.0
completions/train/min_length,109,177.0
completions/train/min_length,110,365.0
completions/train/min_length,111,124.0
completions/train/min_length,112,62.0
completions/train/min_length,113,123.0
completions/train/min_length,114,288.0
completions/train/min_length,115,179.0
completions/train/min_length,116,274.0
completions/train/min_length,117,188.0
completions/train/min_length,118,216.0
completions/train/min_length,119,358.0
completions/train/min_length,120,236.0
completions/train/min_length,121,81.0
completions/train/min_length,122,768.0
completions/train/min_length,123,137.0
completions/train/min_length,124,117.0
completions/train/min_length,125,422.0
completions/train/min_length,126,119.0
completions/train/min_length,127,113.0
completions/train/min_length,128,58.0
completions/train/min_length,129,115.0
completions/train/min_length,130,258.0
completions/train/min_length,131,217.0
completions/train/min_length,132,112.0
completions/train/min_length,133,109.0
completions/train/min_length,134,317.0
completions/train/min_length,135,106.0
completions/train/min_length,136,101.0
completions/train/min_length,137,147.0
completions/train/min_length,138,160.0
completions/train/min_length,139,248.0
completions/train/min_length,140,91.0
completions/train/min_length,141,153.0
completions/train/min_length,142,133.0
completions/train/min_length,143,115.0
completions/train/min_length,144,137.0
completions/train/min_length,145,117.0
completions/train/min_length,146,145.0
completions/train/min_length,147,135.0
completions/train/min_length,148,201.0
completions/train/min_length,149,92.0
completions/train/min_length,150,240.0
completions/train/min_length,151,133.0
completions/train/min_length,152,88.0
completions/train/min_length,153,768.0
completions/train/min_length,154,85.0
completions/train/min_length,155,235.0
completions/train/min_length,156,111.0
completions/train/min_length,157,113.0
completions/train/min_length,158,178.0
completions/train/min_length,159,192.0
completions/train/min_length,160,218.0
completions/train/min_length,161,126.0
completions/train/min_length,162,85.0
completions/train/min_length,163,121.0
completions/train/min_length,164,280.0
completions/train/min_length,165,155.0
completions/train/min_length,166,241.0
completions/train/min_length,167,185.0
completions/train/min_length,168,217.0
completions/train/min_length,169,152.0
completions/train/min_length,170,94.0
completions/train/min_length,171,123.0
completions/train/min_length,172,161.0
completions/train/min_length,173,112.0
completions/train/min_length,174,163.0
completions/train/min_length,175,222.0
completions/train/min_length,176,260.0
completions/train/min_length,177,239.0
completions/train/min_length,178,113.0
completions/train/min_length,179,135.0
completions/train/min_length,180,221.0
completions/train/min_length,181,104.0
completions/train/min_length,182,88.0
completions/train/min_length,183,121.0
completions/train/min_length,184,245.0
completions/train/min_length,185,120.0
completions/train/min_length,186,138.0
completions/train/min_length,187,313.0
completions/train/min_length,188,252.0
completions/train/min_length,189,269.0
completions/train/min_length,190,88.0
completions/train/min_length,191,318.0
completions/train/min_length,192,271.0
completions/train/min_length,193,72.0
completions/train/min_length,194,249.0
completions/train/min_length,195,168.0
completions/train/min_length,196,163.0
completions/train/min_length,197,130.0
completions/train/min_length,198,176.0
completions/train/min_length,199,120.0
completions/train/min_length,200,333.0
completions/train/min_length,201,173.0
completions/train/min_length,202,123.0
completions/train/min_length,203,84.0
completions/train/min_length,204,146.0
completions/train/min_length,205,231.0
completions/train/min_length,206,211.0
completions/train/min_length,207,152.0
completions/train/min_length,208,156.0
completions/train/min_length,209,164.0
completions/train/min_length,210,77.0
completions/train/min_length,211,123.0
completions/train/min_length,212,339.0
completions/train/min_length,213,189.0
completions/train/min_length,214,125.0
completions/train/min_length,215,122.0
completions/train/min_length,216,106.0
completions/train/min_length,217,155.0
completions/train/min_length,218,193.0
completions/train/min_length,219,125.0
completions/train/min_length,220,189.0
completions/train/min_length,221,222.0
completions/train/min_length,222,68.0
completions/train/min_length,223,768.0
completions/train/min_length,224,188.0
completions/train/min_length,225,238.0
completions/train/min_length,226,87.0
completions/train/min_length,227,164.0
completions/train/min_length,228,287.0
completions/train/min_length,229,179.0
completions/train/min_length,230,140.0
completions/train/min_length,231,100.0
completions/train/min_length,232,156.0
completions/train/min_length,233,768.0
completions/train/min_length,234,116.0
completions/train/min_length,235,172.0
completions/train/min_length,236,111.0
completions/train/min_length,237,112.0
completions/train/min_length,238,142.0
completions/train/min_length,239,151.0
completions/train/min_length,240,310.0
completions/train/min_length,241,95.0
completions/train/min_length,242,168.0
completions/train/min_length,243,150.0
completions/train/min_length,244,115.0
completions/train/min_length,245,263.0
completions/train/min_length,246,77.0
completions/train/min_length,247,291.0
completions/train/min_length,248,113.0
completions/train/min_length,249,174.0
completions/train/min_length,250,136.0
completions/train/min_length,251,125.0
completions/train/min_length,252,298.0
completions/train/min_length,253,196.0
completions/train/min_length,254,192.0
completions/train/min_length,255,119.0
completions/train/min_length,256,156.0
completions/train/min_length,257,124.0
completions/train/min_length,258,490.0
completions/train/min_length,259,191.0
completions/train/min_length,260,129.0
completions/train/min_length,261,197.0
completions/train/min_length,262,686.0
completions/train/min_length,263,190.0
completions/train/min_length,264,168.0
completions/train/min_length,265,348.0
completions/train/min_length,266,104.0
completions/train/min_length,267,204.0
completions/train/min_length,268,148.0
completions/train/min_length,269,231.0
completions/train/min_length,270,121.0
completions/train/min_length,271,275.0
completions/train/min_length,272,163.0
completions/train/min_length,273,196.0
completions/train/min_length,274,80.0
completions/train/min_length,275,226.0
completions/train/min_length,276,49.0
completions/train/min_length,277,149.0
completions/train/min_length,278,64.0
completions/train/min_length,279,97.0
completions/train/min_length,280,113.0
completions/train/min_length,281,139.0
completions/train/min_length,282,137.0
completions/train/min_length,283,151.0
completions/train/min_length,284,84.0
completions/train/min_length,285,182.0
completions/train/min_length,286,322.0
completions/train/min_length,287,208.0
completions/train/min_length,288,199.0
completions/train/min_length,289,145.0
completions/train/min_length,290,158.0
completions/train/min_length,291,127.0
completions/train/min_length,292,116.0
completions/train/min_length,293,187.0
completions/train/min_length,294,215.0
completions/train/min_length,295,416.0
completions/train/min_length,296,170.0
completions/train/min_length,297,229.0
completions/train/min_length,298,199.0
completions/train/min_length,299,128.0
completions/train/min_length,300,207.0
completions/train/min_length,301,171.0
completions/train/min_length,302,116.0
completions/train/min_length,303,119.0
completions/train/min_length,304,178.0
completions/train/min_length,305,204.0
completions/train/min_length,306,159.0
completions/train/min_length,307,161.0
completions/train/min_length,308,175.0
completions/train/min_length,309,203.0
completions/train/min_length,310,186.0
completions/train/min_length,311,92.0
completions/train/min_length,312,107.0
completions/train/min_length,313,174.0
completions/train/min_length,314,148.0
completions/train/min_length,315,279.0
completions/train/min_length,316,195.0
completions/train/min_length,317,119.0
rewards/eval/sum,0,0.28475937247276306
rewards/eval/sum,64,0.40875667333602905
rewards/eval/sum,128,0.768048107624054
rewards/eval/sum,192,4.586564064025879
rewards/eval/sum,256,6.301805019378662
rewards/eval/mean,0,0.07118984311819077
rewards/eval/mean,64,0.10218916833400726
rewards/eval/mean,128,0.1920120269060135
rewards/eval/mean,192,1.1466410160064697
rewards/eval/mean,256,1.5754512548446655
rewards/eval/min,0,-2.5
rewards/eval/min,64,-2.5
rewards/eval/min,128,-2.5
rewards/eval/min,192,-2.5
rewards/eval/min,256,-2.5
rewards/eval/max,0,3.0
rewards/eval/max,64,3.0
rewards/eval/max,128,3.0
rewards/eval/max,192,3.0
rewards/eval/max,256,3.0
rewards/eval/match_format_exactly,0,0.18850266933441162
rewards/eval/match_format_exactly,64,0.18850266933441162
rewards/eval/match_format_exactly,128,0.4010695219039917
rewards/eval/match_format_exactly,192,2.1016042232513428
rewards/eval/match_format_exactly,256,2.3903744220733643
rewards/eval/match_format_approximately,0,-0.6724599003791809
rewards/eval/match_format_approximately,64,-0.5681818127632141
rewards/eval/match_format_approximately,128,-0.4572192430496216
rewards/eval/match_format_approximately,192,1.001336932182312
rewards/eval/match_format_approximately,256,2.013369083404541
rewards/eval/check_answer,0,0.05681818351149559
rewards/eval/check_answer,64,0.042446523904800415
rewards/eval/check_answer,128,0.12433154881000519
rewards/eval/check_answer,192,0.7677139043807983
rewards/eval/check_answer,256,1.0879011154174805
rewards/eval/check_numbers,0,0.7118983864784241
rewards/eval/check_numbers,64,0.7459893226623535
rewards/eval/check_numbers,128,0.6998662948608398
rewards/eval/check_numbers,192,0.7159090638160706
rewards/eval/check_numbers,256,0.8101603984832764
rewards/eval/score/mean,0,0.28475937247276306
rewards/eval/score/mean,64,0.40875667333602905
rewards/eval/score/mean,128,0.768048107624054
rewards/eval/score/mean,192,4.586564064025879
rewards/eval/score/mean,256,6.301805019378662
rewards/eval/score/max,0,10.0
rewards/eval/score/max,64,10.0
rewards/eval/score/max,128,10.0
rewards/eval/score/max,192,10.0
rewards/eval/score/max,256,10.0
rewards/eval/score/min,0,-2.5
rewards/eval/score/min,64,-2.5
rewards/eval/score/min,128,-2.5
rewards/eval/score/min,192,-2.5
rewards/eval/score/min,256,-2.5
completions/eval/mean_length,0,233.0548095703125
completions/eval/mean_length,64,232.06951904296875
completions/eval/mean_length,128,230.84893798828125
completions/eval/mean_length,192,217.85694885253906
completions/eval/mean_length,256,234.4812774658203
completions/eval/max_length,0,768.0
completions/eval/max_length,64,768.0
completions/eval/max_length,128,768.0
completions/eval/max_length,192,768.0
completions/eval/max_length,256,768.0
completions/eval/min_length,0,30.0
completions/eval/min_length,64,32.0
completions/eval/min_length,128,29.0
completions/eval/min_length,192,12.0
completions/eval/min_length,256,32.0
jax/checkpoint/write/async/commit_future_count,0,4.0
actor/train/loss,1,9.4474213256035e-05
actor/train/loss,2,0.00018540426390245557
actor/train/loss,3,-3.630909850471653e-05
actor/train/loss,4,0.0004132891772314906
actor/train/loss,5,6.590888369828463e-05
actor/train/loss,6,-0.0005419129738584161
actor/train/loss,7,0.00016466861416120082
actor/train/loss,8,0.00014045568241272122
actor/train/loss,9,-7.769456715323031e-05
actor/train/loss,10,0.0001134385893237777
actor/train/loss,11,-0.00018457829719409347
actor/train/loss,12,-0.0009736749925650656
actor/train/loss,13,3.4620490623638034e-05
actor/train/loss,14,0.000552355544641614
actor/train/loss,15,1.6186386346817017e-06
actor/train/loss,16,0.0006260839872993529
actor/train/loss,17,-7.528042624471709e-05
actor/train/loss,18,-0.0001524561084806919
actor/train/loss,19,0.0006060157320462167
actor/train/loss,20,1.3737379958911333e-05
actor/train/loss,21,0.0002474968205206096
actor/train/loss,22,1.3293455594975967e-05
actor/train/loss,23,-0.0002472924825269729
actor/train/loss,24,0.00017719133757054806
actor/train/loss,25,0.0001030166822602041
actor/train/loss,26,-0.0005793013842776418
actor/train/loss,27,7.407432713080198e-05
actor/train/loss,28,-0.00031581305665895343
actor/train/loss,29,-9.927835344569758e-05
actor/train/loss,30,0.0003641655493993312
actor/train/loss,31,-0.0010010903934016824
actor/train/loss,32,0.0008336080354638398
actor/train/loss,33,-0.00014804898819420487
actor/train/loss,34,-0.0008461915422230959
actor/train/loss,35,-0.00011620166333159432
actor/train/loss,36,7.46364748920314e-05
actor/train/loss,37,-0.0008447229629382491
actor/train/loss,38,0.00015690084546804428
actor/train/loss,39,0.00022153965255711228
actor/train/loss,40,-0.0020218035206198692
actor/train/loss,41,6.66080741211772e-05
actor/train/loss,42,-0.0002777805784717202
actor/train/loss,43,0.0002762458170764148
actor/train/loss,44,-0.00045295493328012526
actor/train/loss,45,-0.00034384176251478493
actor/train/loss,46,0.00039996180566959083
actor/train/loss,47,7.787840331729967e-06
actor/train/loss,48,0.0033509721979498863
actor/train/loss,49,0.0007265991298481822
actor/train/loss,50,-0.0001365401258226484
actor/train/loss,51,4.2891409975709394e-05
actor/train/loss,52,0.0002978226402774453
actor/train/loss,53,-0.00029383605578914285
actor/train/loss,54,-0.0012910655932500958
actor/train/loss,55,0.0002437654766254127
actor/train/loss,56,-6.26455876044929e-05
actor/train/loss,57,0.0020791548304259777
actor/train/loss,58,-0.00026928875013254583
actor/train/loss,59,0.00013726703764405102
actor/train/loss,60,0.0014701765030622482
actor/train/loss,61,-0.00020740326726809144
actor/train/loss,62,9.714462794363499e-05
actor/train/loss,63,0.00017235289851669222
actor/train/loss,64,7.466944225598127e-05
actor/train/loss,65,0.0014198608696460724
actor/train/loss,66,0.0010359484003856778
actor/train/loss,67,-5.790308932773769e-06
actor/train/loss,68,0.00016881394549272954
actor/train/loss,69,5.191586751607247e-05
actor/train/loss,70,0.0005734687438234687
actor/train/loss,71,-0.00027766905259341
actor/train/loss,72,0.0011464469134807587
actor/train/loss,73,-0.0003601023054216057
actor/train/loss,74,0.00031735640368424356
actor/train/loss,75,0.00034912116825580597
actor/train/loss,76,0.0008961670100688934
actor/train/loss,77,0.0034694543574005365
actor/train/loss,78,0.0018538342555984855
actor/train/loss,79,-0.0008105341112241149
actor/train/loss,80,0.001058555324561894
actor/train/loss,81,0.0036313352175056934
actor/train/loss,82,-0.00014748658577445894
actor/train/loss,83,0.0003534186107572168
actor/train/loss,84,0.0008365518879145384
actor/train/loss,85,0.00033461194834671915
actor/train/loss,86,0.0012015500105917454
actor/train/loss,87,0.0021618283353745937
actor/train/loss,88,0.0012967693619430065
actor/train/loss,89,0.0020092723425477743
actor/train/loss,90,5.844871702720411e-05
actor/train/loss,91,-6.090755414334126e-05
actor/train/loss,92,0.0018147524679079652
actor/train/loss,93,-0.0003014744143001735
actor/train/loss,94,0.0002559534041211009
actor/train/loss,95,0.00015836638340260834
actor/train/loss,96,0.00018373358761891723
actor/train/loss,97,0.0013148667057976127
actor/train/loss,98,0.0016162014799192548
actor/train/loss,99,-8.825131226330996e-05
actor/train/loss,100,0.0004786256467923522
actor/train/loss,101,0.000643863168079406
actor/train/loss,102,0.0004937098710797727
actor/train/loss,103,0.000542116176802665
actor/train/loss,104,0.002429775195196271
actor/train/loss,105,4.3915359128732234e-05
actor/train/loss,106,-0.00017388726701028645
actor/train/loss,107,0.0016023492207750678
actor/train/loss,108,0.0001984485425055027
actor/train/loss,109,-0.00016167009016498923
actor/train/loss,110,0.00025772841763682663
actor/train/loss,111,0.000506428477820009
actor/train/loss,112,0.00033628562232479453
actor/train/loss,113,3.1552835935144685e-06
actor/train/loss,114,-0.0001262344012502581
actor/train/loss,115,6.571735866600648e-05
actor/train/loss,116,0.0003362504066899419
actor/train/loss,117,0.0005505990702658892
actor/train/loss,118,0.0010811492102220654
actor/train/loss,119,0.00018005413585342467
actor/train/loss,120,0.00022513877775054425
actor/train/loss,121,0.00023757887538522482
actor/train/loss,122,0.00019625655841082335
actor/train/loss,123,-5.629271254292689e-05
actor/train/loss,124,0.0004922981606796384
actor/train/loss,125,0.0007705969037488103
actor/train/loss,126,-0.0001972221361938864
actor/train/loss,127,-0.0001079080902854912
actor/train/loss,128,-0.00020702106121461838
actor/train/loss,129,-0.0011456033680588007
actor/train/loss,130,-0.0006144545623101294
actor/train/loss,131,0.00029861117945984006
actor/train/loss,132,0.00041402215720154345
actor/train/loss,133,0.0005201658350415528
actor/train/loss,134,0.0008938127430155873
actor/train/loss,135,-0.00025020106113515794
actor/train/loss,136,0.0006099689053371549
actor/train/loss,137,0.0007297946140170097
actor/train/loss,138,-2.8467065931181423e-05
actor/train/loss,139,0.0005471179611049592
actor/train/loss,140,0.00010523134551476687
actor/train/loss,141,0.0007556400378234684
actor/train/loss,142,0.00013321354344952852
actor/train/loss,143,0.0003606639220379293
actor/train/loss,144,0.0004439796321094036
actor/train/loss,145,2.0193680029478855e-05
actor/train/loss,146,0.0011968454346060753
actor/train/loss,147,0.0015386193990707397
actor/train/loss,148,0.0014111945638433099
actor/train/loss,149,0.0007514604949392378
actor/train/loss,150,0.0028479190077632666
actor/train/loss,151,0.00302378972992301
actor/train/loss,152,0.0013714348897337914
actor/train/loss,153,0.006616704165935516
actor/train/loss,154,0.0011071668704971671
actor/train/loss,155,0.0014786055544391274
actor/train/loss,156,0.002889227122068405
actor/train/loss,157,0.005893837194889784
actor/train/loss,158,0.0031707787420600653
actor/train/loss,159,0.0023590377531945705
actor/train/loss,160,0.004823990166187286
actor/train/loss,161,0.001574615016579628
actor/train/loss,162,0.012626984156668186
actor/train/loss,163,-0.0003298954979982227
actor/train/loss,164,0.0017345861997455359
actor/train/loss,165,0.0014650598168373108
actor/train/loss,166,0.000987362116575241
actor/train/loss,167,-0.0003261813835706562
actor/train/loss,168,0.00019252880883868784
actor/train/loss,169,0.0040041920728981495
actor/train/loss,170,0.006066980306059122
actor/train/loss,171,0.013050602748990059
actor/train/loss,172,0.006359342020004988
actor/train/loss,173,0.0067119598388671875
actor/train/loss,174,0.0035521273966878653
actor/train/loss,175,0.0023798744659870863
actor/train/loss,176,0.0016574441688135266
actor/train/loss,177,0.0017735970905050635
actor/train/loss,178,0.0021708353888243437
actor/train/loss,179,0.006800638511776924
actor/train/loss,180,0.0050601535476744175
actor/train/loss,181,0.0021191684063524008
actor/train/loss,182,0.006431354209780693
actor/train/loss,183,0.007462078705430031
actor/train/loss,184,0.004884824622422457
actor/train/loss,185,0.0011032673064619303
actor/train/loss,186,0.004895779769867659
actor/train/loss,187,0.0034239196684211493
actor/train/loss,188,0.0014632984530180693
actor/train/loss,189,0.0037601154763251543
actor/train/loss,190,0.0014091823250055313
actor/train/loss,191,0.008459973149001598
actor/train/loss,192,0.0026904463302344084
actor/train/loss,193,-9.825294546317309e-05
actor/train/loss,194,0.006723913364112377
actor/train/loss,195,0.0014375708997249603
actor/train/loss,196,0.0053304219618439674
actor/train/loss,197,0.002491878578439355
actor/train/loss,198,0.001548371626995504
actor/train/loss,199,0.0025242918636649847
actor/train/loss,200,0.012133787386119366
actor/train/loss,201,0.0016957724001258612
actor/train/loss,202,0.0008204598561860621
actor/train/loss,203,0.004372140858322382
actor/train/loss,204,0.0014359471388161182
actor/train/loss,205,0.007340393029153347
actor/train/loss,206,0.00011329676635796204
actor/train/loss,207,0.0004744812031276524
actor/train/loss,208,4.478059508983279e-06
actor/train/loss,209,0.00043070546234957874
actor/train/loss,210,0.0008267753873951733
actor/train/loss,211,0.008650197647511959
actor/train/loss,212,0.003557374933734536
actor/train/loss,213,0.0019480071496218443
actor/train/loss,214,0.00046535595902241766
actor/train/loss,215,0.00022110529243946075
actor/train/loss,216,0.001297201495617628
actor/train/loss,217,0.004777753725647926
actor/train/loss,218,0.00089647201821208
actor/train/loss,219,0.0049181836657226086
actor/train/loss,220,0.007060334086418152
actor/train/loss,221,0.0009733171318657696
actor/train/loss,222,0.00194694718811661
actor/train/loss,223,0.007772310636937618
actor/train/loss,224,0.0003934797423426062
actor/train/loss,225,0.0063202655874192715
actor/train/loss,226,0.0025438426528126
actor/train/loss,227,0.005088587291538715
actor/train/loss,228,0.004857129417359829
actor/train/loss,229,0.004042173270136118
actor/train/loss,230,0.002697800286114216
actor/train/loss,231,0.006193905137479305
actor/train/loss,232,0.003804833861067891
actor/train/loss,233,0.006901518441736698
actor/train/loss,234,0.0008725273655727506
actor/train/loss,235,0.01044480875134468
actor/train/loss,236,0.0029393199365586042
actor/train/loss,237,0.002692002337425947
actor/train/loss,238,0.006773673929274082
actor/train/loss,239,0.002994897309690714
actor/train/loss,240,0.005498647689819336
actor/train/loss,241,0.003145386464893818
actor/train/loss,242,0.00860701035708189
actor/train/loss,243,0.003868133993819356
actor/train/loss,244,0.004589088261127472
actor/train/loss,245,0.010804593563079834
actor/train/loss,246,0.006737371440976858
actor/train/loss,247,0.004930640570819378
actor/train/loss,248,0.0017175589455291629
actor/train/loss,249,0.0034989810083061457
actor/train/loss,250,0.004633997101336718
actor/train/loss,251,0.004771083127707243
actor/train/loss,252,0.004440605640411377
actor/train/loss,253,0.0021413902286440134
actor/train/loss,254,0.0066191693767905235
actor/train/loss,255,0.002881973283365369
actor/train/loss,256,0.009404323063790798
actor/train/loss,257,0.002947585890069604
actor/train/loss,258,0.006878206506371498
actor/train/loss,259,0.0012083251494914293
actor/train/loss,260,0.00016377956490032375
actor/train/loss,261,0.005291877314448357
actor/train/loss,262,0.0029439174104481936
actor/train/loss,263,0.0011394618777558208
actor/train/loss,264,0.007169319782406092
actor/train/loss,265,0.0011772129219025373
actor/train/loss,266,0.0024737436324357986
actor/train/loss,267,0.016036543995141983
actor/train/loss,268,0.0024428367614746094
actor/train/loss,269,0.005916587542742491
actor/train/loss,270,0.0035111813340336084
actor/train/loss,271,0.009672798216342926
actor/train/loss,272,0.007541067432612181
actor/train/loss,273,0.008682404644787312
actor/train/loss,274,0.008124398067593575
actor/train/loss,275,0.009887460619211197
actor/train/loss,276,0.001345238066278398
actor/train/loss,277,0.01494289468973875
actor/train/loss,278,0.005031430162489414
actor/train/loss,279,0.017905276268720627
actor/train/loss,280,0.009714489802718163
actor/train/loss,281,0.008688675239682198
actor/train/loss,282,0.007617506664246321
actor/train/loss,283,0.005475873593240976
actor/train/loss,284,0.01259384211152792
actor/train/loss,285,0.008762694895267487
actor/train/loss,286,0.008605040609836578
actor/train/loss,287,0.006263425573706627
actor/train/loss,288,0.003442315384745598
actor/train/loss,289,0.0035938892979174852
actor/train/loss,290,0.007173055317252874
actor/train/loss,291,0.006482971832156181
actor/train/loss,292,0.008699310012161732
actor/train/loss,293,0.012579070404171944
actor/train/loss,294,0.00704422639682889
actor/train/loss,295,0.004163464065641165
actor/train/loss,296,0.004531651269644499
actor/train/loss,297,0.008183741010725498
actor/train/loss,298,0.001861570868641138
actor/train/loss,299,0.0040685017593204975
actor/train/loss,300,0.007834923453629017
actor/train/loss,301,0.00701915705576539
actor/train/loss,302,0.00543595664203167
actor/train/loss,303,0.006210110150277615
actor/train/loss,304,0.0029657804407179356
actor/train/loss,305,0.007091984152793884
actor/train/loss,306,0.0034664843697100878
actor/train/loss,307,0.011045767925679684
actor/train/loss,308,0.005815503653138876
actor/train/loss,309,0.005257762037217617
actor/train/loss,310,0.003262721933424473
actor/train/loss,311,0.004609639756381512
actor/train/loss,312,0.0075737484730780125
actor/train/loss,313,0.0041663749143481255
actor/train/loss,314,0.002974939066916704
actor/train/loss,315,0.0037603359669446945
actor/train/loss,316,0.0038246652111411095
actor/train/loss,317,0.0048764836974442005
actor/train/loss,318,0.013072976842522621
actor/train/perplexity,1,1.0000945329666138
actor/train/perplexity,2,1.000185489654541
actor/train/perplexity,3,0.999963641166687
actor/train/perplexity,4,1.000413417816162
actor/train/perplexity,5,1.0000659227371216
actor/train/perplexity,6,0.9994581937789917
actor/train/perplexity,7,1.0001647472381592
actor/train/perplexity,8,1.0001404285430908
actor/train/perplexity,9,0.9999222755432129
actor/train/perplexity,10,1.0001134872436523
actor/train/perplexity,11,0.9998154044151306
actor/train/perplexity,12,0.9990267753601074
actor/train/perplexity,13,1.0000346899032593
actor/train/perplexity,14,1.0005524158477783
actor/train/perplexity,15,1.0000016689300537
actor/train/perplexity,16,1.0006263256072998
actor/train/perplexity,17,0.9999247193336487
actor/train/perplexity,18,0.9998475313186646
actor/train/perplexity,19,1.0006061792373657
actor/train/perplexity,20,1.000013828277588
actor/train/perplexity,21,1.000247597694397
actor/train/perplexity,22,1.0000133514404297
actor/train/perplexity,23,0.9997527003288269
actor/train/perplexity,24,1.000177264213562
actor/train/perplexity,25,1.0001029968261719
actor/train/perplexity,26,0.9994208812713623
actor/train/perplexity,27,1.0000741481781006
actor/train/perplexity,28,0.9996841549873352
actor/train/perplexity,29,0.999900758266449
actor/train/perplexity,30,1.0003641843795776
actor/train/perplexity,31,0.9989994764328003
actor/train/perplexity,32,1.0008339881896973
actor/train/perplexity,33,0.9998518824577332
actor/train/perplexity,34,0.9991540908813477
actor/train/perplexity,35,0.9998838305473328
actor/train/perplexity,36,1.0000746250152588
actor/train/perplexity,37,0.9991556406021118
actor/train/perplexity,38,1.0001568794250488
actor/train/perplexity,39,1.000221610069275
actor/train/perplexity,40,0.9979802370071411
actor/train/perplexity,41,1.0000666379928589
actor/train/perplexity,42,0.9997222423553467
actor/train/perplexity,43,1.0002763271331787
actor/train/perplexity,44,0.9995471835136414
actor/train/perplexity,45,0.9996562600135803
actor/train/perplexity,46,1.0003999471664429
actor/train/perplexity,47,1.0000077486038208
actor/train/perplexity,48,1.0033565759658813
actor/train/perplexity,49,1.0007269382476807
actor/train/perplexity,50,0.9998635053634644
actor/train/perplexity,51,1.0000429153442383
actor/train/perplexity,52,1.0002977848052979
actor/train/perplexity,53,0.9997062087059021
actor/train/perplexity,54,0.9987097978591919
actor/train/perplexity,55,1.0002437829971313
actor/train/perplexity,56,0.9999373555183411
actor/train/perplexity,57,1.002081274986267
actor/train/perplexity,58,0.9997307658195496
actor/train/perplexity,59,1.0001373291015625
actor/train/perplexity,60,1.0014711618423462
actor/train/perplexity,61,0.9997926354408264
actor/train/perplexity,62,1.0000971555709839
actor/train/perplexity,63,1.0001723766326904
actor/train/perplexity,64,1.0000747442245483
actor/train/perplexity,65,1.0014209747314453
actor/train/perplexity,66,1.0010364055633545
actor/train/perplexity,67,0.9999942183494568
actor/train/perplexity,68,1.0001689195632935
actor/train/perplexity,69,1.0000519752502441
actor/train/perplexity,70,1.0005736351013184
actor/train/perplexity,71,0.9997223019599915
actor/train/perplexity,72,1.0011470317840576
actor/train/perplexity,73,0.9996400475502014
actor/train/perplexity,74,1.0003173351287842
actor/train/perplexity,75,1.0003491640090942
actor/train/perplexity,76,1.0008965730667114
actor/train/perplexity,77,1.003475546836853
actor/train/perplexity,78,1.0018556118011475
actor/train/perplexity,79,0.9991897344589233
actor/train/perplexity,80,1.0010591745376587
actor/train/perplexity,81,1.0036380290985107
actor/train/perplexity,82,0.9998525381088257
actor/train/perplexity,83,1.000353455543518
actor/train/perplexity,84,1.000836968421936
actor/train/perplexity,85,1.000334620475769
actor/train/perplexity,86,1.0012022256851196
actor/train/perplexity,87,1.0021641254425049
actor/train/perplexity,88,1.0012975931167603
actor/train/perplexity,89,1.0020112991333008
actor/train/perplexity,90,1.0000585317611694
actor/train/perplexity,91,0.9999390840530396
actor/train/perplexity,92,1.0018163919448853
actor/train/perplexity,93,0.9996985197067261
actor/train/perplexity,94,1.0002559423446655
actor/train/perplexity,95,1.000158429145813
actor/train/perplexity,96,1.0001838207244873
actor/train/perplexity,97,1.001315712928772
actor/train/perplexity,98,1.0016175508499146
actor/train/perplexity,99,0.9999117255210876
actor/train/perplexity,100,1.000478744506836
actor/train/perplexity,101,1.0006440877914429
actor/train/perplexity,102,1.0004937648773193
actor/train/perplexity,103,1.0005422830581665
actor/train/perplexity,104,1.0024327039718628
actor/train/perplexity,105,1.0000438690185547
actor/train/perplexity,106,0.9998261332511902
actor/train/perplexity,107,1.001603603363037
actor/train/perplexity,108,1.000198483467102
actor/train/perplexity,109,0.9998383522033691
actor/train/perplexity,110,1.0002577304840088
actor/train/perplexity,111,1.0005066394805908
actor/train/perplexity,112,1.0003364086151123
actor/train/perplexity,113,1.0000032186508179
actor/train/perplexity,114,0.9998738169670105
actor/train/perplexity,115,1.0000656843185425
actor/train/perplexity,116,1.0003362894058228
actor/train/perplexity,117,1.0005507469177246
actor/train/perplexity,118,1.0010818243026733
actor/train/perplexity,119,1.0001800060272217
actor/train/perplexity,120,1.0002251863479614
actor/train/perplexity,121,1.0002377033233643
actor/train/perplexity,122,1.0001963376998901
actor/train/perplexity,123,0.9999437928199768
actor/train/perplexity,124,1.0004924535751343
actor/train/perplexity,125,1.000770926475525
actor/train/perplexity,126,0.9998027682304382
actor/train/perplexity,127,0.9998921155929565
actor/train/perplexity,128,0.9997929930686951
actor/train/perplexity,129,0.9988549947738647
actor/train/perplexity,130,0.9993857145309448
actor/train/perplexity,131,1.0002986192703247
actor/train/perplexity,132,1.0004141330718994
actor/train/perplexity,133,1.0005202293395996
actor/train/perplexity,134,1.0008941888809204
actor/train/perplexity,135,0.9997497797012329
actor/train/perplexity,136,1.000610113143921
actor/train/perplexity,137,1.000730037689209
actor/train/perplexity,138,0.9999715685844421
actor/train/perplexity,139,1.0005472898483276
actor/train/perplexity,140,1.0001052618026733
actor/train/perplexity,141,1.0007559061050415
actor/train/perplexity,142,1.0001332759857178
actor/train/perplexity,143,1.0003607273101807
actor/train/perplexity,144,1.0004440546035767
actor/train/perplexity,145,1.0000202655792236
actor/train/perplexity,146,1.0011975765228271
actor/train/perplexity,147,1.001539707183838
actor/train/perplexity,148,1.001412272453308
actor/train/perplexity,149,1.0007517337799072
actor/train/perplexity,150,1.002851963043213
actor/train/perplexity,151,1.003028392791748
actor/train/perplexity,152,1.0013723373413086
actor/train/perplexity,153,1.0066386461257935
actor/train/perplexity,154,1.0011076927185059
actor/train/perplexity,155,1.0014797449111938
actor/train/perplexity,156,1.002893328666687
actor/train/perplexity,157,1.0059112310409546
actor/train/perplexity,158,1.0031758546829224
actor/train/perplexity,159,1.0023618936538696
actor/train/perplexity,160,1.0048357248306274
actor/train/perplexity,161,1.0015759468078613
actor/train/perplexity,162,1.012706995010376
actor/train/perplexity,163,0.9996702075004578
actor/train/perplexity,164,1.0017361640930176
actor/train/perplexity,165,1.001466155052185
actor/train/perplexity,166,1.0009877681732178
actor/train/perplexity,167,0.9996739029884338
actor/train/perplexity,168,1.0001925230026245
actor/train/perplexity,169,1.0040122270584106
actor/train/perplexity,170,1.0060853958129883
actor/train/perplexity,171,1.0131361484527588
actor/train/perplexity,172,1.0063796043395996
actor/train/perplexity,173,1.0067344903945923
actor/train/perplexity,174,1.0035583972930908
actor/train/perplexity,175,1.002382755279541
actor/train/perplexity,176,1.0016589164733887
actor/train/perplexity,177,1.0017751455307007
actor/train/perplexity,178,1.0021731853485107
actor/train/perplexity,179,1.0068238973617554
actor/train/perplexity,180,1.0050729513168335
actor/train/perplexity,181,1.0021213293075562
actor/train/perplexity,182,1.0064520835876465
actor/train/perplexity,183,1.0074899196624756
actor/train/perplexity,184,1.0048967599868774
actor/train/perplexity,185,1.0011038780212402
actor/train/perplexity,186,1.0049077272415161
actor/train/perplexity,187,1.003429889678955
actor/train/perplexity,188,1.0014643669128418
actor/train/perplexity,189,1.0037672519683838
actor/train/perplexity,190,1.0014101266860962
actor/train/perplexity,191,1.0084959268569946
actor/train/perplexity,192,1.0026941299438477
actor/train/perplexity,193,0.9999017715454102
actor/train/perplexity,194,1.006746530532837
actor/train/perplexity,195,1.0014384984970093
actor/train/perplexity,196,1.0053447484970093
actor/train/perplexity,197,1.0024950504302979
actor/train/perplexity,198,1.0015496015548706
actor/train/perplexity,199,1.0025275945663452
actor/train/perplexity,200,1.0122077465057373
actor/train/perplexity,201,1.0016971826553345
actor/train/perplexity,202,1.0008207559585571
actor/train/perplexity,203,1.004381775856018
actor/train/perplexity,204,1.0014370679855347
actor/train/perplexity,205,1.007367491722107
actor/train/perplexity,206,1.0001133680343628
actor/train/perplexity,207,1.0004745721817017
actor/train/perplexity,208,1.000004529953003
actor/train/perplexity,209,1.0004308223724365
actor/train/perplexity,210,1.0008271932601929
actor/train/perplexity,211,1.0086876153945923
actor/train/perplexity,212,1.003563642501831
actor/train/perplexity,213,1.0019499063491821
actor/train/perplexity,214,1.0004655122756958
actor/train/perplexity,215,1.0002211332321167
actor/train/perplexity,216,1.0012980699539185
actor/train/perplexity,217,1.0047892332077026
actor/train/perplexity,218,1.00089693069458
actor/train/perplexity,219,1.0049302577972412
actor/train/perplexity,220,1.0070853233337402
actor/train/perplexity,221,1.0009738206863403
actor/train/perplexity,222,1.0019488334655762
actor/train/perplexity,223,1.0078026056289673
actor/train/perplexity,224,1.0003935098648071
actor/train/perplexity,225,1.0063402652740479
actor/train/perplexity,226,1.0025471448898315
actor/train/perplexity,227,1.0051015615463257
actor/train/perplexity,228,1.0048688650131226
actor/train/perplexity,229,1.004050374031067
actor/train/perplexity,230,1.0027015209197998
actor/train/perplexity,231,1.0062130689620972
actor/train/perplexity,232,1.0038120746612549
actor/train/perplexity,233,1.0069254636764526
actor/train/perplexity,234,1.0008729696273804
actor/train/perplexity,235,1.0104995965957642
actor/train/perplexity,236,1.0029436349868774
actor/train/perplexity,237,1.0026955604553223
actor/train/perplexity,238,1.0067967176437378
actor/train/perplexity,239,1.0029994249343872
actor/train/perplexity,240,1.0055139064788818
actor/train/perplexity,241,1.0031503438949585
actor/train/perplexity,242,1.0086442232131958
actor/train/perplexity,243,1.0038756132125854
actor/train/perplexity,244,1.004599690437317
actor/train/perplexity,245,1.010863184928894
actor/train/perplexity,246,1.0067601203918457
actor/train/perplexity,247,1.004942774772644
actor/train/perplexity,248,1.0017189979553223
actor/train/perplexity,249,1.0035051107406616
actor/train/perplexity,250,1.004644751548767
actor/train/perplexity,251,1.0047824382781982
actor/train/perplexity,252,1.0044504404067993
actor/train/perplexity,253,1.0021437406539917
actor/train/perplexity,254,1.006641149520874
actor/train/perplexity,255,1.002886176109314
actor/train/perplexity,256,1.0094486474990845
actor/train/perplexity,257,1.0029518604278564
actor/train/perplexity,258,1.0069019794464111
actor/train/perplexity,259,1.0012091398239136
actor/train/perplexity,260,1.0001637935638428
actor/train/perplexity,261,1.0053058862686157
actor/train/perplexity,262,1.0029481649398804
actor/train/perplexity,263,1.0011401176452637
actor/train/perplexity,264,1.0071951150894165
actor/train/perplexity,265,1.0011779069900513
actor/train/perplexity,266,1.0024768114089966
actor/train/perplexity,267,1.016165852546692
actor/train/perplexity,268,1.0024458169937134
actor/train/perplexity,269,1.0059341192245483
actor/train/perplexity,270,1.0035172700881958
actor/train/perplexity,271,1.009719729423523
actor/train/perplexity,272,1.0075695514678955
actor/train/perplexity,273,1.0087202787399292
actor/train/perplexity,274,1.00815749168396
actor/train/perplexity,275,1.0099365711212158
actor/train/perplexity,276,1.001346230506897
actor/train/perplexity,277,1.0150550603866577
actor/train/perplexity,278,1.0050441026687622
actor/train/perplexity,279,1.0180665254592896
actor/train/perplexity,280,1.0097618103027344
actor/train/perplexity,281,1.0087264776229858
actor/train/perplexity,282,1.0076465606689453
actor/train/perplexity,283,1.0054908990859985
actor/train/perplexity,284,1.0126733779907227
actor/train/perplexity,285,1.0088011026382446
actor/train/perplexity,286,1.0086421966552734
actor/train/perplexity,287,1.0062830448150635
actor/train/perplexity,288,1.003448247909546
actor/train/perplexity,289,1.0036003589630127
actor/train/perplexity,290,1.0071989297866821
actor/train/perplexity,291,1.0065040588378906
actor/train/perplexity,292,1.0087372064590454
actor/train/perplexity,293,1.0126584768295288
actor/train/perplexity,294,1.0070691108703613
actor/train/perplexity,295,1.0041720867156982
actor/train/perplexity,296,1.0045418739318848
actor/train/perplexity,297,1.0082173347473145
actor/train/perplexity,298,1.0018633604049683
actor/train/perplexity,299,1.0040768384933472
actor/train/perplexity,300,1.0078656673431396
actor/train/perplexity,301,1.0070438385009766
actor/train/perplexity,302,1.00545072555542
actor/train/perplexity,303,1.0062294006347656
actor/train/perplexity,304,1.0029700994491577
actor/train/perplexity,305,1.0071172714233398
actor/train/perplexity,306,1.0034724473953247
actor/train/perplexity,307,1.0111069679260254
actor/train/perplexity,308,1.0058324337005615
actor/train/perplexity,309,1.0052716732025146
actor/train/perplexity,310,1.0032681226730347
actor/train/perplexity,311,1.0046201944351196
actor/train/perplexity,312,1.0076024532318115
actor/train/perplexity,313,1.0041751861572266
actor/train/perplexity,314,1.0029792785644531
actor/train/perplexity,315,1.003767490386963
actor/train/perplexity,316,1.0038321018218994
actor/train/perplexity,317,1.0048882961273193
actor/train/perplexity,318,1.0131587982177734
actor/train/grad_norm,1,6.84375
actor/train/grad_norm,2,1.171875
actor/train/grad_norm,3,5.3125
actor/train/grad_norm,4,0.578125
actor/train/grad_norm,5,0.51171875
actor/train/grad_norm,6,0.96484375
actor/train/grad_norm,7,3.125
actor/train/grad_norm,8,0.494140625
actor/train/grad_norm,9,17.75
actor/train/grad_norm,10,0.56640625
actor/train/grad_norm,11,2.53125
actor/train/grad_norm,12,1.4765625
actor/train/grad_norm,13,6.375
actor/train/grad_norm,14,9.4375
actor/train/grad_norm,15,0.5625
actor/train/grad_norm,16,0.921875
actor/train/grad_norm,17,4.4375
actor/train/grad_norm,18,2.3125
actor/train/grad_norm,19,10.125
actor/train/grad_norm,20,0.326171875
actor/train/grad_norm,21,4.5
actor/train/grad_norm,22,0.2578125
actor/train/grad_norm,23,0.486328125
actor/train/grad_norm,24,4.125
actor/train/grad_norm,25,1.2265625
actor/train/grad_norm,26,5.6875
actor/train/grad_norm,27,0.43359375
actor/train/grad_norm,28,3.84375
actor/train/grad_norm,29,1.203125
actor/train/grad_norm,30,1.5625
actor/train/grad_norm,31,1.2109375
actor/train/grad_norm,32,6.15625
actor/train/grad_norm,33,4.78125
actor/train/grad_norm,34,0.90234375
actor/train/grad_norm,35,3.4375
actor/train/grad_norm,36,3.4375
actor/train/grad_norm,37,1.1171875
actor/train/grad_norm,38,7.28125
actor/train/grad_norm,39,12.375
actor/train/grad_norm,40,3.9375
actor/train/grad_norm,41,4.78125
actor/train/grad_norm,42,0.7890625
actor/train/grad_norm,43,7.09375
actor/train/grad_norm,44,6.46875
actor/train/grad_norm,45,0.8203125
actor/train/grad_norm,46,6.625
actor/train/grad_norm,47,0.32421875
actor/train/grad_norm,48,5.6875
actor/train/grad_norm,49,5.3125
actor/train/grad_norm,50,0.412109375
actor/train/grad_norm,51,0.7265625
actor/train/grad_norm,52,7.6875
actor/train/grad_norm,53,0.65625
actor/train/grad_norm,54,1.6328125
actor/train/grad_norm,55,0.2236328125
actor/train/grad_norm,56,0.50390625
actor/train/grad_norm,57,1.1015625
actor/train/grad_norm,58,0.419921875
actor/train/grad_norm,59,0.279296875
actor/train/grad_norm,60,4.71875
actor/train/grad_norm,61,9.1875
actor/train/grad_norm,62,0.62890625
actor/train/grad_norm,63,2.03125
actor/train/grad_norm,64,4.875
actor/train/grad_norm,65,0.322265625
actor/train/grad_norm,66,0.96875
actor/train/grad_norm,67,0.337890625
actor/train/grad_norm,68,4.5
actor/train/grad_norm,69,2.6875
actor/train/grad_norm,70,0.2451171875
actor/train/grad_norm,71,0.419921875
actor/train/grad_norm,72,0.671875
actor/train/grad_norm,73,2.921875
actor/train/grad_norm,74,0.302734375
actor/train/grad_norm,75,3.421875
actor/train/grad_norm,76,0.474609375
actor/train/grad_norm,77,4.71875
actor/train/grad_norm,78,1.0234375
actor/train/grad_norm,79,0.921875
actor/train/grad_norm,80,0.76953125
actor/train/grad_norm,81,1.2890625
actor/train/grad_norm,82,4.15625
actor/train/grad_norm,83,3.515625
actor/train/grad_norm,84,3.53125
actor/train/grad_norm,85,0.474609375
actor/train/grad_norm,86,5.59375
actor/train/grad_norm,87,0.32421875
actor/train/grad_norm,88,0.2431640625
actor/train/grad_norm,89,6.4375
actor/train/grad_norm,90,0.478515625
actor/train/grad_norm,91,7.03125
actor/train/grad_norm,92,0.671875
actor/train/grad_norm,93,0.6640625
actor/train/grad_norm,94,1.2734375
actor/train/grad_norm,95,0.1806640625
actor/train/grad_norm,96,0.337890625
actor/train/grad_norm,97,0.64453125
actor/train/grad_norm,98,0.83203125
actor/train/grad_norm,99,0.302734375
actor/train/grad_norm,100,2.953125
actor/train/grad_norm,101,0.6875
actor/train/grad_norm,102,13.6875
actor/train/grad_norm,103,0.58984375
actor/train/grad_norm,104,0.859375
actor/train/grad_norm,105,4.40625
actor/train/grad_norm,106,3.609375
actor/train/grad_norm,107,0.85546875
actor/train/grad_norm,108,0.33203125
actor/train/grad_norm,109,2.359375
actor/train/grad_norm,110,1.3671875
actor/train/grad_norm,111,0.77734375
actor/train/grad_norm,112,0.43359375
actor/train/grad_norm,113,6.96875
actor/train/grad_norm,114,0.59765625
actor/train/grad_norm,115,0.251953125
actor/train/grad_norm,116,7.34375
actor/train/grad_norm,117,0.458984375
actor/train/grad_norm,118,5.65625
actor/train/grad_norm,119,0.197265625
actor/train/grad_norm,120,3.609375
actor/train/grad_norm,121,3.328125
actor/train/grad_norm,122,4.9375
actor/train/grad_norm,123,2.34375
actor/train/grad_norm,124,3.796875
actor/train/grad_norm,125,4.15625
actor/train/grad_norm,126,5.40625
actor/train/grad_norm,127,3.6875
actor/train/grad_norm,128,0.66796875
actor/train/grad_norm,129,27.5
actor/train/grad_norm,130,15.9375
actor/train/grad_norm,131,0.390625
actor/train/grad_norm,132,0.390625
actor/train/grad_norm,133,3.953125
actor/train/grad_norm,134,1.03125
actor/train/grad_norm,135,0.359375
actor/train/grad_norm,136,0.859375
actor/train/grad_norm,137,1.28125
actor/train/grad_norm,138,0.59765625
actor/train/grad_norm,139,0.466796875
actor/train/grad_norm,140,0.35546875
actor/train/grad_norm,141,11.0625
actor/train/grad_norm,142,1.015625
actor/train/grad_norm,143,7.84375
actor/train/grad_norm,144,6.53125
actor/train/grad_norm,145,0.875
actor/train/grad_norm,146,6.90625
actor/train/grad_norm,147,4.75
actor/train/grad_norm,148,4.03125
actor/train/grad_norm,149,1.2734375
actor/train/grad_norm,150,8.5
actor/train/grad_norm,151,0.62890625
actor/train/grad_norm,152,4.5
actor/train/grad_norm,153,7.8125
actor/train/grad_norm,154,0.173828125
actor/train/grad_norm,155,9.375
actor/train/grad_norm,156,4.09375
actor/train/grad_norm,157,1.015625
actor/train/grad_norm,158,1.0546875
actor/train/grad_norm,159,0.41796875
actor/train/grad_norm,160,3.40625
actor/train/grad_norm,161,4.09375
actor/train/grad_norm,162,2.28125
actor/train/grad_norm,163,6.46875
actor/train/grad_norm,164,0.63671875
actor/train/grad_norm,165,4.96875
actor/train/grad_norm,166,0.94921875
actor/train/grad_norm,167,3.015625
actor/train/grad_norm,168,7.96875
actor/train/grad_norm,169,4.9375
actor/train/grad_norm,170,0.439453125
actor/train/grad_norm,171,0.703125
actor/train/grad_norm,172,0.498046875
actor/train/grad_norm,173,0.419921875
actor/train/grad_norm,174,0.58203125
actor/train/grad_norm,175,5.1875
actor/train/grad_norm,176,2.3125
actor/train/grad_norm,177,0.75390625
actor/train/grad_norm,178,2.75
actor/train/grad_norm,179,6.75
actor/train/grad_norm,180,0.578125
actor/train/grad_norm,181,2.15625
actor/train/grad_norm,182,13.0625
actor/train/grad_norm,183,0.85546875
actor/train/grad_norm,184,0.52734375
actor/train/grad_norm,185,3.71875
actor/train/grad_norm,186,4.1875
actor/train/grad_norm,187,0.59375
actor/train/grad_norm,188,2.34375
actor/train/grad_norm,189,0.384765625
actor/train/grad_norm,190,0.2392578125
actor/train/grad_norm,191,0.5625
actor/train/grad_norm,192,3.515625
actor/train/grad_norm,193,2.71875
actor/train/grad_norm,194,8.1875
actor/train/grad_norm,195,0.52734375
actor/train/grad_norm,196,0.46484375
actor/train/grad_norm,197,4.90625
actor/train/grad_norm,198,4.5
actor/train/grad_norm,199,0.478515625
actor/train/grad_norm,200,0.53125
actor/train/grad_norm,201,0.255859375
actor/train/grad_norm,202,5.21875
actor/train/grad_norm,203,1.1875
actor/train/grad_norm,204,12.5
actor/train/grad_norm,205,0.6328125
actor/train/grad_norm,206,1.015625
actor/train/grad_norm,207,0.37890625
actor/train/grad_norm,208,2.75
actor/train/grad_norm,209,0.62890625
actor/train/grad_norm,210,0.427734375
actor/train/grad_norm,211,0.78125
actor/train/grad_norm,212,1.1640625
actor/train/grad_norm,213,2.09375
actor/train/grad_norm,214,4.5
actor/train/grad_norm,215,5.15625
actor/train/grad_norm,216,5.0
actor/train/grad_norm,217,11.6875
actor/train/grad_norm,218,4.15625
actor/train/grad_norm,219,6.375
actor/train/grad_norm,220,0.609375
actor/train/grad_norm,221,0.474609375
actor/train/grad_norm,222,0.486328125
actor/train/grad_norm,223,10.25
actor/train/grad_norm,224,0.158203125
actor/train/grad_norm,225,5.4375
actor/train/grad_norm,226,0.5
actor/train/grad_norm,227,0.83203125
actor/train/grad_norm,228,0.625
actor/train/grad_norm,229,2.46875
actor/train/grad_norm,230,2.71875
actor/train/grad_norm,231,8.0625
actor/train/grad_norm,232,0.47265625
actor/train/grad_norm,233,0.59765625
actor/train/grad_norm,234,2.625
actor/train/grad_norm,235,8.375
actor/train/grad_norm,236,0.388671875
actor/train/grad_norm,237,0.57421875
actor/train/grad_norm,238,4.4375
actor/train/grad_norm,239,7.9375
actor/train/grad_norm,240,8.0
actor/train/grad_norm,241,0.296875
actor/train/grad_norm,242,6.09375
actor/train/grad_norm,243,0.5859375
actor/train/grad_norm,244,13.0625
actor/train/grad_norm,245,6.5625
actor/train/grad_norm,246,0.5390625
actor/train/grad_norm,247,7.28125
actor/train/grad_norm,248,3.40625
actor/train/grad_norm,249,0.5078125
actor/train/grad_norm,250,0.70703125
actor/train/grad_norm,251,3.53125
actor/train/grad_norm,252,4.34375
actor/train/grad_norm,253,0.2890625
actor/train/grad_norm,254,5.71875
actor/train/grad_norm,255,0.40625
actor/train/grad_norm,256,11.3125
actor/train/grad_norm,257,6.46875
actor/train/grad_norm,258,4.53125
actor/train/grad_norm,259,2.125
actor/train/grad_norm,260,0.3828125
actor/train/grad_norm,261,0.67578125
actor/train/grad_norm,262,0.419921875
actor/train/grad_norm,263,0.265625
actor/train/grad_norm,264,4.21875
actor/train/grad_norm,265,0.5234375
actor/train/grad_norm,266,2.375
actor/train/grad_norm,267,7.1875
actor/train/grad_norm,268,0.384765625
actor/train/grad_norm,269,5.3125
actor/train/grad_norm,270,2.15625
actor/train/grad_norm,271,0.41796875
actor/train/grad_norm,272,0.546875
actor/train/grad_norm,273,0.72265625
actor/train/grad_norm,274,4.6875
actor/train/grad_norm,275,8.25
actor/train/grad_norm,276,3.0625
actor/train/grad_norm,277,35.75
actor/train/grad_norm,278,5.125
actor/train/grad_norm,279,0.9609375
actor/train/grad_norm,280,0.59375
actor/train/grad_norm,281,0.5625
actor/train/grad_norm,282,0.388671875
actor/train/grad_norm,283,0.3984375
actor/train/grad_norm,284,16.875
actor/train/grad_norm,285,1.15625
actor/train/grad_norm,286,0.5625
actor/train/grad_norm,287,0.71875
actor/train/grad_norm,288,2.640625
actor/train/grad_norm,289,0.36328125
actor/train/grad_norm,290,5.3125
actor/train/grad_norm,291,0.4375
actor/train/grad_norm,292,6.03125
actor/train/grad_norm,293,0.70703125
actor/train/grad_norm,294,0.74609375
actor/train/grad_norm,295,2.53125
actor/train/grad_norm,296,6.15625
actor/train/grad_norm,297,0.5625
actor/train/grad_norm,298,0.2734375
actor/train/grad_norm,299,2.625
actor/train/grad_norm,300,1.3125
actor/train/grad_norm,301,4.53125
actor/train/grad_norm,302,0.69140625
actor/train/grad_norm,303,4.84375
actor/train/grad_norm,304,5.53125
actor/train/grad_norm,305,5.1875
actor/train/grad_norm,306,3.90625
actor/train/grad_norm,307,4.09375
actor/train/grad_norm,308,4.28125
actor/train/grad_norm,309,2.8125
actor/train/grad_norm,310,2.265625
actor/train/grad_norm,311,0.41015625
actor/train/grad_norm,312,11.0
actor/train/grad_norm,313,0.388671875
actor/train/grad_norm,314,2.078125
actor/train/grad_norm,315,3.6875
actor/train/grad_norm,316,0.1796875
actor/train/grad_norm,317,0.50390625
actor/train/grad_norm,318,0.8046875
actor/train/kl,1,-0.0007692016079090536
actor/train/kl,2,0.002333780750632286
actor/train/kl,3,0.0001323748438153416
actor/train/kl,4,0.00492013618350029
actor/train/kl,5,-0.000130412561702542
actor/train/kl,6,-0.006763477809727192
actor/train/kl,7,0.002034466015174985
actor/train/kl,8,0.0017850924050435424
actor/train/kl,9,0.0008906243601813912
actor/train/kl,10,0.0011458882363513112
actor/train/kl,11,-0.0017115867231041193
actor/train/kl,12,-0.013198447413742542
actor/train/kl,13,0.001404613140039146
actor/train/kl,14,0.0064215874299407005
actor/train/kl,15,5.577350748353638e-05
actor/train/kl,16,0.006729365326464176
actor/train/kl,17,-0.0009333008783869445
actor/train/kl,18,-0.0006331745535135269
actor/train/kl,19,0.007353557273745537
actor/train/kl,20,0.00017171725630760193
actor/train/kl,21,0.0035224715247750282
actor/train/kl,22,0.00016619267989881337
actor/train/kl,23,-0.002996147843077779
actor/train/kl,24,0.00220520724542439
actor/train/kl,25,-6.692588067380711e-05
actor/train/kl,26,-0.007071974687278271
actor/train/kl,27,0.0009455353138037026
actor/train/kl,28,-0.003806788008660078
actor/train/kl,29,-0.0012766491854563355
actor/train/kl,30,0.0045751468278467655
actor/train/kl,31,-0.012889890931546688
actor/train/kl,32,0.010553387925028801
actor/train/kl,33,-0.0011655379785224795
actor/train/kl,34,-0.010870378464460373
actor/train/kl,35,0.00013022078201174736
actor/train/kl,36,-0.0005836638156324625
actor/train/kl,37,-0.010656100697815418
actor/train/kl,38,0.0022167705465108156
actor/train/kl,39,0.003748350078240037
actor/train/kl,40,-0.010237881913781166
actor/train/kl,41,0.0009122554329223931
actor/train/kl,42,-0.003543568542227149
actor/train/kl,43,0.003927574492990971
actor/train/kl,44,-0.005564509425312281
actor/train/kl,45,-0.0040331450290977955
actor/train/kl,46,0.0044972519390285015
actor/train/kl,47,0.0001619232352823019
actor/train/kl,48,0.041915833950042725
actor/train/kl,49,0.009311197325587273
actor/train/kl,50,-0.0018196578603237867
actor/train/kl,51,0.0009702658862806857
actor/train/kl,52,0.0029293301049619913
actor/train/kl,53,-0.003818053286522627
actor/train/kl,54,-0.01610969379544258
actor/train/kl,55,0.0030611343681812286
actor/train/kl,56,-0.0008035660139285028
actor/train/kl,57,0.02542930468916893
actor/train/kl,58,-0.005101708695292473
actor/train/kl,59,0.0011425730772316456
actor/train/kl,60,0.018374664708971977
actor/train/kl,61,0.0007848087698221207
actor/train/kl,62,0.0010568437865003943
actor/train/kl,63,0.001456903642974794
actor/train/kl,64,-0.0011063284473493695
actor/train/kl,65,0.01753377541899681
actor/train/kl,66,0.006400789599865675
actor/train/kl,67,-7.264122541528195e-05
actor/train/kl,68,0.0021370085887610912
actor/train/kl,69,0.0007966614211909473
actor/train/kl,70,0.007160267326980829
actor/train/kl,71,-0.003468341426923871
actor/train/kl,72,0.01418987475335598
actor/train/kl,73,-0.004519337322562933
actor/train/kl,74,0.003966955002397299
actor/train/kl,75,0.0010938305640593171
actor/train/kl,76,0.011362394317984581
actor/train/kl,77,0.03530953824520111
actor/train/kl,78,0.022381752729415894
actor/train/kl,79,-0.010349680669605732
actor/train/kl,80,0.012013363651931286
actor/train/kl,81,0.045558445155620575
actor/train/kl,82,-0.0019045572262257338
actor/train/kl,83,0.004385222215205431
actor/train/kl,84,0.01047933753579855
actor/train/kl,85,0.004185217432677746
actor/train/kl,86,0.014786342158913612
actor/train/kl,87,0.026479290798306465
actor/train/kl,88,0.0162278451025486
actor/train/kl,89,0.015147291123867035
actor/train/kl,90,0.0007287765038199723
actor/train/kl,91,-0.0007636132068000734
actor/train/kl,92,0.022346902638673782
actor/train/kl,93,-0.004091532435268164
actor/train/kl,94,0.002866536844521761
actor/train/kl,95,0.0022090403363108635
actor/train/kl,96,0.002323305234313011
actor/train/kl,97,0.016490573063492775
actor/train/kl,98,0.02019003964960575
actor/train/kl,99,-0.0007266952306963503
actor/train/kl,100,0.003974824212491512
actor/train/kl,101,0.006466524675488472
actor/train/kl,102,0.006303679198026657
actor/train/kl,103,0.0066232988610863686
actor/train/kl,104,0.02772105485200882
actor/train/kl,105,0.00047700252616778016
actor/train/kl,106,-0.0024780642706900835
actor/train/kl,107,0.020205147564411163
actor/train/kl,108,0.0026022465899586678
actor/train/kl,109,-0.0012079037260264158
actor/train/kl,110,0.003280556993559003
actor/train/kl,111,0.0060674455016851425
actor/train/kl,112,0.004145764745771885
actor/train/kl,113,-0.0028927423991262913
actor/train/kl,114,-0.0011144407326355577
actor/train/kl,115,0.000815904582850635
actor/train/kl,116,-0.0007733781239949167
actor/train/kl,117,0.0068381126038730145
actor/train/kl,118,0.00961937103420496
actor/train/kl,119,0.002111394191160798
actor/train/kl,120,0.0027021304704248905
actor/train/kl,121,0.003709171898663044
actor/train/kl,122,0.004192942287772894
actor/train/kl,123,-0.0007036589086055756
actor/train/kl,124,0.001966614043340087
actor/train/kl,125,0.01019747368991375
actor/train/kl,126,-0.0024856652598828077
actor/train/kl,127,-0.0013228879543021321
actor/train/kl,128,-0.0025811498053371906
actor/train/kl,129,-0.0034200309310108423
actor/train/kl,130,-0.0019148837309330702
actor/train/kl,131,0.0009311967296525836
actor/train/kl,132,0.005185197107493877
actor/train/kl,133,0.006593197584152222
actor/train/kl,134,0.009776600636541843
actor/train/kl,135,-0.0031548014376312494
actor/train/kl,136,0.005563873797655106
actor/train/kl,137,0.009122434072196484
actor/train/kl,138,0.0006764411809854209
actor/train/kl,139,0.006721203215420246
actor/train/kl,140,0.004778377711772919
actor/train/kl,141,0.021354852244257927
actor/train/kl,142,0.0011113015934824944
actor/train/kl,143,0.005387426353991032
actor/train/kl,144,0.006537734530866146
actor/train/kl,145,-0.0006830221391282976
actor/train/kl,146,0.010091875679790974
actor/train/kl,147,0.018291031941771507
actor/train/kl,148,0.0044911704026162624
actor/train/kl,149,0.009552763774991035
actor/train/kl,150,0.012215869501233101
actor/train/kl,151,0.037811193615198135
actor/train/kl,152,0.017178481444716454
actor/train/kl,153,0.08262326568365097
actor/train/kl,154,0.01383958663791418
actor/train/kl,155,0.01895418018102646
actor/train/kl,156,0.020288024097681046
actor/train/kl,157,0.07267235964536667
actor/train/kl,158,0.03964664041996002
actor/train/kl,159,0.02861502766609192
actor/train/kl,160,0.060122065246105194
actor/train/kl,161,0.008629138581454754
actor/train/kl,162,0.15782085061073303
actor/train/kl,163,-0.001678661908954382
actor/train/kl,164,0.020629823207855225
actor/train/kl,165,0.018857207149267197
actor/train/kl,166,0.012238900177180767
actor/train/kl,167,-0.00396232632920146
actor/train/kl,168,0.0020983940921723843
actor/train/kl,169,0.0493575818836689
actor/train/kl,170,0.07582665234804153
actor/train/kl,171,0.16301481425762177
actor/train/kl,172,0.0791657567024231
actor/train/kl,173,0.08394709974527359
actor/train/kl,174,0.04442129656672478
actor/train/kl,175,0.028453096747398376
actor/train/kl,176,0.014903425239026546
actor/train/kl,177,0.022206639871001244
actor/train/kl,178,0.01817748136818409
actor/train/kl,179,0.08582578599452972
actor/train/kl,180,0.06337538361549377
actor/train/kl,181,0.019091777503490448
actor/train/kl,182,0.0830603688955307
actor/train/kl,183,0.09345242381095886
actor/train/kl,184,0.05817573890089989
actor/train/kl,185,0.013705478049814701
actor/train/kl,186,0.0612109899520874
actor/train/kl,187,0.04222499951720238
actor/train/kl,188,0.017272792756557465
actor/train/kl,189,0.04795799404382706
actor/train/kl,190,0.0176724661141634
actor/train/kl,191,0.10462655872106552
actor/train/kl,192,0.03377719223499298
actor/train/kl,193,-0.0011502173729240894
actor/train/kl,194,0.07410166412591934
actor/train/kl,195,0.017888143658638
actor/train/kl,196,0.06630759686231613
actor/train/kl,197,0.012447318993508816
actor/train/kl,198,0.021562380716204643
actor/train/kl,199,0.03154420480132103
actor/train/kl,200,0.15164843201637268
actor/train/kl,201,0.021076761186122894
actor/train/kl,202,0.010188283398747444
actor/train/kl,203,0.054610978811979294
actor/train/kl,204,0.017020201310515404
actor/train/kl,205,0.09196280688047409
actor/train/kl,206,0.0014841104857623577
actor/train/kl,207,0.0058726053684949875
actor/train/kl,208,-5.197382051846944e-05
actor/train/kl,209,0.0054613035172224045
actor/train/kl,210,0.010292342863976955
actor/train/kl,211,0.10815055668354034
actor/train/kl,212,0.04442984610795975
actor/train/kl,213,0.0242949016392231
actor/train/kl,214,0.005845796782523394
actor/train/kl,215,0.002026127651333809
actor/train/kl,216,0.010221846401691437
actor/train/kl,217,0.057822782546281815
actor/train/kl,218,0.011571615003049374
actor/train/kl,219,0.0627523884177208
actor/train/kl,220,0.088296078145504
actor/train/kl,221,0.012209994718432426
actor/train/kl,222,0.02426622435450554
actor/train/kl,223,0.09855644404888153
actor/train/kl,224,0.004918497055768967
actor/train/kl,225,0.07775295525789261
actor/train/kl,226,0.031591303646564484
actor/train/kl,227,0.0636073425412178
actor/train/kl,228,0.06137289106845856
actor/train/kl,229,0.04377572983503342
actor/train/kl,230,0.02634001150727272
actor/train/kl,231,0.0764080211520195
actor/train/kl,232,0.047970566898584366
actor/train/kl,233,0.08130356669425964
actor/train/kl,234,0.010906592011451721
actor/train/kl,235,0.13331401348114014
actor/train/kl,236,0.03138174116611481
actor/train/kl,237,0.032368216663599014
actor/train/kl,238,0.08161640912294388
actor/train/kl,239,0.034133587032556534
actor/train/kl,240,0.06748148053884506
actor/train/kl,241,0.03944198414683342
actor/train/kl,242,0.10640982538461685
actor/train/kl,243,0.04822886362671852
actor/train/kl,244,0.05582159757614136
actor/train/kl,245,0.13334979116916656
actor/train/kl,246,0.08429713547229767
actor/train/kl,247,0.05970001220703125
actor/train/kl,248,0.017161373049020767
actor/train/kl,249,0.045003682374954224
actor/train/kl,250,0.05837573483586311
actor/train/kl,251,0.059468645602464676
actor/train/kl,252,0.024556409567594528
actor/train/kl,253,0.02676737867295742
actor/train/kl,254,0.08289067447185516
actor/train/kl,255,0.036058809608221054
actor/train/kl,256,0.11099424958229065
actor/train/kl,257,0.0404273085296154
actor/train/kl,258,0.08524900674819946
actor/train/kl,259,0.014854698441922665
actor/train/kl,260,0.0020390141289681196
actor/train/kl,261,0.0663410872220993
actor/train/kl,262,0.03671560436487198
actor/train/kl,263,0.014224830083549023
actor/train/kl,264,0.08174734562635422
actor/train/kl,265,0.014432074502110481
actor/train/kl,266,0.028024569153785706
actor/train/kl,267,0.20056429505348206
actor/train/kl,268,0.030582111328840256
actor/train/kl,269,0.07408636808395386
actor/train/kl,270,0.042231760919094086
actor/train/kl,271,0.129669189453125
actor/train/kl,272,0.09404952824115753
actor/train/kl,273,0.10847367346286774
actor/train/kl,274,0.09908852726221085
actor/train/kl,275,0.12557704746723175
actor/train/kl,276,0.014716074801981449
actor/train/kl,277,0.10240904241800308
actor/train/kl,278,0.06300552189350128
actor/train/kl,279,0.21261216700077057
actor/train/kl,280,0.12182275950908661
actor/train/kl,281,0.08446227014064789
actor/train/kl,282,0.09476461261510849
actor/train/kl,283,0.06844842433929443
actor/train/kl,284,0.156682550907135
actor/train/kl,285,0.11164547502994537
actor/train/kl,286,0.10324794054031372
actor/train/kl,287,0.0770116075873375
actor/train/kl,288,0.04306318983435631
actor/train/kl,289,0.04448331519961357
actor/train/kl,290,0.08958085626363754
actor/train/kl,291,0.07703940570354462
actor/train/kl,292,0.1002831757068634
actor/train/kl,293,0.157597616314888
actor/train/kl,294,0.08738566935062408
actor/train/kl,295,0.048486415296792984
actor/train/kl,296,0.05540919676423073
actor/train/kl,297,0.10189926624298096
actor/train/kl,298,0.023269636556506157
actor/train/kl,299,0.028195736929774284
actor/train/kl,300,0.09698369354009628
actor/train/kl,301,0.08656827360391617
actor/train/kl,302,0.06763241440057755
actor/train/kl,303,0.0633869394659996
actor/train/kl,304,0.03707822784781456
actor/train/kl,305,0.08808215707540512
actor/train/kl,306,0.040249742567539215
actor/train/kl,307,0.12983256578445435
actor/train/kl,308,0.07230237871408463
actor/train/kl,309,0.03907674551010132
actor/train/kl,310,0.04082648828625679
actor/train/kl,311,0.058201421052217484
actor/train/kl,312,0.10434659570455551
actor/train/kl,313,0.05497293919324875
actor/train/kl,314,0.028835033997893333
actor/train/kl,315,0.04685886576771736
actor/train/kl,316,0.04764510691165924
actor/train/kl,317,0.06065669283270836
actor/train/kl,318,0.16278114914894104
actor/train/pg_clipfrac,1,0.0
actor/train/pg_clipfrac,2,0.0
actor/train/pg_clipfrac,3,0.0
actor/train/pg_clipfrac,4,0.0
actor/train/pg_clipfrac,5,0.0
actor/train/pg_clipfrac,6,0.0
actor/train/pg_clipfrac,7,0.0
actor/train/pg_clipfrac,8,0.0
actor/train/pg_clipfrac,9,0.0
actor/train/pg_clipfrac,10,0.0
actor/train/pg_clipfrac,11,0.0
actor/train/pg_clipfrac,12,0.0
actor/train/pg_clipfrac,13,0.0
actor/train/pg_clipfrac,14,0.0
actor/train/pg_clipfrac,15,0.0
actor/train/pg_clipfrac,16,0.0
actor/train/pg_clipfrac,17,0.0
actor/train/pg_clipfrac,18,0.0
actor/train/pg_clipfrac,19,0.0
actor/train/pg_clipfrac,20,0.0
actor/train/pg_clipfrac,21,0.0
actor/train/pg_clipfrac,22,0.0
actor/train/pg_clipfrac,23,0.0
actor/train/pg_clipfrac,24,0.0
actor/train/pg_clipfrac,25,0.0
actor/train/pg_clipfrac,26,0.0
actor/train/pg_clipfrac,27,0.0
actor/train/pg_clipfrac,28,0.0
actor/train/pg_clipfrac,29,0.0
actor/train/pg_clipfrac,30,0.0
actor/train/pg_clipfrac,31,0.0
actor/train/pg_clipfrac,32,0.0
actor/train/pg_clipfrac,33,0.0
actor/train/pg_clipfrac,34,0.0
actor/train/pg_clipfrac,35,0.0
actor/train/pg_clipfrac,36,0.0
actor/train/pg_clipfrac,37,0.0
actor/train/pg_clipfrac,38,0.0
actor/train/pg_clipfrac,39,0.0
actor/train/pg_clipfrac,40,0.0
actor/train/pg_clipfrac,41,0.0
actor/train/pg_clipfrac,42,0.0
actor/train/pg_clipfrac,43,0.0
actor/train/pg_clipfrac,44,0.0
actor/train/pg_clipfrac,45,0.0
actor/train/pg_clipfrac,46,0.0
actor/train/pg_clipfrac,47,0.0
actor/train/pg_clipfrac,48,0.0
actor/train/pg_clipfrac,49,0.0
actor/train/pg_clipfrac,50,0.0
actor/train/pg_clipfrac,51,0.0
actor/train/pg_clipfrac,52,0.0
actor/train/pg_clipfrac,53,0.0
actor/train/pg_clipfrac,54,0.0
actor/train/pg_clipfrac,55,0.0
actor/train/pg_clipfrac,56,0.0
actor/train/pg_clipfrac,57,0.0
actor/train/pg_clipfrac,58,0.0
actor/train/pg_clipfrac,59,0.0
actor/train/pg_clipfrac,60,0.0
actor/train/pg_clipfrac,61,0.0
actor/train/pg_clipfrac,62,0.0
actor/train/pg_clipfrac,63,0.0
actor/train/pg_clipfrac,64,0.0
actor/train/pg_clipfrac,65,0.0
actor/train/pg_clipfrac,66,0.0
actor/train/pg_clipfrac,67,0.0
actor/train/pg_clipfrac,68,0.0
actor/train/pg_clipfrac,69,0.0
actor/train/pg_clipfrac,70,0.0
actor/train/pg_clipfrac,71,0.0
actor/train/pg_clipfrac,72,0.0
actor/train/pg_clipfrac,73,0.0
actor/train/pg_clipfrac,74,0.0
actor/train/pg_clipfrac,75,0.0
actor/train/pg_clipfrac,76,0.0
actor/train/pg_clipfrac,77,0.0
actor/train/pg_clipfrac,78,0.0
actor/train/pg_clipfrac,79,0.0
actor/train/pg_clipfrac,80,0.0
actor/train/pg_clipfrac,81,0.0
actor/train/pg_clipfrac,82,0.0
actor/train/pg_clipfrac,83,0.0
actor/train/pg_clipfrac,84,0.0
actor/train/pg_clipfrac,85,0.0
actor/train/pg_clipfrac,86,0.0
actor/train/pg_clipfrac,87,0.0
actor/train/pg_clipfrac,88,0.0
actor/train/pg_clipfrac,89,0.0
actor/train/pg_clipfrac,90,0.0
actor/train/pg_clipfrac,91,0.0
actor/train/pg_clipfrac,92,0.0
actor/train/pg_clipfrac,93,0.0
actor/train/pg_clipfrac,94,0.0
actor/train/pg_clipfrac,95,0.0
actor/train/pg_clipfrac,96,0.0
actor/train/pg_clipfrac,97,0.0
actor/train/pg_clipfrac,98,0.0
actor/train/pg_clipfrac,99,0.0
actor/train/pg_clipfrac,100,0.0
actor/train/pg_clipfrac,101,0.0
actor/train/pg_clipfrac,102,0.0
actor/train/pg_clipfrac,103,0.0
actor/train/pg_clipfrac,104,0.0
actor/train/pg_clipfrac,105,0.0
actor/train/pg_clipfrac,106,0.0
actor/train/pg_clipfrac,107,0.0
actor/train/pg_clipfrac,108,0.0
actor/train/pg_clipfrac,109,0.0
actor/train/pg_clipfrac,110,0.0
actor/train/pg_clipfrac,111,0.0
actor/train/pg_clipfrac,112,0.0
actor/train/pg_clipfrac,113,0.0
actor/train/pg_clipfrac,114,0.0
actor/train/pg_clipfrac,115,0.0
actor/train/pg_clipfrac,116,0.0
actor/train/pg_clipfrac,117,0.0
actor/train/pg_clipfrac,118,0.0
actor/train/pg_clipfrac,119,0.0
actor/train/pg_clipfrac,120,0.0
actor/train/pg_clipfrac,121,0.0
actor/train/pg_clipfrac,122,0.0
actor/train/pg_clipfrac,123,0.0
actor/train/pg_clipfrac,124,0.0
actor/train/pg_clipfrac,125,0.0
actor/train/pg_clipfrac,126,0.0
actor/train/pg_clipfrac,127,0.0
actor/train/pg_clipfrac,128,0.0
actor/train/pg_clipfrac,129,0.0
actor/train/pg_clipfrac,130,0.0
actor/train/pg_clipfrac,131,0.0
actor/train/pg_clipfrac,132,0.0
actor/train/pg_clipfrac,133,0.0
actor/train/pg_clipfrac,134,0.0
actor/train/pg_clipfrac,135,0.0
actor/train/pg_clipfrac,136,0.0
actor/train/pg_clipfrac,137,0.0
actor/train/pg_clipfrac,138,0.0
actor/train/pg_clipfrac,139,0.0
actor/train/pg_clipfrac,140,0.0
actor/train/pg_clipfrac,141,0.0
actor/train/pg_clipfrac,142,0.0
actor/train/pg_clipfrac,143,0.0
actor/train/pg_clipfrac,144,0.0
actor/train/pg_clipfrac,145,0.0
actor/train/pg_clipfrac,146,0.0
actor/train/pg_clipfrac,147,0.0
actor/train/pg_clipfrac,148,0.0
actor/train/pg_clipfrac,149,0.0
actor/train/pg_clipfrac,150,0.0
actor/train/pg_clipfrac,151,0.0
actor/train/pg_clipfrac,152,0.0
actor/train/pg_clipfrac,153,0.0
actor/train/pg_clipfrac,154,0.0
actor/train/pg_clipfrac,155,0.0
actor/train/pg_clipfrac,156,0.0
actor/train/pg_clipfrac,157,0.0
actor/train/pg_clipfrac,158,0.0
actor/train/pg_clipfrac,159,0.0
actor/train/pg_clipfrac,160,0.0
actor/train/pg_clipfrac,161,0.0
actor/train/pg_clipfrac,162,0.0
actor/train/pg_clipfrac,163,0.0
actor/train/pg_clipfrac,164,0.0
actor/train/pg_clipfrac,165,0.0
actor/train/pg_clipfrac,166,0.0
actor/train/pg_clipfrac,167,0.0
actor/train/pg_clipfrac,168,0.0
actor/train/pg_clipfrac,169,0.0
actor/train/pg_clipfrac,170,0.0
actor/train/pg_clipfrac,171,0.0
actor/train/pg_clipfrac,172,0.0
actor/train/pg_clipfrac,173,0.0
actor/train/pg_clipfrac,174,0.0
actor/train/pg_clipfrac,175,0.0
actor/train/pg_clipfrac,176,0.0
actor/train/pg_clipfrac,177,0.0
actor/train/pg_clipfrac,178,0.0
actor/train/pg_clipfrac,179,0.0
actor/train/pg_clipfrac,180,0.0
actor/train/pg_clipfrac,181,0.0
actor/train/pg_clipfrac,182,0.0
actor/train/pg_clipfrac,183,0.0
actor/train/pg_clipfrac,184,0.0
actor/train/pg_clipfrac,185,0.0
actor/train/pg_clipfrac,186,0.0
actor/train/pg_clipfrac,187,0.0
actor/train/pg_clipfrac,188,0.0
actor/train/pg_clipfrac,189,0.0
actor/train/pg_clipfrac,190,0.0
actor/train/pg_clipfrac,191,0.0
actor/train/pg_clipfrac,192,0.0
actor/train/pg_clipfrac,193,0.0
actor/train/pg_clipfrac,194,0.0
actor/train/pg_clipfrac,195,0.0
actor/train/pg_clipfrac,196,0.0
actor/train/pg_clipfrac,197,0.0
actor/train/pg_clipfrac,198,0.0
actor/train/pg_clipfrac,199,0.0
actor/train/pg_clipfrac,200,0.0
actor/train/pg_clipfrac,201,0.0
actor/train/pg_clipfrac,202,0.0
actor/train/pg_clipfrac,203,0.0
actor/train/pg_clipfrac,204,0.0
actor/train/pg_clipfrac,205,0.0
actor/train/pg_clipfrac,206,0.0
actor/train/pg_clipfrac,207,0.0
actor/train/pg_clipfrac,208,0.0
actor/train/pg_clipfrac,209,0.0
actor/train/pg_clipfrac,210,0.0
actor/train/pg_clipfrac,211,0.0
actor/train/pg_clipfrac,212,0.0
actor/train/pg_clipfrac,213,0.0
actor/train/pg_clipfrac,214,0.0
actor/train/pg_clipfrac,215,0.0
actor/train/pg_clipfrac,216,0.0
actor/train/pg_clipfrac,217,0.0
actor/train/pg_clipfrac,218,0.0
actor/train/pg_clipfrac,219,0.0
actor/train/pg_clipfrac,220,0.0
actor/train/pg_clipfrac,221,0.0
actor/train/pg_clipfrac,222,0.0
actor/train/pg_clipfrac,223,0.0
actor/train/pg_clipfrac,224,0.0
actor/train/pg_clipfrac,225,0.0
actor/train/pg_clipfrac,226,0.0
actor/train/pg_clipfrac,227,0.0
actor/train/pg_clipfrac,228,0.0
actor/train/pg_clipfrac,229,0.0
actor/train/pg_clipfrac,230,0.0
actor/train/pg_clipfrac,231,0.0
actor/train/pg_clipfrac,232,0.0
actor/train/pg_clipfrac,233,0.0
actor/train/pg_clipfrac,234,0.0
actor/train/pg_clipfrac,235,0.0
actor/train/pg_clipfrac,236,0.0
actor/train/pg_clipfrac,237,0.0
actor/train/pg_clipfrac,238,0.0
actor/train/pg_clipfrac,239,0.0
actor/train/pg_clipfrac,240,0.0
actor/train/pg_clipfrac,241,0.0
actor/train/pg_clipfrac,242,0.0
actor/train/pg_clipfrac,243,0.0
actor/train/pg_clipfrac,244,0.0
actor/train/pg_clipfrac,245,0.0
actor/train/pg_clipfrac,246,0.0
actor/train/pg_clipfrac,247,0.0
actor/train/pg_clipfrac,248,0.0
actor/train/pg_clipfrac,249,0.0
actor/train/pg_clipfrac,250,0.0
actor/train/pg_clipfrac,251,0.0
actor/train/pg_clipfrac,252,0.0
actor/train/pg_clipfrac,253,0.0
actor/train/pg_clipfrac,254,0.0
actor/train/pg_clipfrac,255,0.0
actor/train/pg_clipfrac,256,0.0
actor/train/pg_clipfrac,257,0.0
actor/train/pg_clipfrac,258,0.0
actor/train/pg_clipfrac,259,0.0
actor/train/pg_clipfrac,260,0.0
actor/train/pg_clipfrac,261,0.0
actor/train/pg_clipfrac,262,0.0
actor/train/pg_clipfrac,263,0.0
actor/train/pg_clipfrac,264,0.0
actor/train/pg_clipfrac,265,0.0
actor/train/pg_clipfrac,266,0.0
actor/train/pg_clipfrac,267,0.0
actor/train/pg_clipfrac,268,0.0
actor/train/pg_clipfrac,269,0.0
actor/train/pg_clipfrac,270,0.0
actor/train/pg_clipfrac,271,0.0
actor/train/pg_clipfrac,272,0.0
actor/train/pg_clipfrac,273,0.0
actor/train/pg_clipfrac,274,0.0
actor/train/pg_clipfrac,275,0.0
actor/train/pg_clipfrac,276,0.0
actor/train/pg_clipfrac,277,0.0
actor/train/pg_clipfrac,278,0.0
actor/train/pg_clipfrac,279,0.0
actor/train/pg_clipfrac,280,0.0
actor/train/pg_clipfrac,281,0.0
actor/train/pg_clipfrac,282,0.0
actor/train/pg_clipfrac,283,0.0
actor/train/pg_clipfrac,284,0.0
actor/train/pg_clipfrac,285,0.0
actor/train/pg_clipfrac,286,0.0
actor/train/pg_clipfrac,287,0.0
actor/train/pg_clipfrac,288,0.0
actor/train/pg_clipfrac,289,0.0
actor/train/pg_clipfrac,290,0.0
actor/train/pg_clipfrac,291,0.0
actor/train/pg_clipfrac,292,0.0
actor/train/pg_clipfrac,293,0.0
actor/train/pg_clipfrac,294,0.0
actor/train/pg_clipfrac,295,0.0
actor/train/pg_clipfrac,296,0.0
actor/train/pg_clipfrac,297,0.0
actor/train/pg_clipfrac,298,0.0
actor/train/pg_clipfrac,299,0.0
actor/train/pg_clipfrac,300,0.0
actor/train/pg_clipfrac,301,0.0
actor/train/pg_clipfrac,302,0.0
actor/train/pg_clipfrac,303,0.0
actor/train/pg_clipfrac,304,0.0
actor/train/pg_clipfrac,305,0.0
actor/train/pg_clipfrac,306,0.0
actor/train/pg_clipfrac,307,0.0
actor/train/pg_clipfrac,308,0.0
actor/train/pg_clipfrac,309,0.0
actor/train/pg_clipfrac,310,0.0
actor/train/pg_clipfrac,311,0.0
actor/train/pg_clipfrac,312,0.0
actor/train/pg_clipfrac,313,0.0
actor/train/pg_clipfrac,314,0.0
actor/train/pg_clipfrac,315,0.0
actor/train/pg_clipfrac,316,0.0
actor/train/pg_clipfrac,317,0.0
actor/train/pg_clipfrac,318,0.0
